ISO-10303-21;
HEADER;
/* Generated by software containing ST-Developer
 * from STEP Tools, Inc. (www.steptools.com) 
 */

FILE_DESCRIPTION(
/* description */ (''),
/* implementation_level */ '2;1');

FILE_NAME(
/* name */ 'Microhard Case.step',
/* time_stamp */ '2026-04-13T14:14:28-06:00',
/* author */ (''),
/* organization */ (''),
/* preprocessor_version */ 'ST-DEVELOPER v20.1',
/* originating_system */ 'Autodesk Translation Framework v14.24.0.0',
/* authorisation */ '');

FILE_SCHEMA (('AUTOMOTIVE_DESIGN { 1 0 10303 214 3 1 1 }'));
ENDSEC;

DATA;
#10=MECHANICAL_DESIGN_GEOMETRIC_PRESENTATION_REPRESENTATION('',(#13,#14),
#6383);
#11=SHAPE_REPRESENTATION_RELATIONSHIP('SRR','None',#6389,#12);
#12=ADVANCED_BREP_SHAPE_REPRESENTATION('',(#15,#16),#6382);
#13=STYLED_ITEM('',(#6398),#15);
#14=STYLED_ITEM('',(#6398),#16);
#15=MANIFOLD_SOLID_BREP('Bottom Case',#4038);
#16=MANIFOLD_SOLID_BREP('Top Case',#4039);
#17=FACE_BOUND('',#377,.T.);
#18=FACE_BOUND('',#378,.T.);
#19=FACE_BOUND('',#382,.T.);
#20=FACE_BOUND('',#383,.T.);
#21=FACE_BOUND('',#384,.T.);
#22=FACE_BOUND('',#385,.T.);
#23=FACE_BOUND('',#386,.T.);
#24=FACE_BOUND('',#387,.T.);
#25=FACE_BOUND('',#388,.T.);
#26=FACE_BOUND('',#389,.T.);
#27=FACE_BOUND('',#390,.T.);
#28=FACE_BOUND('',#391,.T.);
#29=FACE_BOUND('',#392,.T.);
#30=FACE_BOUND('',#393,.T.);
#31=FACE_BOUND('',#394,.T.);
#32=FACE_BOUND('',#395,.T.);
#33=FACE_BOUND('',#396,.T.);
#34=FACE_BOUND('',#449,.T.);
#35=FACE_BOUND('',#451,.T.);
#36=FACE_BOUND('',#478,.T.);
#37=FACE_BOUND('',#479,.T.);
#38=FACE_BOUND('',#522,.T.);
#39=FACE_BOUND('',#523,.T.);
#40=FACE_BOUND('',#524,.T.);
#41=FACE_BOUND('',#525,.T.);
#42=FACE_BOUND('',#526,.T.);
#43=FACE_BOUND('',#527,.T.);
#44=FACE_BOUND('',#528,.T.);
#45=FACE_BOUND('',#529,.T.);
#46=FACE_BOUND('',#530,.T.);
#47=FACE_BOUND('',#531,.T.);
#48=FACE_BOUND('',#557,.T.);
#49=FACE_BOUND('',#558,.T.);
#50=FACE_BOUND('',#577,.T.);
#51=FACE_BOUND('',#578,.T.);
#52=FACE_BOUND('',#579,.T.);
#53=FACE_BOUND('',#580,.T.);
#54=PLANE('',#4044);
#55=PLANE('',#4045);
#56=PLANE('',#4053);
#57=PLANE('',#4054);
#58=PLANE('',#4062);
#59=PLANE('',#4064);
#60=PLANE('',#4065);
#61=PLANE('',#4066);
#62=PLANE('',#4067);
#63=PLANE('',#4068);
#64=PLANE('',#4069);
#65=PLANE('',#4070);
#66=PLANE('',#4071);
#67=PLANE('',#4072);
#68=PLANE('',#4073);
#69=PLANE('',#4074);
#70=PLANE('',#4075);
#71=PLANE('',#4076);
#72=PLANE('',#4077);
#73=PLANE('',#4078);
#74=PLANE('',#4079);
#75=PLANE('',#4080);
#76=PLANE('',#4081);
#77=PLANE('',#4082);
#78=PLANE('',#4083);
#79=PLANE('',#4084);
#80=PLANE('',#4085);
#81=PLANE('',#4086);
#82=PLANE('',#4087);
#83=PLANE('',#4088);
#84=PLANE('',#4089);
#85=PLANE('',#4090);
#86=PLANE('',#4091);
#87=PLANE('',#4092);
#88=PLANE('',#4093);
#89=PLANE('',#4094);
#90=PLANE('',#4095);
#91=PLANE('',#4096);
#92=PLANE('',#4097);
#93=PLANE('',#4098);
#94=PLANE('',#4099);
#95=PLANE('',#4100);
#96=PLANE('',#4101);
#97=PLANE('',#4102);
#98=PLANE('',#4103);
#99=PLANE('',#4104);
#100=PLANE('',#4105);
#101=PLANE('',#4106);
#102=PLANE('',#4107);
#103=PLANE('',#4108);
#104=PLANE('',#4109);
#105=PLANE('',#4110);
#106=PLANE('',#4111);
#107=PLANE('',#4112);
#108=PLANE('',#4114);
#109=PLANE('',#4116);
#110=PLANE('',#4117);
#111=PLANE('',#4118);
#112=PLANE('',#4119);
#113=PLANE('',#4124);
#114=PLANE('',#4125);
#115=PLANE('',#4126);
#116=PLANE('',#4127);
#117=PLANE('',#4128);
#118=PLANE('',#4129);
#119=PLANE('',#4130);
#120=PLANE('',#4131);
#121=PLANE('',#4132);
#122=PLANE('',#4136);
#123=PLANE('',#4137);
#124=PLANE('',#4143);
#125=PLANE('',#4146);
#126=PLANE('',#4149);
#127=PLANE('',#4159);
#128=PLANE('',#4160);
#129=PLANE('',#4161);
#130=PLANE('',#4162);
#131=PLANE('',#4163);
#132=PLANE('',#4164);
#133=PLANE('',#4165);
#134=PLANE('',#4166);
#135=PLANE('',#4167);
#136=PLANE('',#4168);
#137=PLANE('',#4169);
#138=PLANE('',#4170);
#139=PLANE('',#4171);
#140=PLANE('',#4172);
#141=PLANE('',#4173);
#142=PLANE('',#4174);
#143=PLANE('',#4175);
#144=PLANE('',#4176);
#145=PLANE('',#4177);
#146=PLANE('',#4178);
#147=PLANE('',#4179);
#148=PLANE('',#4180);
#149=PLANE('',#4181);
#150=PLANE('',#4182);
#151=PLANE('',#4183);
#152=PLANE('',#4184);
#153=PLANE('',#4185);
#154=PLANE('',#4186);
#155=PLANE('',#4187);
#156=PLANE('',#4188);
#157=PLANE('',#4189);
#158=PLANE('',#4190);
#159=PLANE('',#4191);
#160=PLANE('',#4192);
#161=PLANE('',#4193);
#162=PLANE('',#4194);
#163=PLANE('',#4195);
#164=PLANE('',#4196);
#165=PLANE('',#4197);
#166=PLANE('',#4198);
#167=PLANE('',#4199);
#168=PLANE('',#4200);
#169=PLANE('',#4208);
#170=PLANE('',#4209);
#171=PLANE('',#4210);
#172=PLANE('',#4211);
#173=PLANE('',#4212);
#174=PLANE('',#4213);
#175=PLANE('',#4214);
#176=PLANE('',#4215);
#177=PLANE('',#4216);
#178=PLANE('',#4217);
#179=PLANE('',#4218);
#180=PLANE('',#4219);
#181=PLANE('',#4222);
#182=PLANE('',#4225);
#183=PLANE('',#4226);
#184=PLANE('',#4227);
#185=PLANE('',#4230);
#186=PLANE('',#4233);
#187=PLANE('',#4234);
#188=PLANE('',#4235);
#189=PLANE('',#4236);
#190=PLANE('',#4237);
#191=PLANE('',#4238);
#192=PLANE('',#4239);
#193=PLANE('',#4240);
#194=PLANE('',#4241);
#195=PLANE('',#4242);
#196=PLANE('',#4243);
#197=PLANE('',#4244);
#198=PLANE('',#4253);
#199=PLANE('',#4254);
#200=PLANE('',#4255);
#201=PLANE('',#4256);
#202=PLANE('',#4257);
#203=PLANE('',#4258);
#204=FACE_OUTER_BOUND('',#374,.T.);
#205=FACE_OUTER_BOUND('',#375,.T.);
#206=FACE_OUTER_BOUND('',#376,.T.);
#207=FACE_OUTER_BOUND('',#379,.T.);
#208=FACE_OUTER_BOUND('',#380,.T.);
#209=FACE_OUTER_BOUND('',#381,.T.);
#210=FACE_OUTER_BOUND('',#397,.T.);
#211=FACE_OUTER_BOUND('',#398,.T.);
#212=FACE_OUTER_BOUND('',#399,.T.);
#213=FACE_OUTER_BOUND('',#400,.T.);
#214=FACE_OUTER_BOUND('',#401,.T.);
#215=FACE_OUTER_BOUND('',#402,.T.);
#216=FACE_OUTER_BOUND('',#403,.T.);
#217=FACE_OUTER_BOUND('',#404,.T.);
#218=FACE_OUTER_BOUND('',#405,.T.);
#219=FACE_OUTER_BOUND('',#406,.T.);
#220=FACE_OUTER_BOUND('',#407,.T.);
#221=FACE_OUTER_BOUND('',#408,.T.);
#222=FACE_OUTER_BOUND('',#409,.T.);
#223=FACE_OUTER_BOUND('',#410,.T.);
#224=FACE_OUTER_BOUND('',#411,.T.);
#225=FACE_OUTER_BOUND('',#412,.T.);
#226=FACE_OUTER_BOUND('',#413,.T.);
#227=FACE_OUTER_BOUND('',#414,.T.);
#228=FACE_OUTER_BOUND('',#415,.T.);
#229=FACE_OUTER_BOUND('',#416,.T.);
#230=FACE_OUTER_BOUND('',#417,.T.);
#231=FACE_OUTER_BOUND('',#418,.T.);
#232=FACE_OUTER_BOUND('',#419,.T.);
#233=FACE_OUTER_BOUND('',#420,.T.);
#234=FACE_OUTER_BOUND('',#421,.T.);
#235=FACE_OUTER_BOUND('',#422,.T.);
#236=FACE_OUTER_BOUND('',#423,.T.);
#237=FACE_OUTER_BOUND('',#424,.T.);
#238=FACE_OUTER_BOUND('',#425,.T.);
#239=FACE_OUTER_BOUND('',#426,.T.);
#240=FACE_OUTER_BOUND('',#427,.T.);
#241=FACE_OUTER_BOUND('',#428,.T.);
#242=FACE_OUTER_BOUND('',#429,.T.);
#243=FACE_OUTER_BOUND('',#430,.T.);
#244=FACE_OUTER_BOUND('',#431,.T.);
#245=FACE_OUTER_BOUND('',#432,.T.);
#246=FACE_OUTER_BOUND('',#433,.T.);
#247=FACE_OUTER_BOUND('',#434,.T.);
#248=FACE_OUTER_BOUND('',#435,.T.);
#249=FACE_OUTER_BOUND('',#436,.T.);
#250=FACE_OUTER_BOUND('',#437,.T.);
#251=FACE_OUTER_BOUND('',#438,.T.);
#252=FACE_OUTER_BOUND('',#439,.T.);
#253=FACE_OUTER_BOUND('',#440,.T.);
#254=FACE_OUTER_BOUND('',#441,.T.);
#255=FACE_OUTER_BOUND('',#442,.T.);
#256=FACE_OUTER_BOUND('',#443,.T.);
#257=FACE_OUTER_BOUND('',#444,.T.);
#258=FACE_OUTER_BOUND('',#445,.T.);
#259=FACE_OUTER_BOUND('',#446,.T.);
#260=FACE_OUTER_BOUND('',#447,.T.);
#261=FACE_OUTER_BOUND('',#448,.T.);
#262=FACE_OUTER_BOUND('',#450,.T.);
#263=FACE_OUTER_BOUND('',#452,.T.);
#264=FACE_OUTER_BOUND('',#453,.T.);
#265=FACE_OUTER_BOUND('',#454,.T.);
#266=FACE_OUTER_BOUND('',#455,.T.);
#267=FACE_OUTER_BOUND('',#456,.T.);
#268=FACE_OUTER_BOUND('',#457,.T.);
#269=FACE_OUTER_BOUND('',#458,.T.);
#270=FACE_OUTER_BOUND('',#459,.T.);
#271=FACE_OUTER_BOUND('',#460,.T.);
#272=FACE_OUTER_BOUND('',#461,.T.);
#273=FACE_OUTER_BOUND('',#462,.T.);
#274=FACE_OUTER_BOUND('',#463,.T.);
#275=FACE_OUTER_BOUND('',#464,.T.);
#276=FACE_OUTER_BOUND('',#465,.T.);
#277=FACE_OUTER_BOUND('',#466,.T.);
#278=FACE_OUTER_BOUND('',#467,.T.);
#279=FACE_OUTER_BOUND('',#468,.T.);
#280=FACE_OUTER_BOUND('',#469,.T.);
#281=FACE_OUTER_BOUND('',#470,.T.);
#282=FACE_OUTER_BOUND('',#471,.T.);
#283=FACE_OUTER_BOUND('',#472,.T.);
#284=FACE_OUTER_BOUND('',#473,.T.);
#285=FACE_OUTER_BOUND('',#474,.T.);
#286=FACE_OUTER_BOUND('',#475,.T.);
#287=FACE_OUTER_BOUND('',#476,.T.);
#288=FACE_OUTER_BOUND('',#477,.T.);
#289=FACE_OUTER_BOUND('',#480,.T.);
#290=FACE_OUTER_BOUND('',#481,.T.);
#291=FACE_OUTER_BOUND('',#482,.T.);
#292=FACE_OUTER_BOUND('',#483,.T.);
#293=FACE_OUTER_BOUND('',#484,.T.);
#294=FACE_OUTER_BOUND('',#485,.T.);
#295=FACE_OUTER_BOUND('',#486,.T.);
#296=FACE_OUTER_BOUND('',#487,.T.);
#297=FACE_OUTER_BOUND('',#488,.T.);
#298=FACE_OUTER_BOUND('',#489,.T.);
#299=FACE_OUTER_BOUND('',#490,.T.);
#300=FACE_OUTER_BOUND('',#491,.T.);
#301=FACE_OUTER_BOUND('',#492,.T.);
#302=FACE_OUTER_BOUND('',#493,.T.);
#303=FACE_OUTER_BOUND('',#494,.T.);
#304=FACE_OUTER_BOUND('',#495,.T.);
#305=FACE_OUTER_BOUND('',#496,.T.);
#306=FACE_OUTER_BOUND('',#497,.T.);
#307=FACE_OUTER_BOUND('',#498,.T.);
#308=FACE_OUTER_BOUND('',#499,.T.);
#309=FACE_OUTER_BOUND('',#500,.T.);
#310=FACE_OUTER_BOUND('',#501,.T.);
#311=FACE_OUTER_BOUND('',#502,.T.);
#312=FACE_OUTER_BOUND('',#503,.T.);
#313=FACE_OUTER_BOUND('',#504,.T.);
#314=FACE_OUTER_BOUND('',#505,.T.);
#315=FACE_OUTER_BOUND('',#506,.T.);
#316=FACE_OUTER_BOUND('',#507,.T.);
#317=FACE_OUTER_BOUND('',#508,.T.);
#318=FACE_OUTER_BOUND('',#509,.T.);
#319=FACE_OUTER_BOUND('',#510,.T.);
#320=FACE_OUTER_BOUND('',#511,.T.);
#321=FACE_OUTER_BOUND('',#512,.T.);
#322=FACE_OUTER_BOUND('',#513,.T.);
#323=FACE_OUTER_BOUND('',#514,.T.);
#324=FACE_OUTER_BOUND('',#515,.T.);
#325=FACE_OUTER_BOUND('',#516,.T.);
#326=FACE_OUTER_BOUND('',#517,.T.);
#327=FACE_OUTER_BOUND('',#518,.T.);
#328=FACE_OUTER_BOUND('',#519,.T.);
#329=FACE_OUTER_BOUND('',#520,.T.);
#330=FACE_OUTER_BOUND('',#521,.T.);
#331=FACE_OUTER_BOUND('',#532,.T.);
#332=FACE_OUTER_BOUND('',#533,.T.);
#333=FACE_OUTER_BOUND('',#534,.T.);
#334=FACE_OUTER_BOUND('',#535,.T.);
#335=FACE_OUTER_BOUND('',#536,.T.);
#336=FACE_OUTER_BOUND('',#537,.T.);
#337=FACE_OUTER_BOUND('',#538,.T.);
#338=FACE_OUTER_BOUND('',#539,.T.);
#339=FACE_OUTER_BOUND('',#540,.T.);
#340=FACE_OUTER_BOUND('',#541,.T.);
#341=FACE_OUTER_BOUND('',#542,.T.);
#342=FACE_OUTER_BOUND('',#543,.T.);
#343=FACE_OUTER_BOUND('',#544,.T.);
#344=FACE_OUTER_BOUND('',#545,.T.);
#345=FACE_OUTER_BOUND('',#546,.T.);
#346=FACE_OUTER_BOUND('',#547,.T.);
#347=FACE_OUTER_BOUND('',#548,.T.);
#348=FACE_OUTER_BOUND('',#549,.T.);
#349=FACE_OUTER_BOUND('',#550,.T.);
#350=FACE_OUTER_BOUND('',#551,.T.);
#351=FACE_OUTER_BOUND('',#552,.T.);
#352=FACE_OUTER_BOUND('',#553,.T.);
#353=FACE_OUTER_BOUND('',#554,.T.);
#354=FACE_OUTER_BOUND('',#555,.T.);
#355=FACE_OUTER_BOUND('',#556,.T.);
#356=FACE_OUTER_BOUND('',#559,.T.);
#357=FACE_OUTER_BOUND('',#560,.T.);
#358=FACE_OUTER_BOUND('',#561,.T.);
#359=FACE_OUTER_BOUND('',#562,.T.);
#360=FACE_OUTER_BOUND('',#563,.T.);
#361=FACE_OUTER_BOUND('',#564,.T.);
#362=FACE_OUTER_BOUND('',#565,.T.);
#363=FACE_OUTER_BOUND('',#566,.T.);
#364=FACE_OUTER_BOUND('',#567,.T.);
#365=FACE_OUTER_BOUND('',#568,.T.);
#366=FACE_OUTER_BOUND('',#569,.T.);
#367=FACE_OUTER_BOUND('',#570,.T.);
#368=FACE_OUTER_BOUND('',#571,.T.);
#369=FACE_OUTER_BOUND('',#572,.T.);
#370=FACE_OUTER_BOUND('',#573,.T.);
#371=FACE_OUTER_BOUND('',#574,.T.);
#372=FACE_OUTER_BOUND('',#575,.T.);
#373=FACE_OUTER_BOUND('',#576,.T.);
#374=EDGE_LOOP('',(#2678,#2679,#2680,#2681));
#375=EDGE_LOOP('',(#2682,#2683,#2684,#2685));
#376=EDGE_LOOP('',(#2686,#2687,#2688,#2689,#2690,#2691,#2692,#2693,#2694,
#2695,#2696,#2697,#2698,#2699,#2700,#2701,#2702,#2703,#2704,#2705,#2706,
#2707,#2708,#2709,#2710,#2711));
#377=EDGE_LOOP('',(#2712));
#378=EDGE_LOOP('',(#2713));
#379=EDGE_LOOP('',(#2714,#2715,#2716,#2717));
#380=EDGE_LOOP('',(#2718,#2719,#2720,#2721));
#381=EDGE_LOOP('',(#2722,#2723,#2724,#2725,#2726,#2727,#2728,#2729,#2730,
#2731,#2732,#2733));
#382=EDGE_LOOP('',(#2734,#2735,#2736,#2737,#2738));
#383=EDGE_LOOP('',(#2739,#2740,#2741,#2742));
#384=EDGE_LOOP('',(#2743,#2744,#2745,#2746));
#385=EDGE_LOOP('',(#2747,#2748,#2749,#2750,#2751,#2752));
#386=EDGE_LOOP('',(#2753,#2754,#2755,#2756));
#387=EDGE_LOOP('',(#2757,#2758,#2759,#2760));
#388=EDGE_LOOP('',(#2761,#2762,#2763,#2764));
#389=EDGE_LOOP('',(#2765,#2766,#2767,#2768));
#390=EDGE_LOOP('',(#2769,#2770,#2771,#2772,#2773));
#391=EDGE_LOOP('',(#2774,#2775,#2776,#2777));
#392=EDGE_LOOP('',(#2778,#2779,#2780,#2781));
#393=EDGE_LOOP('',(#2782));
#394=EDGE_LOOP('',(#2783));
#395=EDGE_LOOP('',(#2784));
#396=EDGE_LOOP('',(#2785));
#397=EDGE_LOOP('',(#2786,#2787,#2788,#2789));
#398=EDGE_LOOP('',(#2790,#2791,#2792,#2793));
#399=EDGE_LOOP('',(#2794,#2795,#2796,#2797));
#400=EDGE_LOOP('',(#2798,#2799,#2800,#2801));
#401=EDGE_LOOP('',(#2802,#2803,#2804,#2805));
#402=EDGE_LOOP('',(#2806,#2807,#2808,#2809));
#403=EDGE_LOOP('',(#2810,#2811,#2812,#2813));
#404=EDGE_LOOP('',(#2814,#2815,#2816,#2817));
#405=EDGE_LOOP('',(#2818,#2819,#2820,#2821));
#406=EDGE_LOOP('',(#2822,#2823,#2824,#2825));
#407=EDGE_LOOP('',(#2826,#2827,#2828,#2829));
#408=EDGE_LOOP('',(#2830,#2831,#2832,#2833));
#409=EDGE_LOOP('',(#2834,#2835,#2836,#2837));
#410=EDGE_LOOP('',(#2838,#2839,#2840,#2841));
#411=EDGE_LOOP('',(#2842,#2843,#2844,#2845));
#412=EDGE_LOOP('',(#2846,#2847,#2848,#2849));
#413=EDGE_LOOP('',(#2850,#2851,#2852,#2853));
#414=EDGE_LOOP('',(#2854,#2855,#2856,#2857));
#415=EDGE_LOOP('',(#2858,#2859,#2860,#2861));
#416=EDGE_LOOP('',(#2862,#2863,#2864,#2865));
#417=EDGE_LOOP('',(#2866,#2867,#2868,#2869));
#418=EDGE_LOOP('',(#2870,#2871,#2872,#2873));
#419=EDGE_LOOP('',(#2874,#2875,#2876,#2877));
#420=EDGE_LOOP('',(#2878,#2879,#2880,#2881));
#421=EDGE_LOOP('',(#2882,#2883,#2884,#2885));
#422=EDGE_LOOP('',(#2886,#2887,#2888,#2889));
#423=EDGE_LOOP('',(#2890,#2891,#2892,#2893));
#424=EDGE_LOOP('',(#2894,#2895,#2896,#2897));
#425=EDGE_LOOP('',(#2898,#2899,#2900,#2901));
#426=EDGE_LOOP('',(#2902,#2903,#2904,#2905));
#427=EDGE_LOOP('',(#2906,#2907,#2908));
#428=EDGE_LOOP('',(#2909,#2910,#2911,#2912,#2913));
#429=EDGE_LOOP('',(#2914,#2915,#2916,#2917));
#430=EDGE_LOOP('',(#2918,#2919,#2920,#2921));
#431=EDGE_LOOP('',(#2922,#2923,#2924,#2925,#2926));
#432=EDGE_LOOP('',(#2927,#2928,#2929,#2930,#2931,#2932,#2933,#2934,#2935,
#2936,#2937,#2938,#2939,#2940,#2941,#2942,#2943,#2944,#2945));
#433=EDGE_LOOP('',(#2946,#2947,#2948,#2949,#2950,#2951));
#434=EDGE_LOOP('',(#2952,#2953,#2954,#2955,#2956,#2957));
#435=EDGE_LOOP('',(#2958,#2959,#2960,#2961));
#436=EDGE_LOOP('',(#2962,#2963,#2964,#2965));
#437=EDGE_LOOP('',(#2966,#2967,#2968,#2969));
#438=EDGE_LOOP('',(#2970,#2971,#2972,#2973));
#439=EDGE_LOOP('',(#2974,#2975,#2976,#2977,#2978,#2979));
#440=EDGE_LOOP('',(#2980,#2981,#2982,#2983,#2984,#2985));
#441=EDGE_LOOP('',(#2986,#2987,#2988,#2989));
#442=EDGE_LOOP('',(#2990,#2991,#2992,#2993));
#443=EDGE_LOOP('',(#2994,#2995,#2996,#2997));
#444=EDGE_LOOP('',(#2998,#2999,#3000,#3001));
#445=EDGE_LOOP('',(#3002,#3003,#3004,#3005));
#446=EDGE_LOOP('',(#3006,#3007,#3008,#3009));
#447=EDGE_LOOP('',(#3010,#3011,#3012,#3013,#3014,#3015,#3016,#3017,#3018,
#3019,#3020,#3021));
#448=EDGE_LOOP('',(#3022,#3023,#3024,#3025));
#449=EDGE_LOOP('',(#3026));
#450=EDGE_LOOP('',(#3027,#3028,#3029,#3030));
#451=EDGE_LOOP('',(#3031));
#452=EDGE_LOOP('',(#3032,#3033,#3034,#3035));
#453=EDGE_LOOP('',(#3036,#3037,#3038,#3039));
#454=EDGE_LOOP('',(#3040,#3041,#3042,#3043,#3044,#3045));
#455=EDGE_LOOP('',(#3046,#3047,#3048,#3049));
#456=EDGE_LOOP('',(#3050,#3051,#3052,#3053));
#457=EDGE_LOOP('',(#3054,#3055,#3056,#3057));
#458=EDGE_LOOP('',(#3058,#3059,#3060,#3061));
#459=EDGE_LOOP('',(#3062,#3063,#3064,#3065));
#460=EDGE_LOOP('',(#3066,#3067,#3068,#3069,#3070,#3071,#3072,#3073));
#461=EDGE_LOOP('',(#3074,#3075,#3076,#3077,#3078,#3079));
#462=EDGE_LOOP('',(#3080,#3081,#3082,#3083,#3084,#3085,#3086,#3087,#3088,
#3089,#3090,#3091,#3092,#3093,#3094,#3095,#3096,#3097,#3098,#3099,#3100,
#3101,#3102,#3103,#3104,#3105,#3106,#3107));
#463=EDGE_LOOP('',(#3108,#3109,#3110,#3111));
#464=EDGE_LOOP('',(#3112,#3113,#3114,#3115,#3116,#3117,#3118,#3119,#3120,
#3121,#3122,#3123));
#465=EDGE_LOOP('',(#3124,#3125,#3126,#3127,#3128,#3129,#3130,#3131,#3132,
#3133,#3134,#3135,#3136,#3137,#3138,#3139,#3140,#3141,#3142));
#466=EDGE_LOOP('',(#3143,#3144,#3145,#3146,#3147,#3148,#3149,#3150,#3151,
#3152,#3153));
#467=EDGE_LOOP('',(#3154,#3155,#3156,#3157,#3158,#3159,#3160,#3161));
#468=EDGE_LOOP('',(#3162,#3163,#3164,#3165,#3166,#3167,#3168,#3169,#3170,
#3171,#3172,#3173,#3174,#3175,#3176,#3177,#3178,#3179,#3180,#3181,#3182,
#3183,#3184,#3185,#3186,#3187,#3188,#3189));
#469=EDGE_LOOP('',(#3190,#3191,#3192,#3193));
#470=EDGE_LOOP('',(#3194,#3195,#3196,#3197));
#471=EDGE_LOOP('',(#3198,#3199,#3200,#3201,#3202,#3203,#3204,#3205,#3206,
#3207,#3208,#3209,#3210,#3211,#3212,#3213));
#472=EDGE_LOOP('',(#3214,#3215,#3216,#3217));
#473=EDGE_LOOP('',(#3218,#3219,#3220,#3221));
#474=EDGE_LOOP('',(#3222,#3223,#3224,#3225));
#475=EDGE_LOOP('',(#3226,#3227,#3228,#3229));
#476=EDGE_LOOP('',(#3230,#3231,#3232,#3233));
#477=EDGE_LOOP('',(#3234,#3235,#3236,#3237,#3238,#3239,#3240,#3241,#3242,
#3243,#3244,#3245,#3246,#3247,#3248,#3249,#3250,#3251,#3252,#3253,#3254,
#3255,#3256,#3257,#3258,#3259,#3260,#3261,#3262,#3263,#3264,#3265,#3266,
#3267,#3268,#3269,#3270,#3271,#3272,#3273,#3274));
#478=EDGE_LOOP('',(#3275));
#479=EDGE_LOOP('',(#3276));
#480=EDGE_LOOP('',(#3277,#3278,#3279,#3280));
#481=EDGE_LOOP('',(#3281,#3282,#3283,#3284));
#482=EDGE_LOOP('',(#3285,#3286,#3287,#3288));
#483=EDGE_LOOP('',(#3289,#3290,#3291,#3292));
#484=EDGE_LOOP('',(#3293,#3294,#3295,#3296));
#485=EDGE_LOOP('',(#3297,#3298,#3299,#3300));
#486=EDGE_LOOP('',(#3301,#3302,#3303,#3304));
#487=EDGE_LOOP('',(#3305,#3306,#3307,#3308));
#488=EDGE_LOOP('',(#3309,#3310,#3311,#3312));
#489=EDGE_LOOP('',(#3313,#3314,#3315,#3316));
#490=EDGE_LOOP('',(#3317,#3318,#3319,#3320));
#491=EDGE_LOOP('',(#3321,#3322,#3323,#3324));
#492=EDGE_LOOP('',(#3325,#3326,#3327,#3328));
#493=EDGE_LOOP('',(#3329,#3330,#3331,#3332));
#494=EDGE_LOOP('',(#3333,#3334,#3335,#3336));
#495=EDGE_LOOP('',(#3337,#3338,#3339,#3340));
#496=EDGE_LOOP('',(#3341,#3342,#3343,#3344));
#497=EDGE_LOOP('',(#3345,#3346,#3347,#3348));
#498=EDGE_LOOP('',(#3349,#3350,#3351,#3352));
#499=EDGE_LOOP('',(#3353,#3354,#3355,#3356));
#500=EDGE_LOOP('',(#3357,#3358,#3359,#3360));
#501=EDGE_LOOP('',(#3361,#3362,#3363,#3364));
#502=EDGE_LOOP('',(#3365,#3366,#3367,#3368));
#503=EDGE_LOOP('',(#3369,#3370,#3371,#3372));
#504=EDGE_LOOP('',(#3373,#3374,#3375,#3376));
#505=EDGE_LOOP('',(#3377,#3378,#3379,#3380));
#506=EDGE_LOOP('',(#3381,#3382,#3383,#3384));
#507=EDGE_LOOP('',(#3385,#3386,#3387,#3388));
#508=EDGE_LOOP('',(#3389,#3390,#3391,#3392));
#509=EDGE_LOOP('',(#3393,#3394,#3395,#3396));
#510=EDGE_LOOP('',(#3397,#3398,#3399,#3400));
#511=EDGE_LOOP('',(#3401,#3402,#3403));
#512=EDGE_LOOP('',(#3404,#3405,#3406,#3407));
#513=EDGE_LOOP('',(#3408,#3409,#3410,#3411));
#514=EDGE_LOOP('',(#3412,#3413,#3414,#3415));
#515=EDGE_LOOP('',(#3416,#3417,#3418,#3419));
#516=EDGE_LOOP('',(#3420,#3421,#3422,#3423));
#517=EDGE_LOOP('',(#3424,#3425,#3426,#3427));
#518=EDGE_LOOP('',(#3428,#3429,#3430,#3431,#3432));
#519=EDGE_LOOP('',(#3433,#3434,#3435,#3436));
#520=EDGE_LOOP('',(#3437,#3438,#3439,#3440));
#521=EDGE_LOOP('',(#3441,#3442,#3443,#3444,#3445,#3446,#3447,#3448,#3449,
#3450,#3451,#3452,#3453,#3454,#3455,#3456,#3457,#3458,#3459,#3460,#3461,
#3462,#3463,#3464,#3465,#3466,#3467));
#522=EDGE_LOOP('',(#3468,#3469,#3470,#3471));
#523=EDGE_LOOP('',(#3472,#3473,#3474,#3475));
#524=EDGE_LOOP('',(#3476,#3477,#3478,#3479));
#525=EDGE_LOOP('',(#3480,#3481,#3482,#3483,#3484));
#526=EDGE_LOOP('',(#3485,#3486,#3487,#3488));
#527=EDGE_LOOP('',(#3489,#3490,#3491,#3492));
#528=EDGE_LOOP('',(#3493,#3494,#3495,#3496));
#529=EDGE_LOOP('',(#3497,#3498,#3499,#3500));
#530=EDGE_LOOP('',(#3501,#3502,#3503,#3504));
#531=EDGE_LOOP('',(#3505,#3506,#3507,#3508));
#532=EDGE_LOOP('',(#3509,#3510,#3511,#3512));
#533=EDGE_LOOP('',(#3513,#3514,#3515,#3516));
#534=EDGE_LOOP('',(#3517,#3518,#3519,#3520));
#535=EDGE_LOOP('',(#3521,#3522,#3523,#3524));
#536=EDGE_LOOP('',(#3525,#3526,#3527,#3528));
#537=EDGE_LOOP('',(#3529,#3530,#3531,#3532));
#538=EDGE_LOOP('',(#3533,#3534,#3535,#3536));
#539=EDGE_LOOP('',(#3537,#3538,#3539,#3540,#3541));
#540=EDGE_LOOP('',(#3542,#3543,#3544,#3545,#3546,#3547));
#541=EDGE_LOOP('',(#3548,#3549,#3550,#3551));
#542=EDGE_LOOP('',(#3552,#3553,#3554,#3555));
#543=EDGE_LOOP('',(#3556,#3557,#3558,#3559));
#544=EDGE_LOOP('',(#3560,#3561,#3562,#3563,#3564,#3565));
#545=EDGE_LOOP('',(#3566,#3567,#3568,#3569));
#546=EDGE_LOOP('',(#3570,#3571,#3572,#3573,#3574,#3575));
#547=EDGE_LOOP('',(#3576,#3577,#3578,#3579,#3580,#3581,#3582,#3583,#3584,
#3585,#3586,#3587,#3588,#3589,#3590,#3591,#3592,#3593));
#548=EDGE_LOOP('',(#3594,#3595,#3596,#3597,#3598,#3599,#3600,#3601,#3602,
#3603,#3604,#3605,#3606,#3607,#3608,#3609,#3610,#3611,#3612,#3613));
#549=EDGE_LOOP('',(#3614,#3615,#3616,#3617));
#550=EDGE_LOOP('',(#3618,#3619,#3620,#3621,#3622,#3623));
#551=EDGE_LOOP('',(#3624,#3625,#3626,#3627));
#552=EDGE_LOOP('',(#3628,#3629,#3630,#3631,#3632,#3633));
#553=EDGE_LOOP('',(#3634,#3635,#3636,#3637));
#554=EDGE_LOOP('',(#3638,#3639,#3640,#3641));
#555=EDGE_LOOP('',(#3642,#3643,#3644,#3645,#3646,#3647,#3648,#3649));
#556=EDGE_LOOP('',(#3650,#3651,#3652,#3653,#3654,#3655,#3656,#3657,#3658,
#3659,#3660,#3661));
#557=EDGE_LOOP('',(#3662,#3663,#3664,#3665));
#558=EDGE_LOOP('',(#3666,#3667,#3668,#3669));
#559=EDGE_LOOP('',(#3670,#3671,#3672,#3673));
#560=EDGE_LOOP('',(#3674,#3675,#3676,#3677,#3678,#3679,#3680,#3681,#3682,
#3683,#3684,#3685,#3686,#3687,#3688,#3689,#3690,#3691,#3692,#3693,#3694,
#3695,#3696,#3697,#3698,#3699,#3700,#3701,#3702,#3703,#3704,#3705,#3706,
#3707,#3708,#3709,#3710,#3711,#3712,#3713,#3714,#3715));
#561=EDGE_LOOP('',(#3716,#3717,#3718,#3719));
#562=EDGE_LOOP('',(#3720,#3721,#3722,#3723,#3724,#3725,#3726,#3727,#3728,
#3729,#3730,#3731,#3732,#3733,#3734,#3735,#3736,#3737,#3738,#3739,#3740,
#3741,#3742,#3743,#3744,#3745,#3746,#3747,#3748,#3749,#3750,#3751,#3752,
#3753,#3754,#3755,#3756,#3757,#3758,#3759));
#563=EDGE_LOOP('',(#3760,#3761,#3762,#3763));
#564=EDGE_LOOP('',(#3764,#3765,#3766,#3767));
#565=EDGE_LOOP('',(#3768,#3769,#3770,#3771,#3772,#3773));
#566=EDGE_LOOP('',(#3774,#3775,#3776,#3777,#3778,#3779));
#567=EDGE_LOOP('',(#3780,#3781,#3782,#3783));
#568=EDGE_LOOP('',(#3784,#3785,#3786,#3787,#3788,#3789,#3790,#3791));
#569=EDGE_LOOP('',(#3792,#3793,#3794,#3795));
#570=EDGE_LOOP('',(#3796,#3797,#3798,#3799,#3800,#3801,#3802,#3803));
#571=EDGE_LOOP('',(#3804,#3805,#3806,#3807));
#572=EDGE_LOOP('',(#3808,#3809,#3810,#3811));
#573=EDGE_LOOP('',(#3812,#3813,#3814,#3815,#3816,#3817));
#574=EDGE_LOOP('',(#3818,#3819,#3820,#3821,#3822,#3823));
#575=EDGE_LOOP('',(#3824,#3825,#3826,#3827));
#576=EDGE_LOOP('',(#3828,#3829,#3830,#3831,#3832,#3833,#3834,#3835,#3836,
#3837,#3838,#3839,#3840,#3841,#3842,#3843));
#577=EDGE_LOOP('',(#3844));
#578=EDGE_LOOP('',(#3845));
#579=EDGE_LOOP('',(#3846));
#580=EDGE_LOOP('',(#3847));
#581=LINE('',#5240,#1118);
#582=LINE('',#5243,#1119);
#583=LINE('',#5246,#1120);
#584=LINE('',#5248,#1121);
#585=LINE('',#5249,#1122);
#586=LINE('',#5252,#1123);
#587=LINE('',#5256,#1124);
#588=LINE('',#5260,#1125);
#589=LINE('',#5262,#1126);
#590=LINE('',#5264,#1127);
#591=LINE('',#5266,#1128);
#592=LINE('',#5268,#1129);
#593=LINE('',#5270,#1130);
#594=LINE('',#5272,#1131);
#595=LINE('',#5274,#1132);
#596=LINE('',#5276,#1133);
#597=LINE('',#5278,#1134);
#598=LINE('',#5280,#1135);
#599=LINE('',#5282,#1136);
#600=LINE('',#5284,#1137);
#601=LINE('',#5286,#1138);
#602=LINE('',#5288,#1139);
#603=LINE('',#5290,#1140);
#604=LINE('',#5292,#1141);
#605=LINE('',#5294,#1142);
#606=LINE('',#5296,#1143);
#607=LINE('',#5306,#1144);
#608=LINE('',#5307,#1145);
#609=LINE('',#5310,#1146);
#610=LINE('',#5311,#1147);
#611=LINE('',#5316,#1148);
#612=LINE('',#5318,#1149);
#613=LINE('',#5320,#1150);
#614=LINE('',#5322,#1151);
#615=LINE('',#5324,#1152);
#616=LINE('',#5326,#1153);
#617=LINE('',#5329,#1154);
#618=LINE('',#5331,#1155);
#619=LINE('',#5333,#1156);
#620=LINE('',#5335,#1157);
#621=LINE('',#5336,#1158);
#622=LINE('',#5339,#1159);
#623=LINE('',#5341,#1160);
#624=LINE('',#5343,#1161);
#625=LINE('',#5344,#1162);
#626=LINE('',#5347,#1163);
#627=LINE('',#5349,#1164);
#628=LINE('',#5351,#1165);
#629=LINE('',#5352,#1166);
#630=LINE('',#5355,#1167);
#631=LINE('',#5357,#1168);
#632=LINE('',#5359,#1169);
#633=LINE('',#5361,#1170);
#634=LINE('',#5363,#1171);
#635=LINE('',#5364,#1172);
#636=LINE('',#5367,#1173);
#637=LINE('',#5369,#1174);
#638=LINE('',#5371,#1175);
#639=LINE('',#5372,#1176);
#640=LINE('',#5375,#1177);
#641=LINE('',#5377,#1178);
#642=LINE('',#5379,#1179);
#643=LINE('',#5380,#1180);
#644=LINE('',#5383,#1181);
#645=LINE('',#5385,#1182);
#646=LINE('',#5387,#1183);
#647=LINE('',#5388,#1184);
#648=LINE('',#5391,#1185);
#649=LINE('',#5393,#1186);
#650=LINE('',#5395,#1187);
#651=LINE('',#5396,#1188);
#652=LINE('',#5399,#1189);
#653=LINE('',#5401,#1190);
#654=LINE('',#5403,#1191);
#655=LINE('',#5405,#1192);
#656=LINE('',#5406,#1193);
#657=LINE('',#5409,#1194);
#658=LINE('',#5411,#1195);
#659=LINE('',#5413,#1196);
#660=LINE('',#5414,#1197);
#661=LINE('',#5417,#1198);
#662=LINE('',#5419,#1199);
#663=LINE('',#5421,#1200);
#664=LINE('',#5422,#1201);
#665=LINE('',#5432,#1202);
#666=LINE('',#5434,#1203);
#667=LINE('',#5436,#1204);
#668=LINE('',#5438,#1205);
#669=LINE('',#5442,#1206);
#670=LINE('',#5443,#1207);
#671=LINE('',#5444,#1208);
#672=LINE('',#5448,#1209);
#673=LINE('',#5449,#1210);
#674=LINE('',#5450,#1211);
#675=LINE('',#5454,#1212);
#676=LINE('',#5455,#1213);
#677=LINE('',#5456,#1214);
#678=LINE('',#5460,#1215);
#679=LINE('',#5461,#1216);
#680=LINE('',#5462,#1217);
#681=LINE('',#5466,#1218);
#682=LINE('',#5467,#1219);
#683=LINE('',#5468,#1220);
#684=LINE('',#5471,#1221);
#685=LINE('',#5472,#1222);
#686=LINE('',#5475,#1223);
#687=LINE('',#5476,#1224);
#688=LINE('',#5480,#1225);
#689=LINE('',#5481,#1226);
#690=LINE('',#5482,#1227);
#691=LINE('',#5486,#1228);
#692=LINE('',#5487,#1229);
#693=LINE('',#5488,#1230);
#694=LINE('',#5491,#1231);
#695=LINE('',#5492,#1232);
#696=LINE('',#5496,#1233);
#697=LINE('',#5497,#1234);
#698=LINE('',#5498,#1235);
#699=LINE('',#5502,#1236);
#700=LINE('',#5503,#1237);
#701=LINE('',#5504,#1238);
#702=LINE('',#5508,#1239);
#703=LINE('',#5509,#1240);
#704=LINE('',#5510,#1241);
#705=LINE('',#5514,#1242);
#706=LINE('',#5515,#1243);
#707=LINE('',#5516,#1244);
#708=LINE('',#5520,#1245);
#709=LINE('',#5521,#1246);
#710=LINE('',#5522,#1247);
#711=LINE('',#5526,#1248);
#712=LINE('',#5527,#1249);
#713=LINE('',#5528,#1250);
#714=LINE('',#5532,#1251);
#715=LINE('',#5533,#1252);
#716=LINE('',#5534,#1253);
#717=LINE('',#5537,#1254);
#718=LINE('',#5538,#1255);
#719=LINE('',#5541,#1256);
#720=LINE('',#5542,#1257);
#721=LINE('',#5546,#1258);
#722=LINE('',#5547,#1259);
#723=LINE('',#5548,#1260);
#724=LINE('',#5551,#1261);
#725=LINE('',#5552,#1262);
#726=LINE('',#5555,#1263);
#727=LINE('',#5556,#1264);
#728=LINE('',#5560,#1265);
#729=LINE('',#5561,#1266);
#730=LINE('',#5562,#1267);
#731=LINE('',#5566,#1268);
#732=LINE('',#5567,#1269);
#733=LINE('',#5568,#1270);
#734=LINE('',#5572,#1271);
#735=LINE('',#5573,#1272);
#736=LINE('',#5574,#1273);
#737=LINE('',#5578,#1274);
#738=LINE('',#5579,#1275);
#739=LINE('',#5580,#1276);
#740=LINE('',#5583,#1277);
#741=LINE('',#5584,#1278);
#742=LINE('',#5587,#1279);
#743=LINE('',#5588,#1280);
#744=LINE('',#5589,#1281);
#745=LINE('',#5591,#1282);
#746=LINE('',#5592,#1283);
#747=LINE('',#5594,#1284);
#748=LINE('',#5595,#1285);
#749=LINE('',#5597,#1286);
#750=LINE('',#5599,#1287);
#751=LINE('',#5600,#1288);
#752=LINE('',#5602,#1289);
#753=LINE('',#5603,#1290);
#754=LINE('',#5604,#1291);
#755=LINE('',#5606,#1292);
#756=LINE('',#5608,#1293);
#757=LINE('',#5610,#1294);
#758=LINE('',#5612,#1295);
#759=LINE('',#5614,#1296);
#760=LINE('',#5615,#1297);
#761=LINE('',#5618,#1298);
#762=LINE('',#5619,#1299);
#763=LINE('',#5620,#1300);
#764=LINE('',#5622,#1301);
#765=LINE('',#5624,#1302);
#766=LINE('',#5626,#1303);
#767=LINE('',#5627,#1304);
#768=LINE('',#5629,#1305);
#769=LINE('',#5630,#1306);
#770=LINE('',#5633,#1307);
#771=LINE('',#5635,#1308);
#772=LINE('',#5636,#1309);
#773=LINE('',#5639,#1310);
#774=LINE('',#5641,#1311);
#775=LINE('',#5642,#1312);
#776=LINE('',#5645,#1313);
#777=LINE('',#5646,#1314);
#778=LINE('',#5648,#1315);
#779=LINE('',#5649,#1316);
#780=LINE('',#5651,#1317);
#781=LINE('',#5654,#1318);
#782=LINE('',#5655,#1319);
#783=LINE('',#5658,#1320);
#784=LINE('',#5659,#1321);
#785=LINE('',#5662,#1322);
#786=LINE('',#5663,#1323);
#787=LINE('',#5666,#1324);
#788=LINE('',#5667,#1325);
#789=LINE('',#5670,#1326);
#790=LINE('',#5671,#1327);
#791=LINE('',#5673,#1328);
#792=LINE('',#5676,#1329);
#793=LINE('',#5678,#1330);
#794=LINE('',#5679,#1331);
#795=LINE('',#5683,#1332);
#796=LINE('',#5685,#1333);
#797=LINE('',#5687,#1334);
#798=LINE('',#5688,#1335);
#799=LINE('',#5694,#1336);
#800=LINE('',#5696,#1337);
#801=LINE('',#5698,#1338);
#802=LINE('',#5699,#1339);
#803=LINE('',#5703,#1340);
#804=LINE('',#5705,#1341);
#805=LINE('',#5706,#1342);
#806=LINE('',#5710,#1343);
#807=LINE('',#5712,#1344);
#808=LINE('',#5714,#1345);
#809=LINE('',#5716,#1346);
#810=LINE('',#5718,#1347);
#811=LINE('',#5720,#1348);
#812=LINE('',#5722,#1349);
#813=LINE('',#5723,#1350);
#814=LINE('',#5725,#1351);
#815=LINE('',#5727,#1352);
#816=LINE('',#5730,#1353);
#817=LINE('',#5731,#1354);
#818=LINE('',#5732,#1355);
#819=LINE('',#5734,#1356);
#820=LINE('',#5736,#1357);
#821=LINE('',#5743,#1358);
#822=LINE('',#5746,#1359);
#823=LINE('',#5749,#1360);
#824=LINE('',#5751,#1361);
#825=LINE('',#5752,#1362);
#826=LINE('',#5755,#1363);
#827=LINE('',#5759,#1364);
#828=LINE('',#5761,#1365);
#829=LINE('',#5763,#1366);
#830=LINE('',#5765,#1367);
#831=LINE('',#5767,#1368);
#832=LINE('',#5769,#1369);
#833=LINE('',#5771,#1370);
#834=LINE('',#5773,#1371);
#835=LINE('',#5775,#1372);
#836=LINE('',#5779,#1373);
#837=LINE('',#5784,#1374);
#838=LINE('',#5787,#1375);
#839=LINE('',#5788,#1376);
#840=LINE('',#5793,#1377);
#841=LINE('',#5794,#1378);
#842=LINE('',#5796,#1379);
#843=LINE('',#5800,#1380);
#844=LINE('',#5803,#1381);
#845=LINE('',#5805,#1382);
#846=LINE('',#5807,#1383);
#847=LINE('',#5809,#1384);
#848=LINE('',#5811,#1385);
#849=LINE('',#5813,#1386);
#850=LINE('',#5817,#1387);
#851=LINE('',#5821,#1388);
#852=LINE('',#5825,#1389);
#853=LINE('',#5829,#1390);
#854=LINE('',#5833,#1391);
#855=LINE('',#5835,#1392);
#856=LINE('',#5837,#1393);
#857=LINE('',#5839,#1394);
#858=LINE('',#5841,#1395);
#859=LINE('',#5843,#1396);
#860=LINE('',#5845,#1397);
#861=LINE('',#5847,#1398);
#862=LINE('',#5849,#1399);
#863=LINE('',#5851,#1400);
#864=LINE('',#5853,#1401);
#865=LINE('',#5859,#1402);
#866=LINE('',#5861,#1403);
#867=LINE('',#5863,#1404);
#868=LINE('',#5865,#1405);
#869=LINE('',#5867,#1406);
#870=LINE('',#5868,#1407);
#871=LINE('',#5876,#1408);
#872=LINE('',#5878,#1409);
#873=LINE('',#5880,#1410);
#874=LINE('',#5881,#1411);
#875=LINE('',#5884,#1412);
#876=LINE('',#5886,#1413);
#877=LINE('',#5887,#1414);
#878=LINE('',#5890,#1415);
#879=LINE('',#5892,#1416);
#880=LINE('',#5893,#1417);
#881=LINE('',#5896,#1418);
#882=LINE('',#5898,#1419);
#883=LINE('',#5899,#1420);
#884=LINE('',#5902,#1421);
#885=LINE('',#5904,#1422);
#886=LINE('',#5905,#1423);
#887=LINE('',#5908,#1424);
#888=LINE('',#5909,#1425);
#889=LINE('',#5912,#1426);
#890=LINE('',#5913,#1427);
#891=LINE('',#5916,#1428);
#892=LINE('',#5917,#1429);
#893=LINE('',#5920,#1430);
#894=LINE('',#5921,#1431);
#895=LINE('',#5925,#1432);
#896=LINE('',#5927,#1433);
#897=LINE('',#5929,#1434);
#898=LINE('',#5930,#1435);
#899=LINE('',#5934,#1436);
#900=LINE('',#5936,#1437);
#901=LINE('',#5938,#1438);
#902=LINE('',#5939,#1439);
#903=LINE('',#5943,#1440);
#904=LINE('',#5945,#1441);
#905=LINE('',#5947,#1442);
#906=LINE('',#5948,#1443);
#907=LINE('',#5952,#1444);
#908=LINE('',#5954,#1445);
#909=LINE('',#5956,#1446);
#910=LINE('',#5957,#1447);
#911=LINE('',#5961,#1448);
#912=LINE('',#5963,#1449);
#913=LINE('',#5965,#1450);
#914=LINE('',#5966,#1451);
#915=LINE('',#5969,#1452);
#916=LINE('',#5971,#1453);
#917=LINE('',#5972,#1454);
#918=LINE('',#5976,#1455);
#919=LINE('',#5978,#1456);
#920=LINE('',#5980,#1457);
#921=LINE('',#5981,#1458);
#922=LINE('',#5985,#1459);
#923=LINE('',#5987,#1460);
#924=LINE('',#5989,#1461);
#925=LINE('',#5990,#1462);
#926=LINE('',#5994,#1463);
#927=LINE('',#5996,#1464);
#928=LINE('',#5998,#1465);
#929=LINE('',#5999,#1466);
#930=LINE('',#6003,#1467);
#931=LINE('',#6005,#1468);
#932=LINE('',#6007,#1469);
#933=LINE('',#6008,#1470);
#934=LINE('',#6012,#1471);
#935=LINE('',#6014,#1472);
#936=LINE('',#6016,#1473);
#937=LINE('',#6017,#1474);
#938=LINE('',#6021,#1475);
#939=LINE('',#6023,#1476);
#940=LINE('',#6025,#1477);
#941=LINE('',#6026,#1478);
#942=LINE('',#6030,#1479);
#943=LINE('',#6032,#1480);
#944=LINE('',#6034,#1481);
#945=LINE('',#6035,#1482);
#946=LINE('',#6039,#1483);
#947=LINE('',#6041,#1484);
#948=LINE('',#6043,#1485);
#949=LINE('',#6044,#1486);
#950=LINE('',#6048,#1487);
#951=LINE('',#6050,#1488);
#952=LINE('',#6052,#1489);
#953=LINE('',#6053,#1490);
#954=LINE('',#6057,#1491);
#955=LINE('',#6059,#1492);
#956=LINE('',#6061,#1493);
#957=LINE('',#6062,#1494);
#958=LINE('',#6066,#1495);
#959=LINE('',#6068,#1496);
#960=LINE('',#6070,#1497);
#961=LINE('',#6071,#1498);
#962=LINE('',#6075,#1499);
#963=LINE('',#6077,#1500);
#964=LINE('',#6079,#1501);
#965=LINE('',#6080,#1502);
#966=LINE('',#6084,#1503);
#967=LINE('',#6086,#1504);
#968=LINE('',#6088,#1505);
#969=LINE('',#6089,#1506);
#970=LINE('',#6093,#1507);
#971=LINE('',#6095,#1508);
#972=LINE('',#6097,#1509);
#973=LINE('',#6098,#1510);
#974=LINE('',#6102,#1511);
#975=LINE('',#6104,#1512);
#976=LINE('',#6106,#1513);
#977=LINE('',#6107,#1514);
#978=LINE('',#6111,#1515);
#979=LINE('',#6113,#1516);
#980=LINE('',#6115,#1517);
#981=LINE('',#6116,#1518);
#982=LINE('',#6119,#1519);
#983=LINE('',#6120,#1520);
#984=LINE('',#6122,#1521);
#985=LINE('',#6123,#1522);
#986=LINE('',#6125,#1523);
#987=LINE('',#6126,#1524);
#988=LINE('',#6128,#1525);
#989=LINE('',#6129,#1526);
#990=LINE('',#6131,#1527);
#991=LINE('',#6132,#1528);
#992=LINE('',#6134,#1529);
#993=LINE('',#6135,#1530);
#994=LINE('',#6137,#1531);
#995=LINE('',#6138,#1532);
#996=LINE('',#6141,#1533);
#997=LINE('',#6142,#1534);
#998=LINE('',#6143,#1535);
#999=LINE('',#6145,#1536);
#1000=LINE('',#6146,#1537);
#1001=LINE('',#6148,#1538);
#1002=LINE('',#6149,#1539);
#1003=LINE('',#6152,#1540);
#1004=LINE('',#6154,#1541);
#1005=LINE('',#6155,#1542);
#1006=LINE('',#6156,#1543);
#1007=LINE('',#6157,#1544);
#1008=LINE('',#6159,#1545);
#1009=LINE('',#6165,#1546);
#1010=LINE('',#6169,#1547);
#1011=LINE('',#6173,#1548);
#1012=LINE('',#6177,#1549);
#1013=LINE('',#6181,#1550);
#1014=LINE('',#6183,#1551);
#1015=LINE('',#6185,#1552);
#1016=LINE('',#6188,#1553);
#1017=LINE('',#6189,#1554);
#1018=LINE('',#6190,#1555);
#1019=LINE('',#6191,#1556);
#1020=LINE('',#6192,#1557);
#1021=LINE('',#6193,#1558);
#1022=LINE('',#6194,#1559);
#1023=LINE('',#6195,#1560);
#1024=LINE('',#6196,#1561);
#1025=LINE('',#6198,#1562);
#1026=LINE('',#6199,#1563);
#1027=LINE('',#6200,#1564);
#1028=LINE('',#6201,#1565);
#1029=LINE('',#6202,#1566);
#1030=LINE('',#6203,#1567);
#1031=LINE('',#6204,#1568);
#1032=LINE('',#6205,#1569);
#1033=LINE('',#6206,#1570);
#1034=LINE('',#6207,#1571);
#1035=LINE('',#6208,#1572);
#1036=LINE('',#6209,#1573);
#1037=LINE('',#6210,#1574);
#1038=LINE('',#6211,#1575);
#1039=LINE('',#6213,#1576);
#1040=LINE('',#6214,#1577);
#1041=LINE('',#6216,#1578);
#1042=LINE('',#6217,#1579);
#1043=LINE('',#6219,#1580);
#1044=LINE('',#6221,#1581);
#1045=LINE('',#6223,#1582);
#1046=LINE('',#6224,#1583);
#1047=LINE('',#6226,#1584);
#1048=LINE('',#6227,#1585);
#1049=LINE('',#6229,#1586);
#1050=LINE('',#6230,#1587);
#1051=LINE('',#6232,#1588);
#1052=LINE('',#6233,#1589);
#1053=LINE('',#6235,#1590);
#1054=LINE('',#6236,#1591);
#1055=LINE('',#6241,#1592);
#1056=LINE('',#6243,#1593);
#1057=LINE('',#6245,#1594);
#1058=LINE('',#6246,#1595);
#1059=LINE('',#6250,#1596);
#1060=LINE('',#6251,#1597);
#1061=LINE('',#6252,#1598);
#1062=LINE('',#6256,#1599);
#1063=LINE('',#6259,#1600);
#1064=LINE('',#6260,#1601);
#1065=LINE('',#6266,#1602);
#1066=LINE('',#6267,#1603);
#1067=LINE('',#6268,#1604);
#1068=LINE('',#6270,#1605);
#1069=LINE('',#6271,#1606);
#1070=LINE('',#6275,#1607);
#1071=LINE('',#6276,#1608);
#1072=LINE('',#6277,#1609);
#1073=LINE('',#6281,#1610);
#1074=LINE('',#6284,#1611);
#1075=LINE('',#6285,#1612);
#1076=LINE('',#6291,#1613);
#1077=LINE('',#6292,#1614);
#1078=LINE('',#6293,#1615);
#1079=LINE('',#6297,#1616);
#1080=LINE('',#6298,#1617);
#1081=LINE('',#6299,#1618);
#1082=LINE('',#6301,#1619);
#1083=LINE('',#6304,#1620);
#1084=LINE('',#6306,#1621);
#1085=LINE('',#6308,#1622);
#1086=LINE('',#6310,#1623);
#1087=LINE('',#6311,#1624);
#1088=LINE('',#6313,#1625);
#1089=LINE('',#6315,#1626);
#1090=LINE('',#6316,#1627);
#1091=LINE('',#6319,#1628);
#1092=LINE('',#6321,#1629);
#1093=LINE('',#6322,#1630);
#1094=LINE('',#6325,#1631);
#1095=LINE('',#6326,#1632);
#1096=LINE('',#6329,#1633);
#1097=LINE('',#6330,#1634);
#1098=LINE('',#6333,#1635);
#1099=LINE('',#6334,#1636);
#1100=LINE('',#6337,#1637);
#1101=LINE('',#6338,#1638);
#1102=LINE('',#6341,#1639);
#1103=LINE('',#6342,#1640);
#1104=LINE('',#6345,#1641);
#1105=LINE('',#6346,#1642);
#1106=LINE('',#6348,#1643);
#1107=LINE('',#6349,#1644);
#1108=LINE('',#6352,#1645);
#1109=LINE('',#6356,#1646);
#1110=LINE('',#6360,#1647);
#1111=LINE('',#6364,#1648);
#1112=LINE('',#6368,#1649);
#1113=LINE('',#6371,#1650);
#1114=LINE('',#6372,#1651);
#1115=LINE('',#6375,#1652);
#1116=LINE('',#6376,#1653);
#1117=LINE('',#6378,#1654);
#1118=VECTOR('',#4265,10.);
#1119=VECTOR('',#4268,10.);
#1120=VECTOR('',#4271,10.);
#1121=VECTOR('',#4272,10.);
#1122=VECTOR('',#4273,10.);
#1123=VECTOR('',#4276,10.);
#1124=VECTOR('',#4279,10.);
#1125=VECTOR('',#4282,10.);
#1126=VECTOR('',#4283,10.);
#1127=VECTOR('',#4284,10.);
#1128=VECTOR('',#4285,10.);
#1129=VECTOR('',#4286,10.);
#1130=VECTOR('',#4287,10.);
#1131=VECTOR('',#4288,10.);
#1132=VECTOR('',#4289,10.);
#1133=VECTOR('',#4290,10.);
#1134=VECTOR('',#4291,10.);
#1135=VECTOR('',#4292,10.);
#1136=VECTOR('',#4293,10.);
#1137=VECTOR('',#4294,10.);
#1138=VECTOR('',#4295,10.);
#1139=VECTOR('',#4296,10.);
#1140=VECTOR('',#4297,10.);
#1141=VECTOR('',#4298,10.);
#1142=VECTOR('',#4299,10.);
#1143=VECTOR('',#4300,10.);
#1144=VECTOR('',#4311,10.);
#1145=VECTOR('',#4312,10.);
#1146=VECTOR('',#4315,10.);
#1147=VECTOR('',#4316,10.);
#1148=VECTOR('',#4321,10.);
#1149=VECTOR('',#4322,10.);
#1150=VECTOR('',#4323,10.);
#1151=VECTOR('',#4324,10.);
#1152=VECTOR('',#4325,10.);
#1153=VECTOR('',#4328,10.);
#1154=VECTOR('',#4329,10.);
#1155=VECTOR('',#4330,10.);
#1156=VECTOR('',#4331,10.);
#1157=VECTOR('',#4332,10.);
#1158=VECTOR('',#4333,10.);
#1159=VECTOR('',#4334,10.);
#1160=VECTOR('',#4335,10.);
#1161=VECTOR('',#4336,10.);
#1162=VECTOR('',#4337,10.);
#1163=VECTOR('',#4338,10.);
#1164=VECTOR('',#4339,10.);
#1165=VECTOR('',#4340,10.);
#1166=VECTOR('',#4341,10.);
#1167=VECTOR('',#4342,10.);
#1168=VECTOR('',#4343,10.);
#1169=VECTOR('',#4344,10.);
#1170=VECTOR('',#4345,10.);
#1171=VECTOR('',#4346,10.);
#1172=VECTOR('',#4347,10.);
#1173=VECTOR('',#4348,10.);
#1174=VECTOR('',#4349,10.);
#1175=VECTOR('',#4350,10.);
#1176=VECTOR('',#4351,10.);
#1177=VECTOR('',#4352,10.);
#1178=VECTOR('',#4353,10.);
#1179=VECTOR('',#4354,10.);
#1180=VECTOR('',#4355,10.);
#1181=VECTOR('',#4356,10.);
#1182=VECTOR('',#4357,10.);
#1183=VECTOR('',#4358,10.);
#1184=VECTOR('',#4359,10.);
#1185=VECTOR('',#4360,10.);
#1186=VECTOR('',#4361,10.);
#1187=VECTOR('',#4362,10.);
#1188=VECTOR('',#4363,10.);
#1189=VECTOR('',#4364,10.);
#1190=VECTOR('',#4365,10.);
#1191=VECTOR('',#4366,10.);
#1192=VECTOR('',#4367,10.);
#1193=VECTOR('',#4368,10.);
#1194=VECTOR('',#4369,10.);
#1195=VECTOR('',#4370,10.);
#1196=VECTOR('',#4371,10.);
#1197=VECTOR('',#4372,10.);
#1198=VECTOR('',#4373,10.);
#1199=VECTOR('',#4374,10.);
#1200=VECTOR('',#4375,10.);
#1201=VECTOR('',#4376,10.);
#1202=VECTOR('',#4387,10.);
#1203=VECTOR('',#4390,10.);
#1204=VECTOR('',#4393,10.);
#1205=VECTOR('',#4396,10.);
#1206=VECTOR('',#4399,10.);
#1207=VECTOR('',#4400,10.);
#1208=VECTOR('',#4401,10.);
#1209=VECTOR('',#4404,10.);
#1210=VECTOR('',#4405,10.);
#1211=VECTOR('',#4406,10.);
#1212=VECTOR('',#4409,10.);
#1213=VECTOR('',#4410,10.);
#1214=VECTOR('',#4411,10.);
#1215=VECTOR('',#4414,10.);
#1216=VECTOR('',#4415,10.);
#1217=VECTOR('',#4416,10.);
#1218=VECTOR('',#4419,10.);
#1219=VECTOR('',#4420,10.);
#1220=VECTOR('',#4421,10.);
#1221=VECTOR('',#4424,10.);
#1222=VECTOR('',#4425,10.);
#1223=VECTOR('',#4428,10.);
#1224=VECTOR('',#4429,10.);
#1225=VECTOR('',#4432,10.);
#1226=VECTOR('',#4433,10.);
#1227=VECTOR('',#4434,10.);
#1228=VECTOR('',#4437,10.);
#1229=VECTOR('',#4438,10.);
#1230=VECTOR('',#4439,10.);
#1231=VECTOR('',#4442,10.);
#1232=VECTOR('',#4443,10.);
#1233=VECTOR('',#4446,10.);
#1234=VECTOR('',#4447,10.);
#1235=VECTOR('',#4448,10.);
#1236=VECTOR('',#4451,10.);
#1237=VECTOR('',#4452,10.);
#1238=VECTOR('',#4453,10.);
#1239=VECTOR('',#4456,10.);
#1240=VECTOR('',#4457,10.);
#1241=VECTOR('',#4458,10.);
#1242=VECTOR('',#4461,10.);
#1243=VECTOR('',#4462,10.);
#1244=VECTOR('',#4463,10.);
#1245=VECTOR('',#4466,10.);
#1246=VECTOR('',#4467,10.);
#1247=VECTOR('',#4468,10.);
#1248=VECTOR('',#4471,10.);
#1249=VECTOR('',#4472,10.);
#1250=VECTOR('',#4473,10.);
#1251=VECTOR('',#4476,10.);
#1252=VECTOR('',#4477,10.);
#1253=VECTOR('',#4478,10.);
#1254=VECTOR('',#4481,10.);
#1255=VECTOR('',#4482,10.);
#1256=VECTOR('',#4485,10.);
#1257=VECTOR('',#4486,10.);
#1258=VECTOR('',#4489,10.);
#1259=VECTOR('',#4490,10.);
#1260=VECTOR('',#4491,10.);
#1261=VECTOR('',#4494,10.);
#1262=VECTOR('',#4495,10.);
#1263=VECTOR('',#4498,10.);
#1264=VECTOR('',#4499,10.);
#1265=VECTOR('',#4502,10.);
#1266=VECTOR('',#4503,10.);
#1267=VECTOR('',#4504,10.);
#1268=VECTOR('',#4507,10.);
#1269=VECTOR('',#4508,10.);
#1270=VECTOR('',#4509,10.);
#1271=VECTOR('',#4512,10.);
#1272=VECTOR('',#4513,10.);
#1273=VECTOR('',#4514,10.);
#1274=VECTOR('',#4517,10.);
#1275=VECTOR('',#4518,10.);
#1276=VECTOR('',#4519,10.);
#1277=VECTOR('',#4522,10.);
#1278=VECTOR('',#4523,10.);
#1279=VECTOR('',#4526,10.);
#1280=VECTOR('',#4527,10.);
#1281=VECTOR('',#4528,10.);
#1282=VECTOR('',#4531,10.);
#1283=VECTOR('',#4532,10.);
#1284=VECTOR('',#4535,10.);
#1285=VECTOR('',#4536,10.);
#1286=VECTOR('',#4539,10.);
#1287=VECTOR('',#4540,10.);
#1288=VECTOR('',#4541,10.);
#1289=VECTOR('',#4544,10.);
#1290=VECTOR('',#4545,10.);
#1291=VECTOR('',#4546,10.);
#1292=VECTOR('',#4547,10.);
#1293=VECTOR('',#4548,10.);
#1294=VECTOR('',#4549,10.);
#1295=VECTOR('',#4550,10.);
#1296=VECTOR('',#4551,10.);
#1297=VECTOR('',#4552,10.);
#1298=VECTOR('',#4555,10.);
#1299=VECTOR('',#4556,10.);
#1300=VECTOR('',#4557,10.);
#1301=VECTOR('',#4560,10.);
#1302=VECTOR('',#4561,10.);
#1303=VECTOR('',#4562,10.);
#1304=VECTOR('',#4563,10.);
#1305=VECTOR('',#4566,10.);
#1306=VECTOR('',#4567,10.);
#1307=VECTOR('',#4570,10.);
#1308=VECTOR('',#4571,10.);
#1309=VECTOR('',#4572,10.);
#1310=VECTOR('',#4575,10.);
#1311=VECTOR('',#4576,10.);
#1312=VECTOR('',#4577,10.);
#1313=VECTOR('',#4580,10.);
#1314=VECTOR('',#4581,10.);
#1315=VECTOR('',#4584,10.);
#1316=VECTOR('',#4585,10.);
#1317=VECTOR('',#4588,10.);
#1318=VECTOR('',#4591,10.);
#1319=VECTOR('',#4592,10.);
#1320=VECTOR('',#4595,10.);
#1321=VECTOR('',#4596,10.);
#1322=VECTOR('',#4599,10.);
#1323=VECTOR('',#4600,10.);
#1324=VECTOR('',#4603,10.);
#1325=VECTOR('',#4604,10.);
#1326=VECTOR('',#4607,10.);
#1327=VECTOR('',#4608,10.);
#1328=VECTOR('',#4611,10.);
#1329=VECTOR('',#4614,10.);
#1330=VECTOR('',#4615,10.);
#1331=VECTOR('',#4616,10.);
#1332=VECTOR('',#4619,10.);
#1333=VECTOR('',#4620,10.);
#1334=VECTOR('',#4621,10.);
#1335=VECTOR('',#4622,10.);
#1336=VECTOR('',#4627,10.);
#1337=VECTOR('',#4628,10.);
#1338=VECTOR('',#4629,10.);
#1339=VECTOR('',#4630,10.);
#1340=VECTOR('',#4635,10.);
#1341=VECTOR('',#4638,10.);
#1342=VECTOR('',#4639,10.);
#1343=VECTOR('',#4646,1.6);
#1344=VECTOR('',#4649,1.6);
#1345=VECTOR('',#4652,1.6);
#1346=VECTOR('',#4655,1.6);
#1347=VECTOR('',#4658,10.);
#1348=VECTOR('',#4661,10.);
#1349=VECTOR('',#4664,10.);
#1350=VECTOR('',#4665,10.);
#1351=VECTOR('',#4668,10.);
#1352=VECTOR('',#4671,10.);
#1353=VECTOR('',#4674,10.);
#1354=VECTOR('',#4675,10.);
#1355=VECTOR('',#4676,10.);
#1356=VECTOR('',#4679,10.);
#1357=VECTOR('',#4682,10.);
#1358=VECTOR('',#4689,10.);
#1359=VECTOR('',#4692,10.);
#1360=VECTOR('',#4695,10.);
#1361=VECTOR('',#4696,10.);
#1362=VECTOR('',#4697,10.);
#1363=VECTOR('',#4700,10.);
#1364=VECTOR('',#4703,10.);
#1365=VECTOR('',#4704,10.);
#1366=VECTOR('',#4705,10.);
#1367=VECTOR('',#4706,10.);
#1368=VECTOR('',#4707,10.);
#1369=VECTOR('',#4708,10.);
#1370=VECTOR('',#4709,10.);
#1371=VECTOR('',#4710,10.);
#1372=VECTOR('',#4711,10.);
#1373=VECTOR('',#4714,10.);
#1374=VECTOR('',#4721,10.);
#1375=VECTOR('',#4724,10.);
#1376=VECTOR('',#4725,10.);
#1377=VECTOR('',#4730,10.);
#1378=VECTOR('',#4731,10.);
#1379=VECTOR('',#4734,10.);
#1380=VECTOR('',#4739,10.);
#1381=VECTOR('',#4742,10.);
#1382=VECTOR('',#4743,10.);
#1383=VECTOR('',#4744,10.);
#1384=VECTOR('',#4745,10.);
#1385=VECTOR('',#4746,10.);
#1386=VECTOR('',#4747,10.);
#1387=VECTOR('',#4750,10.);
#1388=VECTOR('',#4753,10.);
#1389=VECTOR('',#4756,10.);
#1390=VECTOR('',#4759,10.);
#1391=VECTOR('',#4762,10.);
#1392=VECTOR('',#4763,10.);
#1393=VECTOR('',#4764,10.);
#1394=VECTOR('',#4765,10.);
#1395=VECTOR('',#4766,10.);
#1396=VECTOR('',#4767,10.);
#1397=VECTOR('',#4768,10.);
#1398=VECTOR('',#4769,10.);
#1399=VECTOR('',#4770,10.);
#1400=VECTOR('',#4771,10.);
#1401=VECTOR('',#4772,10.);
#1402=VECTOR('',#4777,10.);
#1403=VECTOR('',#4778,10.);
#1404=VECTOR('',#4779,10.);
#1405=VECTOR('',#4780,10.);
#1406=VECTOR('',#4781,10.);
#1407=VECTOR('',#4782,10.);
#1408=VECTOR('',#4789,10.);
#1409=VECTOR('',#4790,10.);
#1410=VECTOR('',#4791,10.);
#1411=VECTOR('',#4792,10.);
#1412=VECTOR('',#4795,10.);
#1413=VECTOR('',#4796,10.);
#1414=VECTOR('',#4797,10.);
#1415=VECTOR('',#4800,10.);
#1416=VECTOR('',#4801,10.);
#1417=VECTOR('',#4802,10.);
#1418=VECTOR('',#4805,10.);
#1419=VECTOR('',#4806,10.);
#1420=VECTOR('',#4807,10.);
#1421=VECTOR('',#4810,10.);
#1422=VECTOR('',#4811,10.);
#1423=VECTOR('',#4812,10.);
#1424=VECTOR('',#4815,10.);
#1425=VECTOR('',#4816,10.);
#1426=VECTOR('',#4819,10.);
#1427=VECTOR('',#4820,10.);
#1428=VECTOR('',#4823,10.);
#1429=VECTOR('',#4824,10.);
#1430=VECTOR('',#4827,10.);
#1431=VECTOR('',#4828,10.);
#1432=VECTOR('',#4831,10.);
#1433=VECTOR('',#4832,10.);
#1434=VECTOR('',#4833,10.);
#1435=VECTOR('',#4834,10.);
#1436=VECTOR('',#4837,10.);
#1437=VECTOR('',#4838,10.);
#1438=VECTOR('',#4839,10.);
#1439=VECTOR('',#4840,10.);
#1440=VECTOR('',#4843,10.);
#1441=VECTOR('',#4844,10.);
#1442=VECTOR('',#4845,10.);
#1443=VECTOR('',#4846,10.);
#1444=VECTOR('',#4849,10.);
#1445=VECTOR('',#4850,10.);
#1446=VECTOR('',#4851,10.);
#1447=VECTOR('',#4852,10.);
#1448=VECTOR('',#4855,10.);
#1449=VECTOR('',#4856,10.);
#1450=VECTOR('',#4857,10.);
#1451=VECTOR('',#4858,10.);
#1452=VECTOR('',#4861,10.);
#1453=VECTOR('',#4862,10.);
#1454=VECTOR('',#4863,10.);
#1455=VECTOR('',#4866,10.);
#1456=VECTOR('',#4867,10.);
#1457=VECTOR('',#4868,10.);
#1458=VECTOR('',#4869,10.);
#1459=VECTOR('',#4872,10.);
#1460=VECTOR('',#4873,10.);
#1461=VECTOR('',#4874,10.);
#1462=VECTOR('',#4875,10.);
#1463=VECTOR('',#4878,10.);
#1464=VECTOR('',#4879,10.);
#1465=VECTOR('',#4880,10.);
#1466=VECTOR('',#4881,10.);
#1467=VECTOR('',#4884,10.);
#1468=VECTOR('',#4885,10.);
#1469=VECTOR('',#4886,10.);
#1470=VECTOR('',#4887,10.);
#1471=VECTOR('',#4890,10.);
#1472=VECTOR('',#4891,10.);
#1473=VECTOR('',#4892,10.);
#1474=VECTOR('',#4893,10.);
#1475=VECTOR('',#4896,10.);
#1476=VECTOR('',#4897,10.);
#1477=VECTOR('',#4898,10.);
#1478=VECTOR('',#4899,10.);
#1479=VECTOR('',#4902,10.);
#1480=VECTOR('',#4903,10.);
#1481=VECTOR('',#4904,10.);
#1482=VECTOR('',#4905,10.);
#1483=VECTOR('',#4908,10.);
#1484=VECTOR('',#4909,10.);
#1485=VECTOR('',#4910,10.);
#1486=VECTOR('',#4911,10.);
#1487=VECTOR('',#4914,10.);
#1488=VECTOR('',#4915,10.);
#1489=VECTOR('',#4916,10.);
#1490=VECTOR('',#4917,10.);
#1491=VECTOR('',#4920,10.);
#1492=VECTOR('',#4921,10.);
#1493=VECTOR('',#4922,10.);
#1494=VECTOR('',#4923,10.);
#1495=VECTOR('',#4926,10.);
#1496=VECTOR('',#4927,10.);
#1497=VECTOR('',#4928,10.);
#1498=VECTOR('',#4929,10.);
#1499=VECTOR('',#4932,10.);
#1500=VECTOR('',#4933,10.);
#1501=VECTOR('',#4934,10.);
#1502=VECTOR('',#4935,10.);
#1503=VECTOR('',#4938,10.);
#1504=VECTOR('',#4939,10.);
#1505=VECTOR('',#4940,10.);
#1506=VECTOR('',#4941,10.);
#1507=VECTOR('',#4944,10.);
#1508=VECTOR('',#4945,10.);
#1509=VECTOR('',#4946,10.);
#1510=VECTOR('',#4947,10.);
#1511=VECTOR('',#4950,10.);
#1512=VECTOR('',#4951,10.);
#1513=VECTOR('',#4952,10.);
#1514=VECTOR('',#4953,10.);
#1515=VECTOR('',#4956,10.);
#1516=VECTOR('',#4957,10.);
#1517=VECTOR('',#4958,10.);
#1518=VECTOR('',#4959,10.);
#1519=VECTOR('',#4962,10.);
#1520=VECTOR('',#4963,10.);
#1521=VECTOR('',#4966,10.);
#1522=VECTOR('',#4967,10.);
#1523=VECTOR('',#4970,10.);
#1524=VECTOR('',#4971,10.);
#1525=VECTOR('',#4974,10.);
#1526=VECTOR('',#4975,10.);
#1527=VECTOR('',#4978,10.);
#1528=VECTOR('',#4979,10.);
#1529=VECTOR('',#4982,10.);
#1530=VECTOR('',#4983,10.);
#1531=VECTOR('',#4986,10.);
#1532=VECTOR('',#4987,10.);
#1533=VECTOR('',#4990,10.);
#1534=VECTOR('',#4991,10.);
#1535=VECTOR('',#4992,10.);
#1536=VECTOR('',#4995,10.);
#1537=VECTOR('',#4996,10.);
#1538=VECTOR('',#4999,10.);
#1539=VECTOR('',#5000,10.);
#1540=VECTOR('',#5003,10.);
#1541=VECTOR('',#5004,10.);
#1542=VECTOR('',#5005,10.);
#1543=VECTOR('',#5006,10.);
#1544=VECTOR('',#5007,10.);
#1545=VECTOR('',#5008,10.);
#1546=VECTOR('',#5013,10.);
#1547=VECTOR('',#5016,10.);
#1548=VECTOR('',#5019,10.);
#1549=VECTOR('',#5022,10.);
#1550=VECTOR('',#5025,10.);
#1551=VECTOR('',#5026,10.);
#1552=VECTOR('',#5027,10.);
#1553=VECTOR('',#5030,10.);
#1554=VECTOR('',#5031,10.);
#1555=VECTOR('',#5032,10.);
#1556=VECTOR('',#5033,10.);
#1557=VECTOR('',#5034,10.);
#1558=VECTOR('',#5035,10.);
#1559=VECTOR('',#5036,10.);
#1560=VECTOR('',#5037,10.);
#1561=VECTOR('',#5038,10.);
#1562=VECTOR('',#5039,10.);
#1563=VECTOR('',#5040,10.);
#1564=VECTOR('',#5041,10.);
#1565=VECTOR('',#5042,10.);
#1566=VECTOR('',#5043,10.);
#1567=VECTOR('',#5044,10.);
#1568=VECTOR('',#5045,10.);
#1569=VECTOR('',#5046,10.);
#1570=VECTOR('',#5047,10.);
#1571=VECTOR('',#5048,10.);
#1572=VECTOR('',#5049,10.);
#1573=VECTOR('',#5050,10.);
#1574=VECTOR('',#5051,10.);
#1575=VECTOR('',#5052,10.);
#1576=VECTOR('',#5055,10.);
#1577=VECTOR('',#5056,10.);
#1578=VECTOR('',#5059,10.);
#1579=VECTOR('',#5060,10.);
#1580=VECTOR('',#5063,10.);
#1581=VECTOR('',#5066,10.);
#1582=VECTOR('',#5069,10.);
#1583=VECTOR('',#5070,10.);
#1584=VECTOR('',#5073,10.);
#1585=VECTOR('',#5074,10.);
#1586=VECTOR('',#5077,10.);
#1587=VECTOR('',#5078,10.);
#1588=VECTOR('',#5081,10.);
#1589=VECTOR('',#5082,10.);
#1590=VECTOR('',#5085,10.);
#1591=VECTOR('',#5086,10.);
#1592=VECTOR('',#5091,10.);
#1593=VECTOR('',#5092,10.);
#1594=VECTOR('',#5093,10.);
#1595=VECTOR('',#5094,10.);
#1596=VECTOR('',#5097,10.);
#1597=VECTOR('',#5098,10.);
#1598=VECTOR('',#5099,10.);
#1599=VECTOR('',#5104,10.);
#1600=VECTOR('',#5107,10.);
#1601=VECTOR('',#5108,10.);
#1602=VECTOR('',#5115,10.);
#1603=VECTOR('',#5116,10.);
#1604=VECTOR('',#5117,10.);
#1605=VECTOR('',#5120,10.);
#1606=VECTOR('',#5121,10.);
#1607=VECTOR('',#5124,10.);
#1608=VECTOR('',#5125,10.);
#1609=VECTOR('',#5126,10.);
#1610=VECTOR('',#5131,10.);
#1611=VECTOR('',#5134,10.);
#1612=VECTOR('',#5135,10.);
#1613=VECTOR('',#5142,10.);
#1614=VECTOR('',#5143,10.);
#1615=VECTOR('',#5144,10.);
#1616=VECTOR('',#5147,10.);
#1617=VECTOR('',#5148,10.);
#1618=VECTOR('',#5149,10.);
#1619=VECTOR('',#5152,10.);
#1620=VECTOR('',#5155,10.);
#1621=VECTOR('',#5156,10.);
#1622=VECTOR('',#5157,10.);
#1623=VECTOR('',#5158,10.);
#1624=VECTOR('',#5159,10.);
#1625=VECTOR('',#5160,10.);
#1626=VECTOR('',#5161,10.);
#1627=VECTOR('',#5162,10.);
#1628=VECTOR('',#5165,10.);
#1629=VECTOR('',#5166,10.);
#1630=VECTOR('',#5167,10.);
#1631=VECTOR('',#5170,10.);
#1632=VECTOR('',#5171,10.);
#1633=VECTOR('',#5174,10.);
#1634=VECTOR('',#5175,10.);
#1635=VECTOR('',#5178,10.);
#1636=VECTOR('',#5179,10.);
#1637=VECTOR('',#5182,10.);
#1638=VECTOR('',#5183,10.);
#1639=VECTOR('',#5186,10.);
#1640=VECTOR('',#5187,10.);
#1641=VECTOR('',#5190,10.);
#1642=VECTOR('',#5191,10.);
#1643=VECTOR('',#5194,10.);
#1644=VECTOR('',#5195,10.);
#1645=VECTOR('',#5198,1.6);
#1646=VECTOR('',#5203,1.6);
#1647=VECTOR('',#5208,1.6);
#1648=VECTOR('',#5213,1.6);
#1649=VECTOR('',#5220,10.);
#1650=VECTOR('',#5223,10.);
#1651=VECTOR('',#5224,10.);
#1652=VECTOR('',#5227,10.);
#1653=VECTOR('',#5228,10.);
#1654=VECTOR('',#5231,10.);
#1655=CIRCLE('',#4042,3.);
#1656=CIRCLE('',#4043,3.);
#1657=CIRCLE('',#4046,3.);
#1658=CIRCLE('',#4047,3.);
#1659=CIRCLE('',#4048,3.);
#1660=CIRCLE('',#4049,1.6);
#1661=CIRCLE('',#4050,1.6);
#1662=CIRCLE('',#4052,3.);
#1663=CIRCLE('',#4055,3.);
#1664=CIRCLE('',#4056,3.);
#1665=CIRCLE('',#4057,1.60000000000001);
#1666=CIRCLE('',#4058,1.60000000000001);
#1667=CIRCLE('',#4059,1.60000000000001);
#1668=CIRCLE('',#4060,1.60000000000001);
#1669=CIRCLE('',#4113,1.6);
#1670=CIRCLE('',#4115,1.6);
#1671=CIRCLE('',#4134,3.);
#1672=CIRCLE('',#4135,3.);
#1673=CIRCLE('',#4138,3.);
#1674=CIRCLE('',#4139,3.);
#1675=CIRCLE('',#4140,3.);
#1676=CIRCLE('',#4142,3.);
#1677=CIRCLE('',#4145,3.);
#1678=CIRCLE('',#4148,3.);
#1679=CIRCLE('',#4150,2.);
#1680=CIRCLE('',#4151,2.);
#1681=CIRCLE('',#4152,2.);
#1682=CIRCLE('',#4153,2.);
#1683=CIRCLE('',#4154,1.6);
#1684=CIRCLE('',#4155,1.6);
#1685=CIRCLE('',#4156,1.6);
#1686=CIRCLE('',#4157,1.6);
#1687=CIRCLE('',#4158,1.6);
#1688=CIRCLE('',#4201,1.6);
#1689=CIRCLE('',#4202,1.6);
#1690=CIRCLE('',#4203,2.);
#1691=CIRCLE('',#4204,2.);
#1692=CIRCLE('',#4205,2.);
#1693=CIRCLE('',#4206,2.);
#1694=CIRCLE('',#4207,1.6);
#1695=CIRCLE('',#4221,2.);
#1696=CIRCLE('',#4224,2.);
#1697=CIRCLE('',#4229,2.);
#1698=CIRCLE('',#4232,2.);
#1699=CIRCLE('',#4246,1.6);
#1700=CIRCLE('',#4248,1.6);
#1701=CIRCLE('',#4250,1.6);
#1702=CIRCLE('',#4252,1.6);
#1703=VERTEX_POINT('',#5236);
#1704=VERTEX_POINT('',#5237);
#1705=VERTEX_POINT('',#5239);
#1706=VERTEX_POINT('',#5241);
#1707=VERTEX_POINT('',#5245);
#1708=VERTEX_POINT('',#5247);
#1709=VERTEX_POINT('',#5251);
#1710=VERTEX_POINT('',#5253);
#1711=VERTEX_POINT('',#5255);
#1712=VERTEX_POINT('',#5257);
#1713=VERTEX_POINT('',#5259);
#1714=VERTEX_POINT('',#5261);
#1715=VERTEX_POINT('',#5263);
#1716=VERTEX_POINT('',#5265);
#1717=VERTEX_POINT('',#5267);
#1718=VERTEX_POINT('',#5269);
#1719=VERTEX_POINT('',#5271);
#1720=VERTEX_POINT('',#5273);
#1721=VERTEX_POINT('',#5275);
#1722=VERTEX_POINT('',#5277);
#1723=VERTEX_POINT('',#5279);
#1724=VERTEX_POINT('',#5281);
#1725=VERTEX_POINT('',#5283);
#1726=VERTEX_POINT('',#5285);
#1727=VERTEX_POINT('',#5287);
#1728=VERTEX_POINT('',#5289);
#1729=VERTEX_POINT('',#5291);
#1730=VERTEX_POINT('',#5293);
#1731=VERTEX_POINT('',#5295);
#1732=VERTEX_POINT('',#5298);
#1733=VERTEX_POINT('',#5300);
#1734=VERTEX_POINT('',#5303);
#1735=VERTEX_POINT('',#5304);
#1736=VERTEX_POINT('',#5309);
#1737=VERTEX_POINT('',#5313);
#1738=VERTEX_POINT('',#5315);
#1739=VERTEX_POINT('',#5317);
#1740=VERTEX_POINT('',#5319);
#1741=VERTEX_POINT('',#5321);
#1742=VERTEX_POINT('',#5323);
#1743=VERTEX_POINT('',#5327);
#1744=VERTEX_POINT('',#5328);
#1745=VERTEX_POINT('',#5330);
#1746=VERTEX_POINT('',#5332);
#1747=VERTEX_POINT('',#5334);
#1748=VERTEX_POINT('',#5337);
#1749=VERTEX_POINT('',#5338);
#1750=VERTEX_POINT('',#5340);
#1751=VERTEX_POINT('',#5342);
#1752=VERTEX_POINT('',#5345);
#1753=VERTEX_POINT('',#5346);
#1754=VERTEX_POINT('',#5348);
#1755=VERTEX_POINT('',#5350);
#1756=VERTEX_POINT('',#5353);
#1757=VERTEX_POINT('',#5354);
#1758=VERTEX_POINT('',#5356);
#1759=VERTEX_POINT('',#5358);
#1760=VERTEX_POINT('',#5360);
#1761=VERTEX_POINT('',#5362);
#1762=VERTEX_POINT('',#5365);
#1763=VERTEX_POINT('',#5366);
#1764=VERTEX_POINT('',#5368);
#1765=VERTEX_POINT('',#5370);
#1766=VERTEX_POINT('',#5373);
#1767=VERTEX_POINT('',#5374);
#1768=VERTEX_POINT('',#5376);
#1769=VERTEX_POINT('',#5378);
#1770=VERTEX_POINT('',#5381);
#1771=VERTEX_POINT('',#5382);
#1772=VERTEX_POINT('',#5384);
#1773=VERTEX_POINT('',#5386);
#1774=VERTEX_POINT('',#5389);
#1775=VERTEX_POINT('',#5390);
#1776=VERTEX_POINT('',#5392);
#1777=VERTEX_POINT('',#5394);
#1778=VERTEX_POINT('',#5397);
#1779=VERTEX_POINT('',#5398);
#1780=VERTEX_POINT('',#5400);
#1781=VERTEX_POINT('',#5402);
#1782=VERTEX_POINT('',#5404);
#1783=VERTEX_POINT('',#5407);
#1784=VERTEX_POINT('',#5408);
#1785=VERTEX_POINT('',#5410);
#1786=VERTEX_POINT('',#5412);
#1787=VERTEX_POINT('',#5415);
#1788=VERTEX_POINT('',#5416);
#1789=VERTEX_POINT('',#5418);
#1790=VERTEX_POINT('',#5420);
#1791=VERTEX_POINT('',#5423);
#1792=VERTEX_POINT('',#5425);
#1793=VERTEX_POINT('',#5427);
#1794=VERTEX_POINT('',#5429);
#1795=VERTEX_POINT('',#5440);
#1796=VERTEX_POINT('',#5441);
#1797=VERTEX_POINT('',#5446);
#1798=VERTEX_POINT('',#5447);
#1799=VERTEX_POINT('',#5452);
#1800=VERTEX_POINT('',#5453);
#1801=VERTEX_POINT('',#5458);
#1802=VERTEX_POINT('',#5459);
#1803=VERTEX_POINT('',#5464);
#1804=VERTEX_POINT('',#5465);
#1805=VERTEX_POINT('',#5470);
#1806=VERTEX_POINT('',#5474);
#1807=VERTEX_POINT('',#5478);
#1808=VERTEX_POINT('',#5479);
#1809=VERTEX_POINT('',#5484);
#1810=VERTEX_POINT('',#5485);
#1811=VERTEX_POINT('',#5490);
#1812=VERTEX_POINT('',#5494);
#1813=VERTEX_POINT('',#5495);
#1814=VERTEX_POINT('',#5500);
#1815=VERTEX_POINT('',#5501);
#1816=VERTEX_POINT('',#5506);
#1817=VERTEX_POINT('',#5507);
#1818=VERTEX_POINT('',#5512);
#1819=VERTEX_POINT('',#5513);
#1820=VERTEX_POINT('',#5518);
#1821=VERTEX_POINT('',#5519);
#1822=VERTEX_POINT('',#5524);
#1823=VERTEX_POINT('',#5525);
#1824=VERTEX_POINT('',#5530);
#1825=VERTEX_POINT('',#5531);
#1826=VERTEX_POINT('',#5536);
#1827=VERTEX_POINT('',#5540);
#1828=VERTEX_POINT('',#5544);
#1829=VERTEX_POINT('',#5545);
#1830=VERTEX_POINT('',#5550);
#1831=VERTEX_POINT('',#5554);
#1832=VERTEX_POINT('',#5558);
#1833=VERTEX_POINT('',#5559);
#1834=VERTEX_POINT('',#5564);
#1835=VERTEX_POINT('',#5565);
#1836=VERTEX_POINT('',#5570);
#1837=VERTEX_POINT('',#5571);
#1838=VERTEX_POINT('',#5576);
#1839=VERTEX_POINT('',#5577);
#1840=VERTEX_POINT('',#5582);
#1841=VERTEX_POINT('',#5586);
#1842=VERTEX_POINT('',#5598);
#1843=VERTEX_POINT('',#5605);
#1844=VERTEX_POINT('',#5607);
#1845=VERTEX_POINT('',#5609);
#1846=VERTEX_POINT('',#5611);
#1847=VERTEX_POINT('',#5613);
#1848=VERTEX_POINT('',#5617);
#1849=VERTEX_POINT('',#5623);
#1850=VERTEX_POINT('',#5625);
#1851=VERTEX_POINT('',#5632);
#1852=VERTEX_POINT('',#5634);
#1853=VERTEX_POINT('',#5638);
#1854=VERTEX_POINT('',#5640);
#1855=VERTEX_POINT('',#5644);
#1856=VERTEX_POINT('',#5653);
#1857=VERTEX_POINT('',#5657);
#1858=VERTEX_POINT('',#5661);
#1859=VERTEX_POINT('',#5665);
#1860=VERTEX_POINT('',#5669);
#1861=VERTEX_POINT('',#5675);
#1862=VERTEX_POINT('',#5677);
#1863=VERTEX_POINT('',#5681);
#1864=VERTEX_POINT('',#5682);
#1865=VERTEX_POINT('',#5684);
#1866=VERTEX_POINT('',#5686);
#1867=VERTEX_POINT('',#5689);
#1868=VERTEX_POINT('',#5692);
#1869=VERTEX_POINT('',#5693);
#1870=VERTEX_POINT('',#5695);
#1871=VERTEX_POINT('',#5697);
#1872=VERTEX_POINT('',#5700);
#1873=VERTEX_POINT('',#5729);
#1874=VERTEX_POINT('',#5739);
#1875=VERTEX_POINT('',#5740);
#1876=VERTEX_POINT('',#5742);
#1877=VERTEX_POINT('',#5744);
#1878=VERTEX_POINT('',#5748);
#1879=VERTEX_POINT('',#5750);
#1880=VERTEX_POINT('',#5754);
#1881=VERTEX_POINT('',#5756);
#1882=VERTEX_POINT('',#5758);
#1883=VERTEX_POINT('',#5760);
#1884=VERTEX_POINT('',#5762);
#1885=VERTEX_POINT('',#5764);
#1886=VERTEX_POINT('',#5766);
#1887=VERTEX_POINT('',#5768);
#1888=VERTEX_POINT('',#5770);
#1889=VERTEX_POINT('',#5772);
#1890=VERTEX_POINT('',#5774);
#1891=VERTEX_POINT('',#5776);
#1892=VERTEX_POINT('',#5778);
#1893=VERTEX_POINT('',#5782);
#1894=VERTEX_POINT('',#5786);
#1895=VERTEX_POINT('',#5790);
#1896=VERTEX_POINT('',#5791);
#1897=VERTEX_POINT('',#5798);
#1898=VERTEX_POINT('',#5802);
#1899=VERTEX_POINT('',#5804);
#1900=VERTEX_POINT('',#5806);
#1901=VERTEX_POINT('',#5808);
#1902=VERTEX_POINT('',#5810);
#1903=VERTEX_POINT('',#5812);
#1904=VERTEX_POINT('',#5814);
#1905=VERTEX_POINT('',#5816);
#1906=VERTEX_POINT('',#5818);
#1907=VERTEX_POINT('',#5820);
#1908=VERTEX_POINT('',#5822);
#1909=VERTEX_POINT('',#5824);
#1910=VERTEX_POINT('',#5826);
#1911=VERTEX_POINT('',#5828);
#1912=VERTEX_POINT('',#5830);
#1913=VERTEX_POINT('',#5832);
#1914=VERTEX_POINT('',#5834);
#1915=VERTEX_POINT('',#5836);
#1916=VERTEX_POINT('',#5838);
#1917=VERTEX_POINT('',#5840);
#1918=VERTEX_POINT('',#5842);
#1919=VERTEX_POINT('',#5844);
#1920=VERTEX_POINT('',#5846);
#1921=VERTEX_POINT('',#5848);
#1922=VERTEX_POINT('',#5850);
#1923=VERTEX_POINT('',#5852);
#1924=VERTEX_POINT('',#5854);
#1925=VERTEX_POINT('',#5856);
#1926=VERTEX_POINT('',#5858);
#1927=VERTEX_POINT('',#5860);
#1928=VERTEX_POINT('',#5862);
#1929=VERTEX_POINT('',#5864);
#1930=VERTEX_POINT('',#5866);
#1931=VERTEX_POINT('',#5869);
#1932=VERTEX_POINT('',#5871);
#1933=VERTEX_POINT('',#5874);
#1934=VERTEX_POINT('',#5875);
#1935=VERTEX_POINT('',#5877);
#1936=VERTEX_POINT('',#5879);
#1937=VERTEX_POINT('',#5883);
#1938=VERTEX_POINT('',#5885);
#1939=VERTEX_POINT('',#5889);
#1940=VERTEX_POINT('',#5891);
#1941=VERTEX_POINT('',#5895);
#1942=VERTEX_POINT('',#5897);
#1943=VERTEX_POINT('',#5901);
#1944=VERTEX_POINT('',#5903);
#1945=VERTEX_POINT('',#5907);
#1946=VERTEX_POINT('',#5911);
#1947=VERTEX_POINT('',#5915);
#1948=VERTEX_POINT('',#5919);
#1949=VERTEX_POINT('',#5923);
#1950=VERTEX_POINT('',#5924);
#1951=VERTEX_POINT('',#5926);
#1952=VERTEX_POINT('',#5928);
#1953=VERTEX_POINT('',#5932);
#1954=VERTEX_POINT('',#5933);
#1955=VERTEX_POINT('',#5935);
#1956=VERTEX_POINT('',#5937);
#1957=VERTEX_POINT('',#5941);
#1958=VERTEX_POINT('',#5942);
#1959=VERTEX_POINT('',#5944);
#1960=VERTEX_POINT('',#5946);
#1961=VERTEX_POINT('',#5950);
#1962=VERTEX_POINT('',#5951);
#1963=VERTEX_POINT('',#5953);
#1964=VERTEX_POINT('',#5955);
#1965=VERTEX_POINT('',#5959);
#1966=VERTEX_POINT('',#5960);
#1967=VERTEX_POINT('',#5962);
#1968=VERTEX_POINT('',#5964);
#1969=VERTEX_POINT('',#5968);
#1970=VERTEX_POINT('',#5970);
#1971=VERTEX_POINT('',#5974);
#1972=VERTEX_POINT('',#5975);
#1973=VERTEX_POINT('',#5977);
#1974=VERTEX_POINT('',#5979);
#1975=VERTEX_POINT('',#5983);
#1976=VERTEX_POINT('',#5984);
#1977=VERTEX_POINT('',#5986);
#1978=VERTEX_POINT('',#5988);
#1979=VERTEX_POINT('',#5992);
#1980=VERTEX_POINT('',#5993);
#1981=VERTEX_POINT('',#5995);
#1982=VERTEX_POINT('',#5997);
#1983=VERTEX_POINT('',#6001);
#1984=VERTEX_POINT('',#6002);
#1985=VERTEX_POINT('',#6004);
#1986=VERTEX_POINT('',#6006);
#1987=VERTEX_POINT('',#6010);
#1988=VERTEX_POINT('',#6011);
#1989=VERTEX_POINT('',#6013);
#1990=VERTEX_POINT('',#6015);
#1991=VERTEX_POINT('',#6019);
#1992=VERTEX_POINT('',#6020);
#1993=VERTEX_POINT('',#6022);
#1994=VERTEX_POINT('',#6024);
#1995=VERTEX_POINT('',#6028);
#1996=VERTEX_POINT('',#6029);
#1997=VERTEX_POINT('',#6031);
#1998=VERTEX_POINT('',#6033);
#1999=VERTEX_POINT('',#6037);
#2000=VERTEX_POINT('',#6038);
#2001=VERTEX_POINT('',#6040);
#2002=VERTEX_POINT('',#6042);
#2003=VERTEX_POINT('',#6046);
#2004=VERTEX_POINT('',#6047);
#2005=VERTEX_POINT('',#6049);
#2006=VERTEX_POINT('',#6051);
#2007=VERTEX_POINT('',#6055);
#2008=VERTEX_POINT('',#6056);
#2009=VERTEX_POINT('',#6058);
#2010=VERTEX_POINT('',#6060);
#2011=VERTEX_POINT('',#6064);
#2012=VERTEX_POINT('',#6065);
#2013=VERTEX_POINT('',#6067);
#2014=VERTEX_POINT('',#6069);
#2015=VERTEX_POINT('',#6073);
#2016=VERTEX_POINT('',#6074);
#2017=VERTEX_POINT('',#6076);
#2018=VERTEX_POINT('',#6078);
#2019=VERTEX_POINT('',#6082);
#2020=VERTEX_POINT('',#6083);
#2021=VERTEX_POINT('',#6085);
#2022=VERTEX_POINT('',#6087);
#2023=VERTEX_POINT('',#6091);
#2024=VERTEX_POINT('',#6092);
#2025=VERTEX_POINT('',#6094);
#2026=VERTEX_POINT('',#6096);
#2027=VERTEX_POINT('',#6100);
#2028=VERTEX_POINT('',#6101);
#2029=VERTEX_POINT('',#6103);
#2030=VERTEX_POINT('',#6105);
#2031=VERTEX_POINT('',#6109);
#2032=VERTEX_POINT('',#6110);
#2033=VERTEX_POINT('',#6112);
#2034=VERTEX_POINT('',#6114);
#2035=VERTEX_POINT('',#6118);
#2036=VERTEX_POINT('',#6140);
#2037=VERTEX_POINT('',#6151);
#2038=VERTEX_POINT('',#6153);
#2039=VERTEX_POINT('',#6158);
#2040=VERTEX_POINT('',#6160);
#2041=VERTEX_POINT('',#6162);
#2042=VERTEX_POINT('',#6164);
#2043=VERTEX_POINT('',#6166);
#2044=VERTEX_POINT('',#6168);
#2045=VERTEX_POINT('',#6170);
#2046=VERTEX_POINT('',#6172);
#2047=VERTEX_POINT('',#6174);
#2048=VERTEX_POINT('',#6176);
#2049=VERTEX_POINT('',#6178);
#2050=VERTEX_POINT('',#6180);
#2051=VERTEX_POINT('',#6182);
#2052=VERTEX_POINT('',#6184);
#2053=VERTEX_POINT('',#6186);
#2054=VERTEX_POINT('',#6197);
#2055=VERTEX_POINT('',#6239);
#2056=VERTEX_POINT('',#6240);
#2057=VERTEX_POINT('',#6242);
#2058=VERTEX_POINT('',#6244);
#2059=VERTEX_POINT('',#6248);
#2060=VERTEX_POINT('',#6249);
#2061=VERTEX_POINT('',#6254);
#2062=VERTEX_POINT('',#6258);
#2063=VERTEX_POINT('',#6264);
#2064=VERTEX_POINT('',#6265);
#2065=VERTEX_POINT('',#6273);
#2066=VERTEX_POINT('',#6274);
#2067=VERTEX_POINT('',#6279);
#2068=VERTEX_POINT('',#6283);
#2069=VERTEX_POINT('',#6289);
#2070=VERTEX_POINT('',#6290);
#2071=VERTEX_POINT('',#6295);
#2072=VERTEX_POINT('',#6296);
#2073=VERTEX_POINT('',#6303);
#2074=VERTEX_POINT('',#6305);
#2075=VERTEX_POINT('',#6307);
#2076=VERTEX_POINT('',#6309);
#2077=VERTEX_POINT('',#6312);
#2078=VERTEX_POINT('',#6314);
#2079=VERTEX_POINT('',#6318);
#2080=VERTEX_POINT('',#6320);
#2081=VERTEX_POINT('',#6324);
#2082=VERTEX_POINT('',#6328);
#2083=VERTEX_POINT('',#6332);
#2084=VERTEX_POINT('',#6336);
#2085=VERTEX_POINT('',#6340);
#2086=VERTEX_POINT('',#6344);
#2087=VERTEX_POINT('',#6351);
#2088=VERTEX_POINT('',#6355);
#2089=VERTEX_POINT('',#6359);
#2090=VERTEX_POINT('',#6363);
#2091=VERTEX_POINT('',#6370);
#2092=VERTEX_POINT('',#6374);
#2093=EDGE_CURVE('',#1703,#1704,#1655,.T.);
#2094=EDGE_CURVE('',#1704,#1705,#581,.T.);
#2095=EDGE_CURVE('',#1705,#1706,#1656,.T.);
#2096=EDGE_CURVE('',#1706,#1703,#582,.T.);
#2097=EDGE_CURVE('',#1707,#1706,#583,.T.);
#2098=EDGE_CURVE('',#1708,#1707,#584,.T.);
#2099=EDGE_CURVE('',#1703,#1708,#585,.T.);
#2100=EDGE_CURVE('',#1705,#1709,#586,.T.);
#2101=EDGE_CURVE('',#1710,#1709,#1657,.T.);
#2102=EDGE_CURVE('',#1710,#1711,#587,.T.);
#2103=EDGE_CURVE('',#1712,#1711,#1658,.T.);
#2104=EDGE_CURVE('',#1712,#1713,#588,.T.);
#2105=EDGE_CURVE('',#1714,#1713,#589,.T.);
#2106=EDGE_CURVE('',#1715,#1714,#590,.T.);
#2107=EDGE_CURVE('',#1715,#1716,#591,.T.);
#2108=EDGE_CURVE('',#1716,#1717,#592,.T.);
#2109=EDGE_CURVE('',#1717,#1718,#593,.T.);
#2110=EDGE_CURVE('',#1718,#1719,#594,.T.);
#2111=EDGE_CURVE('',#1720,#1719,#595,.T.);
#2112=EDGE_CURVE('',#1720,#1721,#596,.T.);
#2113=EDGE_CURVE('',#1721,#1722,#597,.T.);
#2114=EDGE_CURVE('',#1722,#1723,#598,.T.);
#2115=EDGE_CURVE('',#1723,#1724,#599,.T.);
#2116=EDGE_CURVE('',#1724,#1725,#600,.T.);
#2117=EDGE_CURVE('',#1726,#1725,#601,.T.);
#2118=EDGE_CURVE('',#1726,#1727,#602,.T.);
#2119=EDGE_CURVE('',#1727,#1728,#603,.T.);
#2120=EDGE_CURVE('',#1729,#1728,#604,.T.);
#2121=EDGE_CURVE('',#1729,#1730,#605,.T.);
#2122=EDGE_CURVE('',#1730,#1731,#606,.T.);
#2123=EDGE_CURVE('',#1707,#1731,#1659,.T.);
#2124=EDGE_CURVE('',#1732,#1732,#1660,.T.);
#2125=EDGE_CURVE('',#1733,#1733,#1661,.T.);
#2126=EDGE_CURVE('',#1734,#1735,#1662,.T.);
#2127=EDGE_CURVE('',#1735,#1710,#607,.T.);
#2128=EDGE_CURVE('',#1709,#1734,#608,.T.);
#2129=EDGE_CURVE('',#1736,#1735,#609,.T.);
#2130=EDGE_CURVE('',#1711,#1736,#610,.T.);
#2131=EDGE_CURVE('',#1737,#1708,#1663,.T.);
#2132=EDGE_CURVE('',#1737,#1738,#611,.T.);
#2133=EDGE_CURVE('',#1738,#1739,#612,.T.);
#2134=EDGE_CURVE('',#1739,#1740,#613,.T.);
#2135=EDGE_CURVE('',#1740,#1741,#614,.T.);
#2136=EDGE_CURVE('',#1741,#1742,#615,.T.);
#2137=EDGE_CURVE('',#1736,#1742,#1664,.T.);
#2138=EDGE_CURVE('',#1734,#1704,#616,.T.);
#2139=EDGE_CURVE('',#1743,#1744,#617,.T.);
#2140=EDGE_CURVE('',#1744,#1745,#618,.T.);
#2141=EDGE_CURVE('',#1745,#1746,#619,.T.);
#2142=EDGE_CURVE('',#1746,#1747,#620,.T.);
#2143=EDGE_CURVE('',#1747,#1743,#621,.T.);
#2144=EDGE_CURVE('',#1748,#1749,#622,.T.);
#2145=EDGE_CURVE('',#1749,#1750,#623,.T.);
#2146=EDGE_CURVE('',#1750,#1751,#624,.T.);
#2147=EDGE_CURVE('',#1751,#1748,#625,.T.);
#2148=EDGE_CURVE('',#1752,#1753,#626,.T.);
#2149=EDGE_CURVE('',#1753,#1754,#627,.T.);
#2150=EDGE_CURVE('',#1754,#1755,#628,.T.);
#2151=EDGE_CURVE('',#1755,#1752,#629,.T.);
#2152=EDGE_CURVE('',#1756,#1757,#630,.T.);
#2153=EDGE_CURVE('',#1757,#1758,#631,.T.);
#2154=EDGE_CURVE('',#1758,#1759,#632,.T.);
#2155=EDGE_CURVE('',#1759,#1760,#633,.T.);
#2156=EDGE_CURVE('',#1760,#1761,#634,.T.);
#2157=EDGE_CURVE('',#1761,#1756,#635,.T.);
#2158=EDGE_CURVE('',#1762,#1763,#636,.T.);
#2159=EDGE_CURVE('',#1763,#1764,#637,.T.);
#2160=EDGE_CURVE('',#1764,#1765,#638,.T.);
#2161=EDGE_CURVE('',#1765,#1762,#639,.T.);
#2162=EDGE_CURVE('',#1766,#1767,#640,.T.);
#2163=EDGE_CURVE('',#1767,#1768,#641,.T.);
#2164=EDGE_CURVE('',#1768,#1769,#642,.T.);
#2165=EDGE_CURVE('',#1769,#1766,#643,.T.);
#2166=EDGE_CURVE('',#1770,#1771,#644,.T.);
#2167=EDGE_CURVE('',#1771,#1772,#645,.T.);
#2168=EDGE_CURVE('',#1772,#1773,#646,.T.);
#2169=EDGE_CURVE('',#1773,#1770,#647,.T.);
#2170=EDGE_CURVE('',#1774,#1775,#648,.T.);
#2171=EDGE_CURVE('',#1775,#1776,#649,.T.);
#2172=EDGE_CURVE('',#1776,#1777,#650,.T.);
#2173=EDGE_CURVE('',#1777,#1774,#651,.T.);
#2174=EDGE_CURVE('',#1778,#1779,#652,.T.);
#2175=EDGE_CURVE('',#1779,#1780,#653,.T.);
#2176=EDGE_CURVE('',#1780,#1781,#654,.T.);
#2177=EDGE_CURVE('',#1781,#1782,#655,.T.);
#2178=EDGE_CURVE('',#1782,#1778,#656,.T.);
#2179=EDGE_CURVE('',#1783,#1784,#657,.T.);
#2180=EDGE_CURVE('',#1784,#1785,#658,.T.);
#2181=EDGE_CURVE('',#1785,#1786,#659,.T.);
#2182=EDGE_CURVE('',#1786,#1783,#660,.T.);
#2183=EDGE_CURVE('',#1787,#1788,#661,.T.);
#2184=EDGE_CURVE('',#1788,#1789,#662,.T.);
#2185=EDGE_CURVE('',#1789,#1790,#663,.T.);
#2186=EDGE_CURVE('',#1790,#1787,#664,.T.);
#2187=EDGE_CURVE('',#1791,#1791,#1665,.T.);
#2188=EDGE_CURVE('',#1792,#1792,#1666,.T.);
#2189=EDGE_CURVE('',#1793,#1793,#1667,.T.);
#2190=EDGE_CURVE('',#1794,#1794,#1668,.T.);
#2191=EDGE_CURVE('',#1731,#1737,#665,.T.);
#2192=EDGE_CURVE('',#1730,#1738,#666,.T.);
#2193=EDGE_CURVE('',#1742,#1712,#667,.T.);
#2194=EDGE_CURVE('',#1713,#1741,#668,.T.);
#2195=EDGE_CURVE('',#1795,#1796,#669,.T.);
#2196=EDGE_CURVE('',#1744,#1795,#670,.T.);
#2197=EDGE_CURVE('',#1743,#1796,#671,.T.);
#2198=EDGE_CURVE('',#1797,#1798,#672,.T.);
#2199=EDGE_CURVE('',#1746,#1797,#673,.T.);
#2200=EDGE_CURVE('',#1745,#1798,#674,.T.);
#2201=EDGE_CURVE('',#1799,#1800,#675,.T.);
#2202=EDGE_CURVE('',#1748,#1799,#676,.T.);
#2203=EDGE_CURVE('',#1751,#1800,#677,.T.);
#2204=EDGE_CURVE('',#1801,#1802,#678,.T.);
#2205=EDGE_CURVE('',#1750,#1801,#679,.T.);
#2206=EDGE_CURVE('',#1749,#1802,#680,.T.);
#2207=EDGE_CURVE('',#1803,#1804,#681,.T.);
#2208=EDGE_CURVE('',#1752,#1803,#682,.T.);
#2209=EDGE_CURVE('',#1755,#1804,#683,.T.);
#2210=EDGE_CURVE('',#1804,#1805,#684,.T.);
#2211=EDGE_CURVE('',#1754,#1805,#685,.T.);
#2212=EDGE_CURVE('',#1805,#1806,#686,.T.);
#2213=EDGE_CURVE('',#1753,#1806,#687,.T.);
#2214=EDGE_CURVE('',#1807,#1808,#688,.T.);
#2215=EDGE_CURVE('',#1757,#1807,#689,.T.);
#2216=EDGE_CURVE('',#1756,#1808,#690,.T.);
#2217=EDGE_CURVE('',#1809,#1810,#691,.T.);
#2218=EDGE_CURVE('',#1761,#1809,#692,.T.);
#2219=EDGE_CURVE('',#1760,#1810,#693,.T.);
#2220=EDGE_CURVE('',#1811,#1807,#694,.T.);
#2221=EDGE_CURVE('',#1758,#1811,#695,.T.);
#2222=EDGE_CURVE('',#1812,#1813,#696,.T.);
#2223=EDGE_CURVE('',#1762,#1812,#697,.T.);
#2224=EDGE_CURVE('',#1765,#1813,#698,.T.);
#2225=EDGE_CURVE('',#1814,#1815,#699,.T.);
#2226=EDGE_CURVE('',#1764,#1814,#700,.T.);
#2227=EDGE_CURVE('',#1763,#1815,#701,.T.);
#2228=EDGE_CURVE('',#1816,#1817,#702,.T.);
#2229=EDGE_CURVE('',#1766,#1816,#703,.T.);
#2230=EDGE_CURVE('',#1769,#1817,#704,.T.);
#2231=EDGE_CURVE('',#1818,#1819,#705,.T.);
#2232=EDGE_CURVE('',#1768,#1818,#706,.T.);
#2233=EDGE_CURVE('',#1767,#1819,#707,.T.);
#2234=EDGE_CURVE('',#1820,#1821,#708,.T.);
#2235=EDGE_CURVE('',#1770,#1820,#709,.T.);
#2236=EDGE_CURVE('',#1773,#1821,#710,.T.);
#2237=EDGE_CURVE('',#1822,#1823,#711,.T.);
#2238=EDGE_CURVE('',#1772,#1822,#712,.T.);
#2239=EDGE_CURVE('',#1771,#1823,#713,.T.);
#2240=EDGE_CURVE('',#1824,#1825,#714,.T.);
#2241=EDGE_CURVE('',#1774,#1824,#715,.T.);
#2242=EDGE_CURVE('',#1777,#1825,#716,.T.);
#2243=EDGE_CURVE('',#1825,#1826,#717,.T.);
#2244=EDGE_CURVE('',#1776,#1826,#718,.T.);
#2245=EDGE_CURVE('',#1826,#1827,#719,.T.);
#2246=EDGE_CURVE('',#1775,#1827,#720,.T.);
#2247=EDGE_CURVE('',#1828,#1829,#721,.T.);
#2248=EDGE_CURVE('',#1779,#1828,#722,.T.);
#2249=EDGE_CURVE('',#1778,#1829,#723,.T.);
#2250=EDGE_CURVE('',#1829,#1830,#724,.T.);
#2251=EDGE_CURVE('',#1782,#1830,#725,.T.);
#2252=EDGE_CURVE('',#1831,#1828,#726,.T.);
#2253=EDGE_CURVE('',#1780,#1831,#727,.T.);
#2254=EDGE_CURVE('',#1832,#1833,#728,.T.);
#2255=EDGE_CURVE('',#1783,#1832,#729,.T.);
#2256=EDGE_CURVE('',#1786,#1833,#730,.T.);
#2257=EDGE_CURVE('',#1834,#1835,#731,.T.);
#2258=EDGE_CURVE('',#1785,#1834,#732,.T.);
#2259=EDGE_CURVE('',#1784,#1835,#733,.T.);
#2260=EDGE_CURVE('',#1836,#1837,#734,.T.);
#2261=EDGE_CURVE('',#1787,#1836,#735,.T.);
#2262=EDGE_CURVE('',#1790,#1837,#736,.T.);
#2263=EDGE_CURVE('',#1838,#1839,#737,.T.);
#2264=EDGE_CURVE('',#1789,#1838,#738,.T.);
#2265=EDGE_CURVE('',#1788,#1839,#739,.T.);
#2266=EDGE_CURVE('',#1840,#1839,#740,.F.);
#2267=EDGE_CURVE('',#1838,#1840,#741,.F.);
#2268=EDGE_CURVE('',#1841,#1823,#742,.F.);
#2269=EDGE_CURVE('',#1832,#1841,#743,.F.);
#2270=EDGE_CURVE('',#1822,#1833,#744,.F.);
#2271=EDGE_CURVE('',#1820,#1802,#745,.F.);
#2272=EDGE_CURVE('',#1801,#1821,#746,.F.);
#2273=EDGE_CURVE('',#1836,#1819,#747,.F.);
#2274=EDGE_CURVE('',#1818,#1837,#748,.F.);
#2275=EDGE_CURVE('',#1834,#1813,#749,.F.);
#2276=EDGE_CURVE('',#1842,#1835,#750,.F.);
#2277=EDGE_CURVE('',#1812,#1842,#751,.F.);
#2278=EDGE_CURVE('',#1824,#1806,#752,.F.);
#2279=EDGE_CURVE('',#1809,#1827,#753,.F.);
#2280=EDGE_CURVE('',#1831,#1810,#754,.F.);
#2281=EDGE_CURVE('',#1843,#1830,#755,.F.);
#2282=EDGE_CURVE('',#1844,#1843,#756,.T.);
#2283=EDGE_CURVE('',#1845,#1844,#757,.T.);
#2284=EDGE_CURVE('',#1846,#1845,#758,.F.);
#2285=EDGE_CURVE('',#1847,#1846,#759,.F.);
#2286=EDGE_CURVE('',#1803,#1847,#760,.F.);
#2287=EDGE_CURVE('',#1848,#1800,#761,.F.);
#2288=EDGE_CURVE('',#1811,#1848,#762,.F.);
#2289=EDGE_CURVE('',#1799,#1808,#763,.F.);
#2290=EDGE_CURVE('',#1816,#1796,#764,.F.);
#2291=EDGE_CURVE('',#1849,#1817,#765,.F.);
#2292=EDGE_CURVE('',#1850,#1849,#766,.F.);
#2293=EDGE_CURVE('',#1795,#1850,#767,.F.);
#2294=EDGE_CURVE('',#1814,#1798,#768,.F.);
#2295=EDGE_CURVE('',#1797,#1815,#769,.F.);
#2296=EDGE_CURVE('',#1851,#1719,#770,.T.);
#2297=EDGE_CURVE('',#1852,#1851,#771,.T.);
#2298=EDGE_CURVE('',#1720,#1852,#772,.T.);
#2299=EDGE_CURVE('',#1853,#1725,#773,.T.);
#2300=EDGE_CURVE('',#1854,#1853,#774,.T.);
#2301=EDGE_CURVE('',#1726,#1854,#775,.T.);
#2302=EDGE_CURVE('',#1718,#1855,#776,.T.);
#2303=EDGE_CURVE('',#1855,#1851,#777,.T.);
#2304=EDGE_CURVE('',#1714,#1843,#778,.T.);
#2305=EDGE_CURVE('',#1781,#1715,#779,.T.);
#2306=EDGE_CURVE('',#1844,#1740,#780,.T.);
#2307=EDGE_CURVE('',#1854,#1856,#781,.T.);
#2308=EDGE_CURVE('',#1727,#1856,#782,.T.);
#2309=EDGE_CURVE('',#1724,#1857,#783,.T.);
#2310=EDGE_CURVE('',#1857,#1853,#784,.T.);
#2311=EDGE_CURVE('',#1852,#1858,#785,.T.);
#2312=EDGE_CURVE('',#1721,#1858,#786,.T.);
#2313=EDGE_CURVE('',#1858,#1859,#787,.T.);
#2314=EDGE_CURVE('',#1722,#1859,#788,.T.);
#2315=EDGE_CURVE('',#1859,#1860,#789,.T.);
#2316=EDGE_CURVE('',#1723,#1860,#790,.T.);
#2317=EDGE_CURVE('',#1860,#1857,#791,.T.);
#2318=EDGE_CURVE('',#1861,#1855,#792,.T.);
#2319=EDGE_CURVE('',#1862,#1861,#793,.T.);
#2320=EDGE_CURVE('',#1856,#1862,#794,.T.);
#2321=EDGE_CURVE('',#1863,#1864,#795,.T.);
#2322=EDGE_CURVE('',#1864,#1865,#796,.T.);
#2323=EDGE_CURVE('',#1865,#1866,#797,.T.);
#2324=EDGE_CURVE('',#1866,#1863,#798,.T.);
#2325=EDGE_CURVE('',#1867,#1867,#1669,.T.);
#2326=EDGE_CURVE('',#1868,#1869,#799,.T.);
#2327=EDGE_CURVE('',#1870,#1869,#800,.T.);
#2328=EDGE_CURVE('',#1871,#1870,#801,.T.);
#2329=EDGE_CURVE('',#1871,#1868,#802,.T.);
#2330=EDGE_CURVE('',#1872,#1872,#1670,.T.);
#2331=EDGE_CURVE('',#1845,#1739,#803,.T.);
#2332=EDGE_CURVE('',#1729,#1846,#804,.T.);
#2333=EDGE_CURVE('',#1728,#1847,#805,.T.);
#2334=EDGE_CURVE('',#1791,#1867,#806,.T.);
#2335=EDGE_CURVE('',#1794,#1733,#807,.T.);
#2336=EDGE_CURVE('',#1793,#1872,#808,.T.);
#2337=EDGE_CURVE('',#1792,#1732,#809,.T.);
#2338=EDGE_CURVE('',#1716,#1759,#810,.T.);
#2339=EDGE_CURVE('',#1717,#1848,#811,.T.);
#2340=EDGE_CURVE('',#1869,#1850,#812,.T.);
#2341=EDGE_CURVE('',#1868,#1861,#813,.T.);
#2342=EDGE_CURVE('',#1870,#1849,#814,.T.);
#2343=EDGE_CURVE('',#1871,#1840,#815,.T.);
#2344=EDGE_CURVE('',#1747,#1873,#816,.T.);
#2345=EDGE_CURVE('',#1864,#1873,#817,.T.);
#2346=EDGE_CURVE('',#1863,#1862,#818,.T.);
#2347=EDGE_CURVE('',#1865,#1842,#819,.T.);
#2348=EDGE_CURVE('',#1866,#1841,#820,.T.);
#2349=EDGE_CURVE('',#1874,#1875,#1671,.T.);
#2350=EDGE_CURVE('',#1875,#1876,#821,.T.);
#2351=EDGE_CURVE('',#1876,#1877,#1672,.T.);
#2352=EDGE_CURVE('',#1877,#1874,#822,.T.);
#2353=EDGE_CURVE('',#1877,#1878,#823,.T.);
#2354=EDGE_CURVE('',#1879,#1878,#824,.T.);
#2355=EDGE_CURVE('',#1874,#1879,#825,.T.);
#2356=EDGE_CURVE('',#1880,#1876,#826,.T.);
#2357=EDGE_CURVE('',#1881,#1880,#1673,.T.);
#2358=EDGE_CURVE('',#1882,#1881,#827,.T.);
#2359=EDGE_CURVE('',#1883,#1882,#828,.T.);
#2360=EDGE_CURVE('',#1884,#1883,#829,.T.);
#2361=EDGE_CURVE('',#1885,#1884,#830,.T.);
#2362=EDGE_CURVE('',#1886,#1885,#831,.T.);
#2363=EDGE_CURVE('',#1887,#1886,#832,.T.);
#2364=EDGE_CURVE('',#1888,#1887,#833,.T.);
#2365=EDGE_CURVE('',#1889,#1888,#834,.T.);
#2366=EDGE_CURVE('',#1890,#1889,#835,.T.);
#2367=EDGE_CURVE('',#1891,#1890,#1674,.T.);
#2368=EDGE_CURVE('',#1892,#1891,#836,.T.);
#2369=EDGE_CURVE('',#1878,#1892,#1675,.T.);
#2370=EDGE_CURVE('',#1893,#1879,#1676,.T.);
#2371=EDGE_CURVE('',#1892,#1893,#837,.T.);
#2372=EDGE_CURVE('',#1894,#1891,#838,.T.);
#2373=EDGE_CURVE('',#1893,#1894,#839,.T.);
#2374=EDGE_CURVE('',#1895,#1896,#1677,.T.);
#2375=EDGE_CURVE('',#1896,#1881,#840,.T.);
#2376=EDGE_CURVE('',#1880,#1895,#841,.T.);
#2377=EDGE_CURVE('',#1895,#1875,#842,.T.);
#2378=EDGE_CURVE('',#1897,#1894,#1678,.T.);
#2379=EDGE_CURVE('',#1890,#1897,#843,.T.);
#2380=EDGE_CURVE('',#1897,#1898,#844,.T.);
#2381=EDGE_CURVE('',#1898,#1899,#845,.T.);
#2382=EDGE_CURVE('',#1899,#1900,#846,.T.);
#2383=EDGE_CURVE('',#1900,#1901,#847,.T.);
#2384=EDGE_CURVE('',#1901,#1902,#848,.T.);
#2385=EDGE_CURVE('',#1902,#1903,#849,.T.);
#2386=EDGE_CURVE('',#1903,#1904,#1679,.T.);
#2387=EDGE_CURVE('',#1904,#1905,#850,.T.);
#2388=EDGE_CURVE('',#1905,#1906,#1680,.T.);
#2389=EDGE_CURVE('',#1906,#1907,#851,.T.);
#2390=EDGE_CURVE('',#1907,#1908,#1681,.T.);
#2391=EDGE_CURVE('',#1908,#1909,#852,.T.);
#2392=EDGE_CURVE('',#1909,#1910,#1682,.T.);
#2393=EDGE_CURVE('',#1910,#1911,#853,.T.);
#2394=EDGE_CURVE('',#1911,#1912,#1683,.T.);
#2395=EDGE_CURVE('',#1912,#1913,#854,.T.);
#2396=EDGE_CURVE('',#1913,#1914,#855,.T.);
#2397=EDGE_CURVE('',#1914,#1915,#856,.T.);
#2398=EDGE_CURVE('',#1915,#1916,#857,.T.);
#2399=EDGE_CURVE('',#1916,#1917,#858,.T.);
#2400=EDGE_CURVE('',#1917,#1918,#859,.T.);
#2401=EDGE_CURVE('',#1918,#1919,#860,.T.);
#2402=EDGE_CURVE('',#1919,#1920,#861,.T.);
#2403=EDGE_CURVE('',#1920,#1921,#862,.T.);
#2404=EDGE_CURVE('',#1921,#1922,#863,.T.);
#2405=EDGE_CURVE('',#1922,#1923,#864,.T.);
#2406=EDGE_CURVE('',#1923,#1924,#1684,.T.);
#2407=EDGE_CURVE('',#1924,#1925,#1685,.T.);
#2408=EDGE_CURVE('',#1925,#1926,#865,.T.);
#2409=EDGE_CURVE('',#1926,#1927,#866,.T.);
#2410=EDGE_CURVE('',#1927,#1928,#867,.T.);
#2411=EDGE_CURVE('',#1928,#1929,#868,.T.);
#2412=EDGE_CURVE('',#1929,#1930,#869,.T.);
#2413=EDGE_CURVE('',#1930,#1896,#870,.T.);
#2414=EDGE_CURVE('',#1931,#1931,#1686,.T.);
#2415=EDGE_CURVE('',#1932,#1932,#1687,.T.);
#2416=EDGE_CURVE('',#1933,#1934,#871,.T.);
#2417=EDGE_CURVE('',#1935,#1933,#872,.T.);
#2418=EDGE_CURVE('',#1936,#1935,#873,.T.);
#2419=EDGE_CURVE('',#1936,#1934,#874,.T.);
#2420=EDGE_CURVE('',#1937,#1934,#875,.F.);
#2421=EDGE_CURVE('',#1937,#1938,#876,.T.);
#2422=EDGE_CURVE('',#1933,#1938,#877,.F.);
#2423=EDGE_CURVE('',#1921,#1939,#878,.T.);
#2424=EDGE_CURVE('',#1940,#1939,#879,.T.);
#2425=EDGE_CURVE('',#1922,#1940,#880,.T.);
#2426=EDGE_CURVE('',#1914,#1941,#881,.T.);
#2427=EDGE_CURVE('',#1913,#1942,#882,.T.);
#2428=EDGE_CURVE('',#1941,#1942,#883,.T.);
#2429=EDGE_CURVE('',#1943,#1886,#884,.T.);
#2430=EDGE_CURVE('',#1944,#1943,#885,.T.);
#2431=EDGE_CURVE('',#1944,#1887,#886,.T.);
#2432=EDGE_CURVE('',#1945,#1885,#887,.T.);
#2433=EDGE_CURVE('',#1943,#1945,#888,.T.);
#2434=EDGE_CURVE('',#1946,#1884,#889,.T.);
#2435=EDGE_CURVE('',#1945,#1946,#890,.T.);
#2436=EDGE_CURVE('',#1947,#1883,#891,.T.);
#2437=EDGE_CURVE('',#1946,#1947,#892,.T.);
#2438=EDGE_CURVE('',#1948,#1944,#893,.T.);
#2439=EDGE_CURVE('',#1948,#1888,#894,.T.);
#2440=EDGE_CURVE('',#1949,#1950,#895,.T.);
#2441=EDGE_CURVE('',#1951,#1949,#896,.T.);
#2442=EDGE_CURVE('',#1952,#1951,#897,.T.);
#2443=EDGE_CURVE('',#1952,#1950,#898,.T.);
#2444=EDGE_CURVE('',#1953,#1954,#899,.T.);
#2445=EDGE_CURVE('',#1955,#1953,#900,.T.);
#2446=EDGE_CURVE('',#1956,#1955,#901,.T.);
#2447=EDGE_CURVE('',#1956,#1954,#902,.T.);
#2448=EDGE_CURVE('',#1957,#1958,#903,.T.);
#2449=EDGE_CURVE('',#1959,#1957,#904,.T.);
#2450=EDGE_CURVE('',#1960,#1959,#905,.T.);
#2451=EDGE_CURVE('',#1960,#1958,#906,.T.);
#2452=EDGE_CURVE('',#1961,#1962,#907,.T.);
#2453=EDGE_CURVE('',#1963,#1961,#908,.T.);
#2454=EDGE_CURVE('',#1964,#1963,#909,.T.);
#2455=EDGE_CURVE('',#1964,#1962,#910,.T.);
#2456=EDGE_CURVE('',#1965,#1966,#911,.T.);
#2457=EDGE_CURVE('',#1967,#1965,#912,.T.);
#2458=EDGE_CURVE('',#1968,#1967,#913,.T.);
#2459=EDGE_CURVE('',#1968,#1966,#914,.T.);
#2460=EDGE_CURVE('',#1969,#1937,#915,.T.);
#2461=EDGE_CURVE('',#1970,#1969,#916,.T.);
#2462=EDGE_CURVE('',#1970,#1938,#917,.T.);
#2463=EDGE_CURVE('',#1971,#1972,#918,.T.);
#2464=EDGE_CURVE('',#1973,#1971,#919,.T.);
#2465=EDGE_CURVE('',#1974,#1973,#920,.T.);
#2466=EDGE_CURVE('',#1974,#1972,#921,.T.);
#2467=EDGE_CURVE('',#1975,#1976,#922,.T.);
#2468=EDGE_CURVE('',#1977,#1976,#923,.T.);
#2469=EDGE_CURVE('',#1978,#1977,#924,.T.);
#2470=EDGE_CURVE('',#1975,#1978,#925,.T.);
#2471=EDGE_CURVE('',#1979,#1980,#926,.T.);
#2472=EDGE_CURVE('',#1981,#1979,#927,.T.);
#2473=EDGE_CURVE('',#1982,#1981,#928,.T.);
#2474=EDGE_CURVE('',#1982,#1980,#929,.T.);
#2475=EDGE_CURVE('',#1983,#1984,#930,.T.);
#2476=EDGE_CURVE('',#1985,#1983,#931,.T.);
#2477=EDGE_CURVE('',#1986,#1985,#932,.T.);
#2478=EDGE_CURVE('',#1986,#1984,#933,.T.);
#2479=EDGE_CURVE('',#1987,#1988,#934,.T.);
#2480=EDGE_CURVE('',#1989,#1987,#935,.T.);
#2481=EDGE_CURVE('',#1990,#1989,#936,.T.);
#2482=EDGE_CURVE('',#1990,#1988,#937,.T.);
#2483=EDGE_CURVE('',#1991,#1992,#938,.T.);
#2484=EDGE_CURVE('',#1993,#1991,#939,.T.);
#2485=EDGE_CURVE('',#1994,#1993,#940,.T.);
#2486=EDGE_CURVE('',#1994,#1992,#941,.T.);
#2487=EDGE_CURVE('',#1995,#1996,#942,.T.);
#2488=EDGE_CURVE('',#1997,#1995,#943,.T.);
#2489=EDGE_CURVE('',#1998,#1997,#944,.T.);
#2490=EDGE_CURVE('',#1998,#1996,#945,.T.);
#2491=EDGE_CURVE('',#1999,#2000,#946,.T.);
#2492=EDGE_CURVE('',#2001,#1999,#947,.T.);
#2493=EDGE_CURVE('',#2002,#2001,#948,.T.);
#2494=EDGE_CURVE('',#2002,#2000,#949,.T.);
#2495=EDGE_CURVE('',#2003,#2004,#950,.T.);
#2496=EDGE_CURVE('',#2005,#2003,#951,.T.);
#2497=EDGE_CURVE('',#2006,#2005,#952,.T.);
#2498=EDGE_CURVE('',#2006,#2004,#953,.T.);
#2499=EDGE_CURVE('',#2007,#2008,#954,.T.);
#2500=EDGE_CURVE('',#2009,#2007,#955,.T.);
#2501=EDGE_CURVE('',#2010,#2009,#956,.T.);
#2502=EDGE_CURVE('',#2010,#2008,#957,.T.);
#2503=EDGE_CURVE('',#2011,#2012,#958,.T.);
#2504=EDGE_CURVE('',#2013,#2011,#959,.T.);
#2505=EDGE_CURVE('',#2014,#2013,#960,.T.);
#2506=EDGE_CURVE('',#2014,#2012,#961,.T.);
#2507=EDGE_CURVE('',#2015,#2016,#962,.T.);
#2508=EDGE_CURVE('',#2017,#2015,#963,.T.);
#2509=EDGE_CURVE('',#2018,#2017,#964,.T.);
#2510=EDGE_CURVE('',#2018,#2016,#965,.T.);
#2511=EDGE_CURVE('',#2019,#2020,#966,.T.);
#2512=EDGE_CURVE('',#2021,#2019,#967,.T.);
#2513=EDGE_CURVE('',#2022,#2021,#968,.T.);
#2514=EDGE_CURVE('',#2022,#2020,#969,.T.);
#2515=EDGE_CURVE('',#2023,#2024,#970,.T.);
#2516=EDGE_CURVE('',#2025,#2023,#971,.T.);
#2517=EDGE_CURVE('',#2026,#2025,#972,.T.);
#2518=EDGE_CURVE('',#2026,#2024,#973,.T.);
#2519=EDGE_CURVE('',#2027,#2028,#974,.T.);
#2520=EDGE_CURVE('',#2029,#2027,#975,.T.);
#2521=EDGE_CURVE('',#2030,#2029,#976,.T.);
#2522=EDGE_CURVE('',#2030,#2028,#977,.T.);
#2523=EDGE_CURVE('',#2031,#2032,#978,.T.);
#2524=EDGE_CURVE('',#2033,#2031,#979,.T.);
#2525=EDGE_CURVE('',#2034,#2033,#980,.T.);
#2526=EDGE_CURVE('',#2034,#2032,#981,.T.);
#2527=EDGE_CURVE('',#2035,#2028,#982,.F.);
#2528=EDGE_CURVE('',#2027,#2035,#983,.F.);
#2529=EDGE_CURVE('',#2019,#1984,#984,.F.);
#2530=EDGE_CURVE('',#1983,#2020,#985,.F.);
#2531=EDGE_CURVE('',#2015,#2004,#986,.F.);
#2532=EDGE_CURVE('',#2003,#2016,#987,.F.);
#2533=EDGE_CURVE('',#2023,#1996,#988,.F.);
#2534=EDGE_CURVE('',#1995,#2024,#989,.F.);
#2535=EDGE_CURVE('',#2031,#1988,#990,.F.);
#2536=EDGE_CURVE('',#1987,#2032,#991,.F.);
#2537=EDGE_CURVE('',#1979,#1954,#992,.F.);
#2538=EDGE_CURVE('',#1953,#1980,#993,.F.);
#2539=EDGE_CURVE('',#1971,#1962,#994,.F.);
#2540=EDGE_CURVE('',#1961,#1972,#995,.F.);
#2541=EDGE_CURVE('',#1976,#2036,#996,.T.);
#2542=EDGE_CURVE('',#2011,#2036,#997,.F.);
#2543=EDGE_CURVE('',#1977,#2012,#998,.F.);
#2544=EDGE_CURVE('',#2007,#1966,#999,.F.);
#2545=EDGE_CURVE('',#1965,#2008,#1000,.F.);
#2546=EDGE_CURVE('',#1999,#1958,#1001,.F.);
#2547=EDGE_CURVE('',#1957,#2000,#1002,.F.);
#2548=EDGE_CURVE('',#1935,#2037,#1003,.T.);
#2549=EDGE_CURVE('',#2037,#2038,#1004,.T.);
#2550=EDGE_CURVE('',#2038,#1975,#1005,.T.);
#2551=EDGE_CURVE('',#1978,#1974,#1006,.T.);
#2552=EDGE_CURVE('',#1973,#1941,#1007,.T.);
#2553=EDGE_CURVE('',#1942,#2039,#1008,.T.);
#2554=EDGE_CURVE('',#2039,#2040,#1688,.T.);
#2555=EDGE_CURVE('',#2040,#2041,#1689,.T.);
#2556=EDGE_CURVE('',#2041,#2042,#1009,.T.);
#2557=EDGE_CURVE('',#2042,#2043,#1690,.T.);
#2558=EDGE_CURVE('',#2043,#2044,#1010,.T.);
#2559=EDGE_CURVE('',#2044,#2045,#1691,.T.);
#2560=EDGE_CURVE('',#2045,#2046,#1011,.T.);
#2561=EDGE_CURVE('',#2046,#2047,#1692,.T.);
#2562=EDGE_CURVE('',#2047,#2048,#1012,.T.);
#2563=EDGE_CURVE('',#2048,#2049,#1693,.T.);
#2564=EDGE_CURVE('',#2049,#2050,#1013,.T.);
#2565=EDGE_CURVE('',#2050,#2051,#1014,.T.);
#2566=EDGE_CURVE('',#2051,#2052,#1015,.T.);
#2567=EDGE_CURVE('',#2052,#2053,#1694,.T.);
#2568=EDGE_CURVE('',#2053,#1940,#1016,.T.);
#2569=EDGE_CURVE('',#1939,#1936,#1017,.T.);
#2570=EDGE_CURVE('',#1951,#1956,#1018,.T.);
#2571=EDGE_CURVE('',#1955,#1952,#1019,.T.);
#2572=EDGE_CURVE('',#1959,#1964,#1020,.T.);
#2573=EDGE_CURVE('',#1963,#1960,#1021,.T.);
#2574=EDGE_CURVE('',#1967,#1970,#1022,.T.);
#2575=EDGE_CURVE('',#1969,#1968,#1023,.T.);
#2576=EDGE_CURVE('',#1981,#1986,#1024,.T.);
#2577=EDGE_CURVE('',#1985,#2054,#1025,.T.);
#2578=EDGE_CURVE('',#2054,#1982,#1026,.T.);
#2579=EDGE_CURVE('',#1989,#1994,#1027,.T.);
#2580=EDGE_CURVE('',#1993,#1990,#1028,.T.);
#2581=EDGE_CURVE('',#1997,#2002,#1029,.T.);
#2582=EDGE_CURVE('',#2001,#1998,#1030,.T.);
#2583=EDGE_CURVE('',#2005,#2010,#1031,.T.);
#2584=EDGE_CURVE('',#2009,#2006,#1032,.T.);
#2585=EDGE_CURVE('',#2013,#2018,#1033,.T.);
#2586=EDGE_CURVE('',#2017,#2014,#1034,.T.);
#2587=EDGE_CURVE('',#2021,#2026,#1035,.T.);
#2588=EDGE_CURVE('',#2025,#2022,#1036,.T.);
#2589=EDGE_CURVE('',#2029,#2034,#1037,.T.);
#2590=EDGE_CURVE('',#2033,#2030,#1038,.T.);
#2591=EDGE_CURVE('',#1991,#1950,#1039,.F.);
#2592=EDGE_CURVE('',#1949,#1992,#1040,.F.);
#2593=EDGE_CURVE('',#1911,#2041,#1041,.T.);
#2594=EDGE_CURVE('',#1910,#2042,#1042,.T.);
#2595=EDGE_CURVE('',#1912,#2039,#1043,.T.);
#2596=EDGE_CURVE('',#1923,#2053,#1044,.T.);
#2597=EDGE_CURVE('',#1926,#2051,#1045,.T.);
#2598=EDGE_CURVE('',#1925,#2052,#1046,.T.);
#2599=EDGE_CURVE('',#1903,#2049,#1047,.T.);
#2600=EDGE_CURVE('',#1902,#2050,#1048,.T.);
#2601=EDGE_CURVE('',#1907,#2045,#1049,.T.);
#2602=EDGE_CURVE('',#1906,#2046,#1050,.T.);
#2603=EDGE_CURVE('',#1919,#1933,#1051,.T.);
#2604=EDGE_CURVE('',#1918,#2037,#1052,.T.);
#2605=EDGE_CURVE('',#1917,#2038,#1053,.T.);
#2606=EDGE_CURVE('',#1916,#2036,#1054,.T.);
#2607=EDGE_CURVE('',#2055,#2056,#1055,.T.);
#2608=EDGE_CURVE('',#2057,#2055,#1056,.T.);
#2609=EDGE_CURVE('',#2058,#2057,#1057,.T.);
#2610=EDGE_CURVE('',#2056,#2058,#1058,.T.);
#2611=EDGE_CURVE('',#2059,#2060,#1059,.T.);
#2612=EDGE_CURVE('',#2060,#1905,#1060,.T.);
#2613=EDGE_CURVE('',#2059,#1904,#1061,.T.);
#2614=EDGE_CURVE('',#2061,#2059,#1695,.T.);
#2615=EDGE_CURVE('',#2061,#2048,#1062,.T.);
#2616=EDGE_CURVE('',#2062,#2061,#1063,.T.);
#2617=EDGE_CURVE('',#2062,#2047,#1064,.T.);
#2618=EDGE_CURVE('',#2060,#2062,#1696,.T.);
#2619=EDGE_CURVE('',#2063,#2064,#1065,.T.);
#2620=EDGE_CURVE('',#2064,#2035,#1066,.T.);
#2621=EDGE_CURVE('',#2063,#2054,#1067,.T.);
#2622=EDGE_CURVE('',#2055,#1920,#1068,.T.);
#2623=EDGE_CURVE('',#2057,#1915,#1069,.T.);
#2624=EDGE_CURVE('',#2065,#2066,#1070,.T.);
#2625=EDGE_CURVE('',#2066,#1909,#1071,.T.);
#2626=EDGE_CURVE('',#2065,#1908,#1072,.T.);
#2627=EDGE_CURVE('',#2067,#2065,#1697,.T.);
#2628=EDGE_CURVE('',#2067,#2044,#1073,.T.);
#2629=EDGE_CURVE('',#2068,#2067,#1074,.T.);
#2630=EDGE_CURVE('',#2068,#2043,#1075,.T.);
#2631=EDGE_CURVE('',#2066,#2068,#1698,.T.);
#2632=EDGE_CURVE('',#2069,#2070,#1076,.T.);
#2633=EDGE_CURVE('',#2069,#1901,#1077,.T.);
#2634=EDGE_CURVE('',#2070,#1900,#1078,.T.);
#2635=EDGE_CURVE('',#2071,#2072,#1079,.T.);
#2636=EDGE_CURVE('',#2072,#1928,#1080,.T.);
#2637=EDGE_CURVE('',#2071,#1927,#1081,.T.);
#2638=EDGE_CURVE('',#2069,#2071,#1082,.T.);
#2639=EDGE_CURVE('',#2072,#2073,#1083,.T.);
#2640=EDGE_CURVE('',#2074,#2070,#1084,.T.);
#2641=EDGE_CURVE('',#2075,#2074,#1085,.T.);
#2642=EDGE_CURVE('',#2076,#2075,#1086,.T.);
#2643=EDGE_CURVE('',#2064,#2076,#1087,.T.);
#2644=EDGE_CURVE('',#2077,#2063,#1088,.T.);
#2645=EDGE_CURVE('',#2078,#2077,#1089,.T.);
#2646=EDGE_CURVE('',#2073,#2078,#1090,.T.);
#2647=EDGE_CURVE('',#2079,#2077,#1091,.T.);
#2648=EDGE_CURVE('',#2079,#2080,#1092,.T.);
#2649=EDGE_CURVE('',#2080,#2078,#1093,.T.);
#2650=EDGE_CURVE('',#2081,#2056,#1094,.T.);
#2651=EDGE_CURVE('',#2081,#2079,#1095,.T.);
#2652=EDGE_CURVE('',#2082,#2058,#1096,.T.);
#2653=EDGE_CURVE('',#2082,#2081,#1097,.T.);
#2654=EDGE_CURVE('',#2083,#2076,#1098,.T.);
#2655=EDGE_CURVE('',#2082,#2083,#1099,.T.);
#2656=EDGE_CURVE('',#2084,#2075,#1100,.T.);
#2657=EDGE_CURVE('',#2083,#2084,#1101,.T.);
#2658=EDGE_CURVE('',#2085,#2074,#1102,.T.);
#2659=EDGE_CURVE('',#2085,#2084,#1103,.T.);
#2660=EDGE_CURVE('',#2086,#1899,#1104,.T.);
#2661=EDGE_CURVE('',#2086,#2085,#1105,.T.);
#2662=EDGE_CURVE('',#1889,#1898,#1106,.T.);
#2663=EDGE_CURVE('',#1948,#2086,#1107,.T.);
#2664=EDGE_CURVE('',#1932,#2087,#1108,.T.);
#2665=EDGE_CURVE('',#2087,#2087,#1699,.T.);
#2666=EDGE_CURVE('',#1924,#2088,#1109,.T.);
#2667=EDGE_CURVE('',#2088,#2088,#1700,.T.);
#2668=EDGE_CURVE('',#1931,#2089,#1110,.T.);
#2669=EDGE_CURVE('',#2089,#2089,#1701,.T.);
#2670=EDGE_CURVE('',#2040,#2090,#1111,.T.);
#2671=EDGE_CURVE('',#2090,#2090,#1702,.T.);
#2672=EDGE_CURVE('',#1882,#1930,#1112,.T.);
#2673=EDGE_CURVE('',#2091,#1929,#1113,.T.);
#2674=EDGE_CURVE('',#1947,#2091,#1114,.T.);
#2675=EDGE_CURVE('',#2092,#2073,#1115,.T.);
#2676=EDGE_CURVE('',#2091,#2092,#1116,.T.);
#2677=EDGE_CURVE('',#2080,#2092,#1117,.T.);
#2678=ORIENTED_EDGE('',*,*,#2093,.T.);
#2679=ORIENTED_EDGE('',*,*,#2094,.T.);
#2680=ORIENTED_EDGE('',*,*,#2095,.T.);
#2681=ORIENTED_EDGE('',*,*,#2096,.T.);
#2682=ORIENTED_EDGE('',*,*,#2096,.F.);
#2683=ORIENTED_EDGE('',*,*,#2097,.F.);
#2684=ORIENTED_EDGE('',*,*,#2098,.F.);
#2685=ORIENTED_EDGE('',*,*,#2099,.F.);
#2686=ORIENTED_EDGE('',*,*,#2095,.F.);
#2687=ORIENTED_EDGE('',*,*,#2100,.T.);
#2688=ORIENTED_EDGE('',*,*,#2101,.F.);
#2689=ORIENTED_EDGE('',*,*,#2102,.T.);
#2690=ORIENTED_EDGE('',*,*,#2103,.F.);
#2691=ORIENTED_EDGE('',*,*,#2104,.T.);
#2692=ORIENTED_EDGE('',*,*,#2105,.F.);
#2693=ORIENTED_EDGE('',*,*,#2106,.F.);
#2694=ORIENTED_EDGE('',*,*,#2107,.T.);
#2695=ORIENTED_EDGE('',*,*,#2108,.T.);
#2696=ORIENTED_EDGE('',*,*,#2109,.T.);
#2697=ORIENTED_EDGE('',*,*,#2110,.T.);
#2698=ORIENTED_EDGE('',*,*,#2111,.F.);
#2699=ORIENTED_EDGE('',*,*,#2112,.T.);
#2700=ORIENTED_EDGE('',*,*,#2113,.T.);
#2701=ORIENTED_EDGE('',*,*,#2114,.T.);
#2702=ORIENTED_EDGE('',*,*,#2115,.T.);
#2703=ORIENTED_EDGE('',*,*,#2116,.T.);
#2704=ORIENTED_EDGE('',*,*,#2117,.F.);
#2705=ORIENTED_EDGE('',*,*,#2118,.T.);
#2706=ORIENTED_EDGE('',*,*,#2119,.T.);
#2707=ORIENTED_EDGE('',*,*,#2120,.F.);
#2708=ORIENTED_EDGE('',*,*,#2121,.T.);
#2709=ORIENTED_EDGE('',*,*,#2122,.T.);
#2710=ORIENTED_EDGE('',*,*,#2123,.F.);
#2711=ORIENTED_EDGE('',*,*,#2097,.T.);
#2712=ORIENTED_EDGE('',*,*,#2124,.F.);
#2713=ORIENTED_EDGE('',*,*,#2125,.F.);
#2714=ORIENTED_EDGE('',*,*,#2126,.T.);
#2715=ORIENTED_EDGE('',*,*,#2127,.T.);
#2716=ORIENTED_EDGE('',*,*,#2101,.T.);
#2717=ORIENTED_EDGE('',*,*,#2128,.T.);
#2718=ORIENTED_EDGE('',*,*,#2127,.F.);
#2719=ORIENTED_EDGE('',*,*,#2129,.F.);
#2720=ORIENTED_EDGE('',*,*,#2130,.F.);
#2721=ORIENTED_EDGE('',*,*,#2102,.F.);
#2722=ORIENTED_EDGE('',*,*,#2093,.F.);
#2723=ORIENTED_EDGE('',*,*,#2099,.T.);
#2724=ORIENTED_EDGE('',*,*,#2131,.F.);
#2725=ORIENTED_EDGE('',*,*,#2132,.T.);
#2726=ORIENTED_EDGE('',*,*,#2133,.T.);
#2727=ORIENTED_EDGE('',*,*,#2134,.T.);
#2728=ORIENTED_EDGE('',*,*,#2135,.T.);
#2729=ORIENTED_EDGE('',*,*,#2136,.T.);
#2730=ORIENTED_EDGE('',*,*,#2137,.F.);
#2731=ORIENTED_EDGE('',*,*,#2129,.T.);
#2732=ORIENTED_EDGE('',*,*,#2126,.F.);
#2733=ORIENTED_EDGE('',*,*,#2138,.T.);
#2734=ORIENTED_EDGE('',*,*,#2139,.T.);
#2735=ORIENTED_EDGE('',*,*,#2140,.T.);
#2736=ORIENTED_EDGE('',*,*,#2141,.T.);
#2737=ORIENTED_EDGE('',*,*,#2142,.T.);
#2738=ORIENTED_EDGE('',*,*,#2143,.T.);
#2739=ORIENTED_EDGE('',*,*,#2144,.T.);
#2740=ORIENTED_EDGE('',*,*,#2145,.T.);
#2741=ORIENTED_EDGE('',*,*,#2146,.T.);
#2742=ORIENTED_EDGE('',*,*,#2147,.T.);
#2743=ORIENTED_EDGE('',*,*,#2148,.T.);
#2744=ORIENTED_EDGE('',*,*,#2149,.T.);
#2745=ORIENTED_EDGE('',*,*,#2150,.T.);
#2746=ORIENTED_EDGE('',*,*,#2151,.T.);
#2747=ORIENTED_EDGE('',*,*,#2152,.T.);
#2748=ORIENTED_EDGE('',*,*,#2153,.T.);
#2749=ORIENTED_EDGE('',*,*,#2154,.T.);
#2750=ORIENTED_EDGE('',*,*,#2155,.T.);
#2751=ORIENTED_EDGE('',*,*,#2156,.T.);
#2752=ORIENTED_EDGE('',*,*,#2157,.T.);
#2753=ORIENTED_EDGE('',*,*,#2158,.T.);
#2754=ORIENTED_EDGE('',*,*,#2159,.T.);
#2755=ORIENTED_EDGE('',*,*,#2160,.T.);
#2756=ORIENTED_EDGE('',*,*,#2161,.T.);
#2757=ORIENTED_EDGE('',*,*,#2162,.T.);
#2758=ORIENTED_EDGE('',*,*,#2163,.T.);
#2759=ORIENTED_EDGE('',*,*,#2164,.T.);
#2760=ORIENTED_EDGE('',*,*,#2165,.T.);
#2761=ORIENTED_EDGE('',*,*,#2166,.T.);
#2762=ORIENTED_EDGE('',*,*,#2167,.T.);
#2763=ORIENTED_EDGE('',*,*,#2168,.T.);
#2764=ORIENTED_EDGE('',*,*,#2169,.T.);
#2765=ORIENTED_EDGE('',*,*,#2170,.T.);
#2766=ORIENTED_EDGE('',*,*,#2171,.T.);
#2767=ORIENTED_EDGE('',*,*,#2172,.T.);
#2768=ORIENTED_EDGE('',*,*,#2173,.T.);
#2769=ORIENTED_EDGE('',*,*,#2174,.T.);
#2770=ORIENTED_EDGE('',*,*,#2175,.T.);
#2771=ORIENTED_EDGE('',*,*,#2176,.T.);
#2772=ORIENTED_EDGE('',*,*,#2177,.T.);
#2773=ORIENTED_EDGE('',*,*,#2178,.T.);
#2774=ORIENTED_EDGE('',*,*,#2179,.T.);
#2775=ORIENTED_EDGE('',*,*,#2180,.T.);
#2776=ORIENTED_EDGE('',*,*,#2181,.T.);
#2777=ORIENTED_EDGE('',*,*,#2182,.T.);
#2778=ORIENTED_EDGE('',*,*,#2183,.T.);
#2779=ORIENTED_EDGE('',*,*,#2184,.T.);
#2780=ORIENTED_EDGE('',*,*,#2185,.T.);
#2781=ORIENTED_EDGE('',*,*,#2186,.T.);
#2782=ORIENTED_EDGE('',*,*,#2187,.T.);
#2783=ORIENTED_EDGE('',*,*,#2188,.T.);
#2784=ORIENTED_EDGE('',*,*,#2189,.T.);
#2785=ORIENTED_EDGE('',*,*,#2190,.T.);
#2786=ORIENTED_EDGE('',*,*,#2131,.T.);
#2787=ORIENTED_EDGE('',*,*,#2098,.T.);
#2788=ORIENTED_EDGE('',*,*,#2123,.T.);
#2789=ORIENTED_EDGE('',*,*,#2191,.T.);
#2790=ORIENTED_EDGE('',*,*,#2191,.F.);
#2791=ORIENTED_EDGE('',*,*,#2122,.F.);
#2792=ORIENTED_EDGE('',*,*,#2192,.T.);
#2793=ORIENTED_EDGE('',*,*,#2132,.F.);
#2794=ORIENTED_EDGE('',*,*,#2137,.T.);
#2795=ORIENTED_EDGE('',*,*,#2193,.T.);
#2796=ORIENTED_EDGE('',*,*,#2103,.T.);
#2797=ORIENTED_EDGE('',*,*,#2130,.T.);
#2798=ORIENTED_EDGE('',*,*,#2193,.F.);
#2799=ORIENTED_EDGE('',*,*,#2136,.F.);
#2800=ORIENTED_EDGE('',*,*,#2194,.F.);
#2801=ORIENTED_EDGE('',*,*,#2104,.F.);
#2802=ORIENTED_EDGE('',*,*,#2195,.F.);
#2803=ORIENTED_EDGE('',*,*,#2196,.F.);
#2804=ORIENTED_EDGE('',*,*,#2139,.F.);
#2805=ORIENTED_EDGE('',*,*,#2197,.T.);
#2806=ORIENTED_EDGE('',*,*,#2198,.F.);
#2807=ORIENTED_EDGE('',*,*,#2199,.F.);
#2808=ORIENTED_EDGE('',*,*,#2141,.F.);
#2809=ORIENTED_EDGE('',*,*,#2200,.T.);
#2810=ORIENTED_EDGE('',*,*,#2201,.F.);
#2811=ORIENTED_EDGE('',*,*,#2202,.F.);
#2812=ORIENTED_EDGE('',*,*,#2147,.F.);
#2813=ORIENTED_EDGE('',*,*,#2203,.T.);
#2814=ORIENTED_EDGE('',*,*,#2204,.F.);
#2815=ORIENTED_EDGE('',*,*,#2205,.F.);
#2816=ORIENTED_EDGE('',*,*,#2145,.F.);
#2817=ORIENTED_EDGE('',*,*,#2206,.T.);
#2818=ORIENTED_EDGE('',*,*,#2207,.F.);
#2819=ORIENTED_EDGE('',*,*,#2208,.F.);
#2820=ORIENTED_EDGE('',*,*,#2151,.F.);
#2821=ORIENTED_EDGE('',*,*,#2209,.T.);
#2822=ORIENTED_EDGE('',*,*,#2210,.F.);
#2823=ORIENTED_EDGE('',*,*,#2209,.F.);
#2824=ORIENTED_EDGE('',*,*,#2150,.F.);
#2825=ORIENTED_EDGE('',*,*,#2211,.T.);
#2826=ORIENTED_EDGE('',*,*,#2212,.F.);
#2827=ORIENTED_EDGE('',*,*,#2211,.F.);
#2828=ORIENTED_EDGE('',*,*,#2149,.F.);
#2829=ORIENTED_EDGE('',*,*,#2213,.T.);
#2830=ORIENTED_EDGE('',*,*,#2214,.F.);
#2831=ORIENTED_EDGE('',*,*,#2215,.F.);
#2832=ORIENTED_EDGE('',*,*,#2152,.F.);
#2833=ORIENTED_EDGE('',*,*,#2216,.T.);
#2834=ORIENTED_EDGE('',*,*,#2217,.F.);
#2835=ORIENTED_EDGE('',*,*,#2218,.F.);
#2836=ORIENTED_EDGE('',*,*,#2156,.F.);
#2837=ORIENTED_EDGE('',*,*,#2219,.T.);
#2838=ORIENTED_EDGE('',*,*,#2220,.F.);
#2839=ORIENTED_EDGE('',*,*,#2221,.F.);
#2840=ORIENTED_EDGE('',*,*,#2153,.F.);
#2841=ORIENTED_EDGE('',*,*,#2215,.T.);
#2842=ORIENTED_EDGE('',*,*,#2222,.F.);
#2843=ORIENTED_EDGE('',*,*,#2223,.F.);
#2844=ORIENTED_EDGE('',*,*,#2161,.F.);
#2845=ORIENTED_EDGE('',*,*,#2224,.T.);
#2846=ORIENTED_EDGE('',*,*,#2225,.F.);
#2847=ORIENTED_EDGE('',*,*,#2226,.F.);
#2848=ORIENTED_EDGE('',*,*,#2159,.F.);
#2849=ORIENTED_EDGE('',*,*,#2227,.T.);
#2850=ORIENTED_EDGE('',*,*,#2228,.F.);
#2851=ORIENTED_EDGE('',*,*,#2229,.F.);
#2852=ORIENTED_EDGE('',*,*,#2165,.F.);
#2853=ORIENTED_EDGE('',*,*,#2230,.T.);
#2854=ORIENTED_EDGE('',*,*,#2231,.F.);
#2855=ORIENTED_EDGE('',*,*,#2232,.F.);
#2856=ORIENTED_EDGE('',*,*,#2163,.F.);
#2857=ORIENTED_EDGE('',*,*,#2233,.T.);
#2858=ORIENTED_EDGE('',*,*,#2234,.F.);
#2859=ORIENTED_EDGE('',*,*,#2235,.F.);
#2860=ORIENTED_EDGE('',*,*,#2169,.F.);
#2861=ORIENTED_EDGE('',*,*,#2236,.T.);
#2862=ORIENTED_EDGE('',*,*,#2237,.F.);
#2863=ORIENTED_EDGE('',*,*,#2238,.F.);
#2864=ORIENTED_EDGE('',*,*,#2167,.F.);
#2865=ORIENTED_EDGE('',*,*,#2239,.T.);
#2866=ORIENTED_EDGE('',*,*,#2240,.F.);
#2867=ORIENTED_EDGE('',*,*,#2241,.F.);
#2868=ORIENTED_EDGE('',*,*,#2173,.F.);
#2869=ORIENTED_EDGE('',*,*,#2242,.T.);
#2870=ORIENTED_EDGE('',*,*,#2243,.F.);
#2871=ORIENTED_EDGE('',*,*,#2242,.F.);
#2872=ORIENTED_EDGE('',*,*,#2172,.F.);
#2873=ORIENTED_EDGE('',*,*,#2244,.T.);
#2874=ORIENTED_EDGE('',*,*,#2245,.F.);
#2875=ORIENTED_EDGE('',*,*,#2244,.F.);
#2876=ORIENTED_EDGE('',*,*,#2171,.F.);
#2877=ORIENTED_EDGE('',*,*,#2246,.T.);
#2878=ORIENTED_EDGE('',*,*,#2247,.F.);
#2879=ORIENTED_EDGE('',*,*,#2248,.F.);
#2880=ORIENTED_EDGE('',*,*,#2174,.F.);
#2881=ORIENTED_EDGE('',*,*,#2249,.T.);
#2882=ORIENTED_EDGE('',*,*,#2250,.F.);
#2883=ORIENTED_EDGE('',*,*,#2249,.F.);
#2884=ORIENTED_EDGE('',*,*,#2178,.F.);
#2885=ORIENTED_EDGE('',*,*,#2251,.T.);
#2886=ORIENTED_EDGE('',*,*,#2252,.F.);
#2887=ORIENTED_EDGE('',*,*,#2253,.F.);
#2888=ORIENTED_EDGE('',*,*,#2175,.F.);
#2889=ORIENTED_EDGE('',*,*,#2248,.T.);
#2890=ORIENTED_EDGE('',*,*,#2254,.F.);
#2891=ORIENTED_EDGE('',*,*,#2255,.F.);
#2892=ORIENTED_EDGE('',*,*,#2182,.F.);
#2893=ORIENTED_EDGE('',*,*,#2256,.T.);
#2894=ORIENTED_EDGE('',*,*,#2257,.F.);
#2895=ORIENTED_EDGE('',*,*,#2258,.F.);
#2896=ORIENTED_EDGE('',*,*,#2180,.F.);
#2897=ORIENTED_EDGE('',*,*,#2259,.T.);
#2898=ORIENTED_EDGE('',*,*,#2260,.F.);
#2899=ORIENTED_EDGE('',*,*,#2261,.F.);
#2900=ORIENTED_EDGE('',*,*,#2186,.F.);
#2901=ORIENTED_EDGE('',*,*,#2262,.T.);
#2902=ORIENTED_EDGE('',*,*,#2263,.F.);
#2903=ORIENTED_EDGE('',*,*,#2264,.F.);
#2904=ORIENTED_EDGE('',*,*,#2184,.F.);
#2905=ORIENTED_EDGE('',*,*,#2265,.T.);
#2906=ORIENTED_EDGE('',*,*,#2263,.T.);
#2907=ORIENTED_EDGE('',*,*,#2266,.F.);
#2908=ORIENTED_EDGE('',*,*,#2267,.F.);
#2909=ORIENTED_EDGE('',*,*,#2237,.T.);
#2910=ORIENTED_EDGE('',*,*,#2268,.F.);
#2911=ORIENTED_EDGE('',*,*,#2269,.F.);
#2912=ORIENTED_EDGE('',*,*,#2254,.T.);
#2913=ORIENTED_EDGE('',*,*,#2270,.F.);
#2914=ORIENTED_EDGE('',*,*,#2204,.T.);
#2915=ORIENTED_EDGE('',*,*,#2271,.F.);
#2916=ORIENTED_EDGE('',*,*,#2234,.T.);
#2917=ORIENTED_EDGE('',*,*,#2272,.F.);
#2918=ORIENTED_EDGE('',*,*,#2231,.T.);
#2919=ORIENTED_EDGE('',*,*,#2273,.F.);
#2920=ORIENTED_EDGE('',*,*,#2260,.T.);
#2921=ORIENTED_EDGE('',*,*,#2274,.F.);
#2922=ORIENTED_EDGE('',*,*,#2222,.T.);
#2923=ORIENTED_EDGE('',*,*,#2275,.F.);
#2924=ORIENTED_EDGE('',*,*,#2257,.T.);
#2925=ORIENTED_EDGE('',*,*,#2276,.F.);
#2926=ORIENTED_EDGE('',*,*,#2277,.F.);
#2927=ORIENTED_EDGE('',*,*,#2207,.T.);
#2928=ORIENTED_EDGE('',*,*,#2210,.T.);
#2929=ORIENTED_EDGE('',*,*,#2212,.T.);
#2930=ORIENTED_EDGE('',*,*,#2278,.F.);
#2931=ORIENTED_EDGE('',*,*,#2240,.T.);
#2932=ORIENTED_EDGE('',*,*,#2243,.T.);
#2933=ORIENTED_EDGE('',*,*,#2245,.T.);
#2934=ORIENTED_EDGE('',*,*,#2279,.F.);
#2935=ORIENTED_EDGE('',*,*,#2217,.T.);
#2936=ORIENTED_EDGE('',*,*,#2280,.F.);
#2937=ORIENTED_EDGE('',*,*,#2252,.T.);
#2938=ORIENTED_EDGE('',*,*,#2247,.T.);
#2939=ORIENTED_EDGE('',*,*,#2250,.T.);
#2940=ORIENTED_EDGE('',*,*,#2281,.F.);
#2941=ORIENTED_EDGE('',*,*,#2282,.F.);
#2942=ORIENTED_EDGE('',*,*,#2283,.F.);
#2943=ORIENTED_EDGE('',*,*,#2284,.F.);
#2944=ORIENTED_EDGE('',*,*,#2285,.F.);
#2945=ORIENTED_EDGE('',*,*,#2286,.F.);
#2946=ORIENTED_EDGE('',*,*,#2201,.T.);
#2947=ORIENTED_EDGE('',*,*,#2287,.F.);
#2948=ORIENTED_EDGE('',*,*,#2288,.F.);
#2949=ORIENTED_EDGE('',*,*,#2220,.T.);
#2950=ORIENTED_EDGE('',*,*,#2214,.T.);
#2951=ORIENTED_EDGE('',*,*,#2289,.F.);
#2952=ORIENTED_EDGE('',*,*,#2195,.T.);
#2953=ORIENTED_EDGE('',*,*,#2290,.F.);
#2954=ORIENTED_EDGE('',*,*,#2228,.T.);
#2955=ORIENTED_EDGE('',*,*,#2291,.F.);
#2956=ORIENTED_EDGE('',*,*,#2292,.F.);
#2957=ORIENTED_EDGE('',*,*,#2293,.F.);
#2958=ORIENTED_EDGE('',*,*,#2198,.T.);
#2959=ORIENTED_EDGE('',*,*,#2294,.F.);
#2960=ORIENTED_EDGE('',*,*,#2225,.T.);
#2961=ORIENTED_EDGE('',*,*,#2295,.F.);
#2962=ORIENTED_EDGE('',*,*,#2111,.T.);
#2963=ORIENTED_EDGE('',*,*,#2296,.F.);
#2964=ORIENTED_EDGE('',*,*,#2297,.F.);
#2965=ORIENTED_EDGE('',*,*,#2298,.F.);
#2966=ORIENTED_EDGE('',*,*,#2117,.T.);
#2967=ORIENTED_EDGE('',*,*,#2299,.F.);
#2968=ORIENTED_EDGE('',*,*,#2300,.F.);
#2969=ORIENTED_EDGE('',*,*,#2301,.F.);
#2970=ORIENTED_EDGE('',*,*,#2296,.T.);
#2971=ORIENTED_EDGE('',*,*,#2110,.F.);
#2972=ORIENTED_EDGE('',*,*,#2302,.T.);
#2973=ORIENTED_EDGE('',*,*,#2303,.T.);
#2974=ORIENTED_EDGE('',*,*,#2106,.T.);
#2975=ORIENTED_EDGE('',*,*,#2304,.T.);
#2976=ORIENTED_EDGE('',*,*,#2281,.T.);
#2977=ORIENTED_EDGE('',*,*,#2251,.F.);
#2978=ORIENTED_EDGE('',*,*,#2177,.F.);
#2979=ORIENTED_EDGE('',*,*,#2305,.T.);
#2980=ORIENTED_EDGE('',*,*,#2105,.T.);
#2981=ORIENTED_EDGE('',*,*,#2194,.T.);
#2982=ORIENTED_EDGE('',*,*,#2135,.F.);
#2983=ORIENTED_EDGE('',*,*,#2306,.F.);
#2984=ORIENTED_EDGE('',*,*,#2282,.T.);
#2985=ORIENTED_EDGE('',*,*,#2304,.F.);
#2986=ORIENTED_EDGE('',*,*,#2301,.T.);
#2987=ORIENTED_EDGE('',*,*,#2307,.T.);
#2988=ORIENTED_EDGE('',*,*,#2308,.F.);
#2989=ORIENTED_EDGE('',*,*,#2118,.F.);
#2990=ORIENTED_EDGE('',*,*,#2299,.T.);
#2991=ORIENTED_EDGE('',*,*,#2116,.F.);
#2992=ORIENTED_EDGE('',*,*,#2309,.T.);
#2993=ORIENTED_EDGE('',*,*,#2310,.T.);
#2994=ORIENTED_EDGE('',*,*,#2298,.T.);
#2995=ORIENTED_EDGE('',*,*,#2311,.T.);
#2996=ORIENTED_EDGE('',*,*,#2312,.F.);
#2997=ORIENTED_EDGE('',*,*,#2112,.F.);
#2998=ORIENTED_EDGE('',*,*,#2313,.T.);
#2999=ORIENTED_EDGE('',*,*,#2314,.F.);
#3000=ORIENTED_EDGE('',*,*,#2113,.F.);
#3001=ORIENTED_EDGE('',*,*,#2312,.T.);
#3002=ORIENTED_EDGE('',*,*,#2315,.T.);
#3003=ORIENTED_EDGE('',*,*,#2316,.F.);
#3004=ORIENTED_EDGE('',*,*,#2114,.F.);
#3005=ORIENTED_EDGE('',*,*,#2314,.T.);
#3006=ORIENTED_EDGE('',*,*,#2317,.T.);
#3007=ORIENTED_EDGE('',*,*,#2309,.F.);
#3008=ORIENTED_EDGE('',*,*,#2115,.F.);
#3009=ORIENTED_EDGE('',*,*,#2316,.T.);
#3010=ORIENTED_EDGE('',*,*,#2297,.T.);
#3011=ORIENTED_EDGE('',*,*,#2303,.F.);
#3012=ORIENTED_EDGE('',*,*,#2318,.F.);
#3013=ORIENTED_EDGE('',*,*,#2319,.F.);
#3014=ORIENTED_EDGE('',*,*,#2320,.F.);
#3015=ORIENTED_EDGE('',*,*,#2307,.F.);
#3016=ORIENTED_EDGE('',*,*,#2300,.T.);
#3017=ORIENTED_EDGE('',*,*,#2310,.F.);
#3018=ORIENTED_EDGE('',*,*,#2317,.F.);
#3019=ORIENTED_EDGE('',*,*,#2315,.F.);
#3020=ORIENTED_EDGE('',*,*,#2313,.F.);
#3021=ORIENTED_EDGE('',*,*,#2311,.F.);
#3022=ORIENTED_EDGE('',*,*,#2321,.T.);
#3023=ORIENTED_EDGE('',*,*,#2322,.T.);
#3024=ORIENTED_EDGE('',*,*,#2323,.T.);
#3025=ORIENTED_EDGE('',*,*,#2324,.T.);
#3026=ORIENTED_EDGE('',*,*,#2325,.F.);
#3027=ORIENTED_EDGE('',*,*,#2326,.T.);
#3028=ORIENTED_EDGE('',*,*,#2327,.F.);
#3029=ORIENTED_EDGE('',*,*,#2328,.F.);
#3030=ORIENTED_EDGE('',*,*,#2329,.T.);
#3031=ORIENTED_EDGE('',*,*,#2330,.F.);
#3032=ORIENTED_EDGE('',*,*,#2283,.T.);
#3033=ORIENTED_EDGE('',*,*,#2306,.T.);
#3034=ORIENTED_EDGE('',*,*,#2134,.F.);
#3035=ORIENTED_EDGE('',*,*,#2331,.F.);
#3036=ORIENTED_EDGE('',*,*,#2285,.T.);
#3037=ORIENTED_EDGE('',*,*,#2332,.F.);
#3038=ORIENTED_EDGE('',*,*,#2120,.T.);
#3039=ORIENTED_EDGE('',*,*,#2333,.T.);
#3040=ORIENTED_EDGE('',*,*,#2121,.F.);
#3041=ORIENTED_EDGE('',*,*,#2332,.T.);
#3042=ORIENTED_EDGE('',*,*,#2284,.T.);
#3043=ORIENTED_EDGE('',*,*,#2331,.T.);
#3044=ORIENTED_EDGE('',*,*,#2133,.F.);
#3045=ORIENTED_EDGE('',*,*,#2192,.F.);
#3046=ORIENTED_EDGE('',*,*,#2094,.F.);
#3047=ORIENTED_EDGE('',*,*,#2138,.F.);
#3048=ORIENTED_EDGE('',*,*,#2128,.F.);
#3049=ORIENTED_EDGE('',*,*,#2100,.F.);
#3050=ORIENTED_EDGE('',*,*,#2187,.F.);
#3051=ORIENTED_EDGE('',*,*,#2334,.T.);
#3052=ORIENTED_EDGE('',*,*,#2325,.T.);
#3053=ORIENTED_EDGE('',*,*,#2334,.F.);
#3054=ORIENTED_EDGE('',*,*,#2190,.F.);
#3055=ORIENTED_EDGE('',*,*,#2335,.T.);
#3056=ORIENTED_EDGE('',*,*,#2125,.T.);
#3057=ORIENTED_EDGE('',*,*,#2335,.F.);
#3058=ORIENTED_EDGE('',*,*,#2189,.F.);
#3059=ORIENTED_EDGE('',*,*,#2336,.T.);
#3060=ORIENTED_EDGE('',*,*,#2330,.T.);
#3061=ORIENTED_EDGE('',*,*,#2336,.F.);
#3062=ORIENTED_EDGE('',*,*,#2188,.F.);
#3063=ORIENTED_EDGE('',*,*,#2337,.T.);
#3064=ORIENTED_EDGE('',*,*,#2124,.T.);
#3065=ORIENTED_EDGE('',*,*,#2337,.F.);
#3066=ORIENTED_EDGE('',*,*,#2280,.T.);
#3067=ORIENTED_EDGE('',*,*,#2219,.F.);
#3068=ORIENTED_EDGE('',*,*,#2155,.F.);
#3069=ORIENTED_EDGE('',*,*,#2338,.F.);
#3070=ORIENTED_EDGE('',*,*,#2107,.F.);
#3071=ORIENTED_EDGE('',*,*,#2305,.F.);
#3072=ORIENTED_EDGE('',*,*,#2176,.F.);
#3073=ORIENTED_EDGE('',*,*,#2253,.T.);
#3074=ORIENTED_EDGE('',*,*,#2288,.T.);
#3075=ORIENTED_EDGE('',*,*,#2339,.F.);
#3076=ORIENTED_EDGE('',*,*,#2108,.F.);
#3077=ORIENTED_EDGE('',*,*,#2338,.T.);
#3078=ORIENTED_EDGE('',*,*,#2154,.F.);
#3079=ORIENTED_EDGE('',*,*,#2221,.T.);
#3080=ORIENTED_EDGE('',*,*,#2287,.T.);
#3081=ORIENTED_EDGE('',*,*,#2203,.F.);
#3082=ORIENTED_EDGE('',*,*,#2146,.F.);
#3083=ORIENTED_EDGE('',*,*,#2205,.T.);
#3084=ORIENTED_EDGE('',*,*,#2272,.T.);
#3085=ORIENTED_EDGE('',*,*,#2236,.F.);
#3086=ORIENTED_EDGE('',*,*,#2168,.F.);
#3087=ORIENTED_EDGE('',*,*,#2238,.T.);
#3088=ORIENTED_EDGE('',*,*,#2270,.T.);
#3089=ORIENTED_EDGE('',*,*,#2256,.F.);
#3090=ORIENTED_EDGE('',*,*,#2181,.F.);
#3091=ORIENTED_EDGE('',*,*,#2258,.T.);
#3092=ORIENTED_EDGE('',*,*,#2275,.T.);
#3093=ORIENTED_EDGE('',*,*,#2224,.F.);
#3094=ORIENTED_EDGE('',*,*,#2160,.F.);
#3095=ORIENTED_EDGE('',*,*,#2226,.T.);
#3096=ORIENTED_EDGE('',*,*,#2294,.T.);
#3097=ORIENTED_EDGE('',*,*,#2200,.F.);
#3098=ORIENTED_EDGE('',*,*,#2140,.F.);
#3099=ORIENTED_EDGE('',*,*,#2196,.T.);
#3100=ORIENTED_EDGE('',*,*,#2293,.T.);
#3101=ORIENTED_EDGE('',*,*,#2340,.F.);
#3102=ORIENTED_EDGE('',*,*,#2326,.F.);
#3103=ORIENTED_EDGE('',*,*,#2341,.T.);
#3104=ORIENTED_EDGE('',*,*,#2318,.T.);
#3105=ORIENTED_EDGE('',*,*,#2302,.F.);
#3106=ORIENTED_EDGE('',*,*,#2109,.F.);
#3107=ORIENTED_EDGE('',*,*,#2339,.T.);
#3108=ORIENTED_EDGE('',*,*,#2292,.T.);
#3109=ORIENTED_EDGE('',*,*,#2342,.F.);
#3110=ORIENTED_EDGE('',*,*,#2327,.T.);
#3111=ORIENTED_EDGE('',*,*,#2340,.T.);
#3112=ORIENTED_EDGE('',*,*,#2291,.T.);
#3113=ORIENTED_EDGE('',*,*,#2230,.F.);
#3114=ORIENTED_EDGE('',*,*,#2164,.F.);
#3115=ORIENTED_EDGE('',*,*,#2232,.T.);
#3116=ORIENTED_EDGE('',*,*,#2274,.T.);
#3117=ORIENTED_EDGE('',*,*,#2262,.F.);
#3118=ORIENTED_EDGE('',*,*,#2185,.F.);
#3119=ORIENTED_EDGE('',*,*,#2264,.T.);
#3120=ORIENTED_EDGE('',*,*,#2267,.T.);
#3121=ORIENTED_EDGE('',*,*,#2343,.F.);
#3122=ORIENTED_EDGE('',*,*,#2328,.T.);
#3123=ORIENTED_EDGE('',*,*,#2342,.T.);
#3124=ORIENTED_EDGE('',*,*,#2266,.T.);
#3125=ORIENTED_EDGE('',*,*,#2265,.F.);
#3126=ORIENTED_EDGE('',*,*,#2183,.F.);
#3127=ORIENTED_EDGE('',*,*,#2261,.T.);
#3128=ORIENTED_EDGE('',*,*,#2273,.T.);
#3129=ORIENTED_EDGE('',*,*,#2233,.F.);
#3130=ORIENTED_EDGE('',*,*,#2162,.F.);
#3131=ORIENTED_EDGE('',*,*,#2229,.T.);
#3132=ORIENTED_EDGE('',*,*,#2290,.T.);
#3133=ORIENTED_EDGE('',*,*,#2197,.F.);
#3134=ORIENTED_EDGE('',*,*,#2143,.F.);
#3135=ORIENTED_EDGE('',*,*,#2344,.T.);
#3136=ORIENTED_EDGE('',*,*,#2345,.F.);
#3137=ORIENTED_EDGE('',*,*,#2321,.F.);
#3138=ORIENTED_EDGE('',*,*,#2346,.T.);
#3139=ORIENTED_EDGE('',*,*,#2319,.T.);
#3140=ORIENTED_EDGE('',*,*,#2341,.F.);
#3141=ORIENTED_EDGE('',*,*,#2329,.F.);
#3142=ORIENTED_EDGE('',*,*,#2343,.T.);
#3143=ORIENTED_EDGE('',*,*,#2295,.T.);
#3144=ORIENTED_EDGE('',*,*,#2227,.F.);
#3145=ORIENTED_EDGE('',*,*,#2158,.F.);
#3146=ORIENTED_EDGE('',*,*,#2223,.T.);
#3147=ORIENTED_EDGE('',*,*,#2277,.T.);
#3148=ORIENTED_EDGE('',*,*,#2347,.F.);
#3149=ORIENTED_EDGE('',*,*,#2322,.F.);
#3150=ORIENTED_EDGE('',*,*,#2345,.T.);
#3151=ORIENTED_EDGE('',*,*,#2344,.F.);
#3152=ORIENTED_EDGE('',*,*,#2142,.F.);
#3153=ORIENTED_EDGE('',*,*,#2199,.T.);
#3154=ORIENTED_EDGE('',*,*,#2276,.T.);
#3155=ORIENTED_EDGE('',*,*,#2259,.F.);
#3156=ORIENTED_EDGE('',*,*,#2179,.F.);
#3157=ORIENTED_EDGE('',*,*,#2255,.T.);
#3158=ORIENTED_EDGE('',*,*,#2269,.T.);
#3159=ORIENTED_EDGE('',*,*,#2348,.F.);
#3160=ORIENTED_EDGE('',*,*,#2323,.F.);
#3161=ORIENTED_EDGE('',*,*,#2347,.T.);
#3162=ORIENTED_EDGE('',*,*,#2268,.T.);
#3163=ORIENTED_EDGE('',*,*,#2239,.F.);
#3164=ORIENTED_EDGE('',*,*,#2166,.F.);
#3165=ORIENTED_EDGE('',*,*,#2235,.T.);
#3166=ORIENTED_EDGE('',*,*,#2271,.T.);
#3167=ORIENTED_EDGE('',*,*,#2206,.F.);
#3168=ORIENTED_EDGE('',*,*,#2144,.F.);
#3169=ORIENTED_EDGE('',*,*,#2202,.T.);
#3170=ORIENTED_EDGE('',*,*,#2289,.T.);
#3171=ORIENTED_EDGE('',*,*,#2216,.F.);
#3172=ORIENTED_EDGE('',*,*,#2157,.F.);
#3173=ORIENTED_EDGE('',*,*,#2218,.T.);
#3174=ORIENTED_EDGE('',*,*,#2279,.T.);
#3175=ORIENTED_EDGE('',*,*,#2246,.F.);
#3176=ORIENTED_EDGE('',*,*,#2170,.F.);
#3177=ORIENTED_EDGE('',*,*,#2241,.T.);
#3178=ORIENTED_EDGE('',*,*,#2278,.T.);
#3179=ORIENTED_EDGE('',*,*,#2213,.F.);
#3180=ORIENTED_EDGE('',*,*,#2148,.F.);
#3181=ORIENTED_EDGE('',*,*,#2208,.T.);
#3182=ORIENTED_EDGE('',*,*,#2286,.T.);
#3183=ORIENTED_EDGE('',*,*,#2333,.F.);
#3184=ORIENTED_EDGE('',*,*,#2119,.F.);
#3185=ORIENTED_EDGE('',*,*,#2308,.T.);
#3186=ORIENTED_EDGE('',*,*,#2320,.T.);
#3187=ORIENTED_EDGE('',*,*,#2346,.F.);
#3188=ORIENTED_EDGE('',*,*,#2324,.F.);
#3189=ORIENTED_EDGE('',*,*,#2348,.T.);
#3190=ORIENTED_EDGE('',*,*,#2349,.T.);
#3191=ORIENTED_EDGE('',*,*,#2350,.T.);
#3192=ORIENTED_EDGE('',*,*,#2351,.T.);
#3193=ORIENTED_EDGE('',*,*,#2352,.T.);
#3194=ORIENTED_EDGE('',*,*,#2352,.F.);
#3195=ORIENTED_EDGE('',*,*,#2353,.T.);
#3196=ORIENTED_EDGE('',*,*,#2354,.F.);
#3197=ORIENTED_EDGE('',*,*,#2355,.F.);
#3198=ORIENTED_EDGE('',*,*,#2351,.F.);
#3199=ORIENTED_EDGE('',*,*,#2356,.F.);
#3200=ORIENTED_EDGE('',*,*,#2357,.F.);
#3201=ORIENTED_EDGE('',*,*,#2358,.F.);
#3202=ORIENTED_EDGE('',*,*,#2359,.F.);
#3203=ORIENTED_EDGE('',*,*,#2360,.F.);
#3204=ORIENTED_EDGE('',*,*,#2361,.F.);
#3205=ORIENTED_EDGE('',*,*,#2362,.F.);
#3206=ORIENTED_EDGE('',*,*,#2363,.F.);
#3207=ORIENTED_EDGE('',*,*,#2364,.F.);
#3208=ORIENTED_EDGE('',*,*,#2365,.F.);
#3209=ORIENTED_EDGE('',*,*,#2366,.F.);
#3210=ORIENTED_EDGE('',*,*,#2367,.F.);
#3211=ORIENTED_EDGE('',*,*,#2368,.F.);
#3212=ORIENTED_EDGE('',*,*,#2369,.F.);
#3213=ORIENTED_EDGE('',*,*,#2353,.F.);
#3214=ORIENTED_EDGE('',*,*,#2370,.T.);
#3215=ORIENTED_EDGE('',*,*,#2354,.T.);
#3216=ORIENTED_EDGE('',*,*,#2369,.T.);
#3217=ORIENTED_EDGE('',*,*,#2371,.T.);
#3218=ORIENTED_EDGE('',*,*,#2371,.F.);
#3219=ORIENTED_EDGE('',*,*,#2368,.T.);
#3220=ORIENTED_EDGE('',*,*,#2372,.F.);
#3221=ORIENTED_EDGE('',*,*,#2373,.F.);
#3222=ORIENTED_EDGE('',*,*,#2374,.T.);
#3223=ORIENTED_EDGE('',*,*,#2375,.T.);
#3224=ORIENTED_EDGE('',*,*,#2357,.T.);
#3225=ORIENTED_EDGE('',*,*,#2376,.T.);
#3226=ORIENTED_EDGE('',*,*,#2350,.F.);
#3227=ORIENTED_EDGE('',*,*,#2377,.F.);
#3228=ORIENTED_EDGE('',*,*,#2376,.F.);
#3229=ORIENTED_EDGE('',*,*,#2356,.T.);
#3230=ORIENTED_EDGE('',*,*,#2378,.T.);
#3231=ORIENTED_EDGE('',*,*,#2372,.T.);
#3232=ORIENTED_EDGE('',*,*,#2367,.T.);
#3233=ORIENTED_EDGE('',*,*,#2379,.T.);
#3234=ORIENTED_EDGE('',*,*,#2349,.F.);
#3235=ORIENTED_EDGE('',*,*,#2355,.T.);
#3236=ORIENTED_EDGE('',*,*,#2370,.F.);
#3237=ORIENTED_EDGE('',*,*,#2373,.T.);
#3238=ORIENTED_EDGE('',*,*,#2378,.F.);
#3239=ORIENTED_EDGE('',*,*,#2380,.T.);
#3240=ORIENTED_EDGE('',*,*,#2381,.T.);
#3241=ORIENTED_EDGE('',*,*,#2382,.T.);
#3242=ORIENTED_EDGE('',*,*,#2383,.T.);
#3243=ORIENTED_EDGE('',*,*,#2384,.T.);
#3244=ORIENTED_EDGE('',*,*,#2385,.T.);
#3245=ORIENTED_EDGE('',*,*,#2386,.T.);
#3246=ORIENTED_EDGE('',*,*,#2387,.T.);
#3247=ORIENTED_EDGE('',*,*,#2388,.T.);
#3248=ORIENTED_EDGE('',*,*,#2389,.T.);
#3249=ORIENTED_EDGE('',*,*,#2390,.T.);
#3250=ORIENTED_EDGE('',*,*,#2391,.T.);
#3251=ORIENTED_EDGE('',*,*,#2392,.T.);
#3252=ORIENTED_EDGE('',*,*,#2393,.T.);
#3253=ORIENTED_EDGE('',*,*,#2394,.T.);
#3254=ORIENTED_EDGE('',*,*,#2395,.T.);
#3255=ORIENTED_EDGE('',*,*,#2396,.T.);
#3256=ORIENTED_EDGE('',*,*,#2397,.T.);
#3257=ORIENTED_EDGE('',*,*,#2398,.T.);
#3258=ORIENTED_EDGE('',*,*,#2399,.T.);
#3259=ORIENTED_EDGE('',*,*,#2400,.T.);
#3260=ORIENTED_EDGE('',*,*,#2401,.T.);
#3261=ORIENTED_EDGE('',*,*,#2402,.T.);
#3262=ORIENTED_EDGE('',*,*,#2403,.T.);
#3263=ORIENTED_EDGE('',*,*,#2404,.T.);
#3264=ORIENTED_EDGE('',*,*,#2405,.T.);
#3265=ORIENTED_EDGE('',*,*,#2406,.T.);
#3266=ORIENTED_EDGE('',*,*,#2407,.T.);
#3267=ORIENTED_EDGE('',*,*,#2408,.T.);
#3268=ORIENTED_EDGE('',*,*,#2409,.T.);
#3269=ORIENTED_EDGE('',*,*,#2410,.T.);
#3270=ORIENTED_EDGE('',*,*,#2411,.T.);
#3271=ORIENTED_EDGE('',*,*,#2412,.T.);
#3272=ORIENTED_EDGE('',*,*,#2413,.T.);
#3273=ORIENTED_EDGE('',*,*,#2374,.F.);
#3274=ORIENTED_EDGE('',*,*,#2377,.T.);
#3275=ORIENTED_EDGE('',*,*,#2414,.T.);
#3276=ORIENTED_EDGE('',*,*,#2415,.T.);
#3277=ORIENTED_EDGE('',*,*,#2416,.F.);
#3278=ORIENTED_EDGE('',*,*,#2417,.F.);
#3279=ORIENTED_EDGE('',*,*,#2418,.F.);
#3280=ORIENTED_EDGE('',*,*,#2419,.T.);
#3281=ORIENTED_EDGE('',*,*,#2416,.T.);
#3282=ORIENTED_EDGE('',*,*,#2420,.F.);
#3283=ORIENTED_EDGE('',*,*,#2421,.T.);
#3284=ORIENTED_EDGE('',*,*,#2422,.F.);
#3285=ORIENTED_EDGE('',*,*,#2423,.T.);
#3286=ORIENTED_EDGE('',*,*,#2424,.F.);
#3287=ORIENTED_EDGE('',*,*,#2425,.F.);
#3288=ORIENTED_EDGE('',*,*,#2404,.F.);
#3289=ORIENTED_EDGE('',*,*,#2426,.F.);
#3290=ORIENTED_EDGE('',*,*,#2396,.F.);
#3291=ORIENTED_EDGE('',*,*,#2427,.T.);
#3292=ORIENTED_EDGE('',*,*,#2428,.F.);
#3293=ORIENTED_EDGE('',*,*,#2363,.T.);
#3294=ORIENTED_EDGE('',*,*,#2429,.F.);
#3295=ORIENTED_EDGE('',*,*,#2430,.F.);
#3296=ORIENTED_EDGE('',*,*,#2431,.T.);
#3297=ORIENTED_EDGE('',*,*,#2362,.T.);
#3298=ORIENTED_EDGE('',*,*,#2432,.F.);
#3299=ORIENTED_EDGE('',*,*,#2433,.F.);
#3300=ORIENTED_EDGE('',*,*,#2429,.T.);
#3301=ORIENTED_EDGE('',*,*,#2361,.T.);
#3302=ORIENTED_EDGE('',*,*,#2434,.F.);
#3303=ORIENTED_EDGE('',*,*,#2435,.F.);
#3304=ORIENTED_EDGE('',*,*,#2432,.T.);
#3305=ORIENTED_EDGE('',*,*,#2360,.T.);
#3306=ORIENTED_EDGE('',*,*,#2436,.F.);
#3307=ORIENTED_EDGE('',*,*,#2437,.F.);
#3308=ORIENTED_EDGE('',*,*,#2434,.T.);
#3309=ORIENTED_EDGE('',*,*,#2364,.T.);
#3310=ORIENTED_EDGE('',*,*,#2431,.F.);
#3311=ORIENTED_EDGE('',*,*,#2438,.F.);
#3312=ORIENTED_EDGE('',*,*,#2439,.T.);
#3313=ORIENTED_EDGE('',*,*,#2440,.F.);
#3314=ORIENTED_EDGE('',*,*,#2441,.F.);
#3315=ORIENTED_EDGE('',*,*,#2442,.F.);
#3316=ORIENTED_EDGE('',*,*,#2443,.T.);
#3317=ORIENTED_EDGE('',*,*,#2444,.F.);
#3318=ORIENTED_EDGE('',*,*,#2445,.F.);
#3319=ORIENTED_EDGE('',*,*,#2446,.F.);
#3320=ORIENTED_EDGE('',*,*,#2447,.T.);
#3321=ORIENTED_EDGE('',*,*,#2448,.F.);
#3322=ORIENTED_EDGE('',*,*,#2449,.F.);
#3323=ORIENTED_EDGE('',*,*,#2450,.F.);
#3324=ORIENTED_EDGE('',*,*,#2451,.T.);
#3325=ORIENTED_EDGE('',*,*,#2452,.F.);
#3326=ORIENTED_EDGE('',*,*,#2453,.F.);
#3327=ORIENTED_EDGE('',*,*,#2454,.F.);
#3328=ORIENTED_EDGE('',*,*,#2455,.T.);
#3329=ORIENTED_EDGE('',*,*,#2456,.F.);
#3330=ORIENTED_EDGE('',*,*,#2457,.F.);
#3331=ORIENTED_EDGE('',*,*,#2458,.F.);
#3332=ORIENTED_EDGE('',*,*,#2459,.T.);
#3333=ORIENTED_EDGE('',*,*,#2421,.F.);
#3334=ORIENTED_EDGE('',*,*,#2460,.F.);
#3335=ORIENTED_EDGE('',*,*,#2461,.F.);
#3336=ORIENTED_EDGE('',*,*,#2462,.T.);
#3337=ORIENTED_EDGE('',*,*,#2463,.F.);
#3338=ORIENTED_EDGE('',*,*,#2464,.F.);
#3339=ORIENTED_EDGE('',*,*,#2465,.F.);
#3340=ORIENTED_EDGE('',*,*,#2466,.T.);
#3341=ORIENTED_EDGE('',*,*,#2467,.T.);
#3342=ORIENTED_EDGE('',*,*,#2468,.F.);
#3343=ORIENTED_EDGE('',*,*,#2469,.F.);
#3344=ORIENTED_EDGE('',*,*,#2470,.F.);
#3345=ORIENTED_EDGE('',*,*,#2471,.F.);
#3346=ORIENTED_EDGE('',*,*,#2472,.F.);
#3347=ORIENTED_EDGE('',*,*,#2473,.F.);
#3348=ORIENTED_EDGE('',*,*,#2474,.T.);
#3349=ORIENTED_EDGE('',*,*,#2475,.F.);
#3350=ORIENTED_EDGE('',*,*,#2476,.F.);
#3351=ORIENTED_EDGE('',*,*,#2477,.F.);
#3352=ORIENTED_EDGE('',*,*,#2478,.T.);
#3353=ORIENTED_EDGE('',*,*,#2479,.F.);
#3354=ORIENTED_EDGE('',*,*,#2480,.F.);
#3355=ORIENTED_EDGE('',*,*,#2481,.F.);
#3356=ORIENTED_EDGE('',*,*,#2482,.T.);
#3357=ORIENTED_EDGE('',*,*,#2483,.F.);
#3358=ORIENTED_EDGE('',*,*,#2484,.F.);
#3359=ORIENTED_EDGE('',*,*,#2485,.F.);
#3360=ORIENTED_EDGE('',*,*,#2486,.T.);
#3361=ORIENTED_EDGE('',*,*,#2487,.F.);
#3362=ORIENTED_EDGE('',*,*,#2488,.F.);
#3363=ORIENTED_EDGE('',*,*,#2489,.F.);
#3364=ORIENTED_EDGE('',*,*,#2490,.T.);
#3365=ORIENTED_EDGE('',*,*,#2491,.F.);
#3366=ORIENTED_EDGE('',*,*,#2492,.F.);
#3367=ORIENTED_EDGE('',*,*,#2493,.F.);
#3368=ORIENTED_EDGE('',*,*,#2494,.T.);
#3369=ORIENTED_EDGE('',*,*,#2495,.F.);
#3370=ORIENTED_EDGE('',*,*,#2496,.F.);
#3371=ORIENTED_EDGE('',*,*,#2497,.F.);
#3372=ORIENTED_EDGE('',*,*,#2498,.T.);
#3373=ORIENTED_EDGE('',*,*,#2499,.F.);
#3374=ORIENTED_EDGE('',*,*,#2500,.F.);
#3375=ORIENTED_EDGE('',*,*,#2501,.F.);
#3376=ORIENTED_EDGE('',*,*,#2502,.T.);
#3377=ORIENTED_EDGE('',*,*,#2503,.F.);
#3378=ORIENTED_EDGE('',*,*,#2504,.F.);
#3379=ORIENTED_EDGE('',*,*,#2505,.F.);
#3380=ORIENTED_EDGE('',*,*,#2506,.T.);
#3381=ORIENTED_EDGE('',*,*,#2507,.F.);
#3382=ORIENTED_EDGE('',*,*,#2508,.F.);
#3383=ORIENTED_EDGE('',*,*,#2509,.F.);
#3384=ORIENTED_EDGE('',*,*,#2510,.T.);
#3385=ORIENTED_EDGE('',*,*,#2511,.F.);
#3386=ORIENTED_EDGE('',*,*,#2512,.F.);
#3387=ORIENTED_EDGE('',*,*,#2513,.F.);
#3388=ORIENTED_EDGE('',*,*,#2514,.T.);
#3389=ORIENTED_EDGE('',*,*,#2515,.F.);
#3390=ORIENTED_EDGE('',*,*,#2516,.F.);
#3391=ORIENTED_EDGE('',*,*,#2517,.F.);
#3392=ORIENTED_EDGE('',*,*,#2518,.T.);
#3393=ORIENTED_EDGE('',*,*,#2519,.F.);
#3394=ORIENTED_EDGE('',*,*,#2520,.F.);
#3395=ORIENTED_EDGE('',*,*,#2521,.F.);
#3396=ORIENTED_EDGE('',*,*,#2522,.T.);
#3397=ORIENTED_EDGE('',*,*,#2523,.F.);
#3398=ORIENTED_EDGE('',*,*,#2524,.F.);
#3399=ORIENTED_EDGE('',*,*,#2525,.F.);
#3400=ORIENTED_EDGE('',*,*,#2526,.T.);
#3401=ORIENTED_EDGE('',*,*,#2519,.T.);
#3402=ORIENTED_EDGE('',*,*,#2527,.F.);
#3403=ORIENTED_EDGE('',*,*,#2528,.F.);
#3404=ORIENTED_EDGE('',*,*,#2475,.T.);
#3405=ORIENTED_EDGE('',*,*,#2529,.F.);
#3406=ORIENTED_EDGE('',*,*,#2511,.T.);
#3407=ORIENTED_EDGE('',*,*,#2530,.F.);
#3408=ORIENTED_EDGE('',*,*,#2495,.T.);
#3409=ORIENTED_EDGE('',*,*,#2531,.F.);
#3410=ORIENTED_EDGE('',*,*,#2507,.T.);
#3411=ORIENTED_EDGE('',*,*,#2532,.F.);
#3412=ORIENTED_EDGE('',*,*,#2487,.T.);
#3413=ORIENTED_EDGE('',*,*,#2533,.F.);
#3414=ORIENTED_EDGE('',*,*,#2515,.T.);
#3415=ORIENTED_EDGE('',*,*,#2534,.F.);
#3416=ORIENTED_EDGE('',*,*,#2479,.T.);
#3417=ORIENTED_EDGE('',*,*,#2535,.F.);
#3418=ORIENTED_EDGE('',*,*,#2523,.T.);
#3419=ORIENTED_EDGE('',*,*,#2536,.F.);
#3420=ORIENTED_EDGE('',*,*,#2444,.T.);
#3421=ORIENTED_EDGE('',*,*,#2537,.F.);
#3422=ORIENTED_EDGE('',*,*,#2471,.T.);
#3423=ORIENTED_EDGE('',*,*,#2538,.F.);
#3424=ORIENTED_EDGE('',*,*,#2452,.T.);
#3425=ORIENTED_EDGE('',*,*,#2539,.F.);
#3426=ORIENTED_EDGE('',*,*,#2463,.T.);
#3427=ORIENTED_EDGE('',*,*,#2540,.F.);
#3428=ORIENTED_EDGE('',*,*,#2541,.T.);
#3429=ORIENTED_EDGE('',*,*,#2542,.F.);
#3430=ORIENTED_EDGE('',*,*,#2503,.T.);
#3431=ORIENTED_EDGE('',*,*,#2543,.F.);
#3432=ORIENTED_EDGE('',*,*,#2468,.T.);
#3433=ORIENTED_EDGE('',*,*,#2456,.T.);
#3434=ORIENTED_EDGE('',*,*,#2544,.F.);
#3435=ORIENTED_EDGE('',*,*,#2499,.T.);
#3436=ORIENTED_EDGE('',*,*,#2545,.F.);
#3437=ORIENTED_EDGE('',*,*,#2448,.T.);
#3438=ORIENTED_EDGE('',*,*,#2546,.F.);
#3439=ORIENTED_EDGE('',*,*,#2491,.T.);
#3440=ORIENTED_EDGE('',*,*,#2547,.F.);
#3441=ORIENTED_EDGE('',*,*,#2548,.T.);
#3442=ORIENTED_EDGE('',*,*,#2549,.T.);
#3443=ORIENTED_EDGE('',*,*,#2550,.T.);
#3444=ORIENTED_EDGE('',*,*,#2470,.T.);
#3445=ORIENTED_EDGE('',*,*,#2551,.T.);
#3446=ORIENTED_EDGE('',*,*,#2465,.T.);
#3447=ORIENTED_EDGE('',*,*,#2552,.T.);
#3448=ORIENTED_EDGE('',*,*,#2428,.T.);
#3449=ORIENTED_EDGE('',*,*,#2553,.T.);
#3450=ORIENTED_EDGE('',*,*,#2554,.T.);
#3451=ORIENTED_EDGE('',*,*,#2555,.T.);
#3452=ORIENTED_EDGE('',*,*,#2556,.T.);
#3453=ORIENTED_EDGE('',*,*,#2557,.T.);
#3454=ORIENTED_EDGE('',*,*,#2558,.T.);
#3455=ORIENTED_EDGE('',*,*,#2559,.T.);
#3456=ORIENTED_EDGE('',*,*,#2560,.T.);
#3457=ORIENTED_EDGE('',*,*,#2561,.T.);
#3458=ORIENTED_EDGE('',*,*,#2562,.T.);
#3459=ORIENTED_EDGE('',*,*,#2563,.T.);
#3460=ORIENTED_EDGE('',*,*,#2564,.T.);
#3461=ORIENTED_EDGE('',*,*,#2565,.T.);
#3462=ORIENTED_EDGE('',*,*,#2566,.T.);
#3463=ORIENTED_EDGE('',*,*,#2567,.T.);
#3464=ORIENTED_EDGE('',*,*,#2568,.T.);
#3465=ORIENTED_EDGE('',*,*,#2424,.T.);
#3466=ORIENTED_EDGE('',*,*,#2569,.T.);
#3467=ORIENTED_EDGE('',*,*,#2418,.T.);
#3468=ORIENTED_EDGE('',*,*,#2570,.T.);
#3469=ORIENTED_EDGE('',*,*,#2446,.T.);
#3470=ORIENTED_EDGE('',*,*,#2571,.T.);
#3471=ORIENTED_EDGE('',*,*,#2442,.T.);
#3472=ORIENTED_EDGE('',*,*,#2572,.T.);
#3473=ORIENTED_EDGE('',*,*,#2454,.T.);
#3474=ORIENTED_EDGE('',*,*,#2573,.T.);
#3475=ORIENTED_EDGE('',*,*,#2450,.T.);
#3476=ORIENTED_EDGE('',*,*,#2574,.T.);
#3477=ORIENTED_EDGE('',*,*,#2461,.T.);
#3478=ORIENTED_EDGE('',*,*,#2575,.T.);
#3479=ORIENTED_EDGE('',*,*,#2458,.T.);
#3480=ORIENTED_EDGE('',*,*,#2576,.T.);
#3481=ORIENTED_EDGE('',*,*,#2477,.T.);
#3482=ORIENTED_EDGE('',*,*,#2577,.T.);
#3483=ORIENTED_EDGE('',*,*,#2578,.T.);
#3484=ORIENTED_EDGE('',*,*,#2473,.T.);
#3485=ORIENTED_EDGE('',*,*,#2579,.T.);
#3486=ORIENTED_EDGE('',*,*,#2485,.T.);
#3487=ORIENTED_EDGE('',*,*,#2580,.T.);
#3488=ORIENTED_EDGE('',*,*,#2481,.T.);
#3489=ORIENTED_EDGE('',*,*,#2581,.T.);
#3490=ORIENTED_EDGE('',*,*,#2493,.T.);
#3491=ORIENTED_EDGE('',*,*,#2582,.T.);
#3492=ORIENTED_EDGE('',*,*,#2489,.T.);
#3493=ORIENTED_EDGE('',*,*,#2583,.T.);
#3494=ORIENTED_EDGE('',*,*,#2501,.T.);
#3495=ORIENTED_EDGE('',*,*,#2584,.T.);
#3496=ORIENTED_EDGE('',*,*,#2497,.T.);
#3497=ORIENTED_EDGE('',*,*,#2585,.T.);
#3498=ORIENTED_EDGE('',*,*,#2509,.T.);
#3499=ORIENTED_EDGE('',*,*,#2586,.T.);
#3500=ORIENTED_EDGE('',*,*,#2505,.T.);
#3501=ORIENTED_EDGE('',*,*,#2587,.T.);
#3502=ORIENTED_EDGE('',*,*,#2517,.T.);
#3503=ORIENTED_EDGE('',*,*,#2588,.T.);
#3504=ORIENTED_EDGE('',*,*,#2513,.T.);
#3505=ORIENTED_EDGE('',*,*,#2589,.T.);
#3506=ORIENTED_EDGE('',*,*,#2525,.T.);
#3507=ORIENTED_EDGE('',*,*,#2590,.T.);
#3508=ORIENTED_EDGE('',*,*,#2521,.T.);
#3509=ORIENTED_EDGE('',*,*,#2440,.T.);
#3510=ORIENTED_EDGE('',*,*,#2591,.F.);
#3511=ORIENTED_EDGE('',*,*,#2483,.T.);
#3512=ORIENTED_EDGE('',*,*,#2592,.F.);
#3513=ORIENTED_EDGE('',*,*,#2593,.F.);
#3514=ORIENTED_EDGE('',*,*,#2393,.F.);
#3515=ORIENTED_EDGE('',*,*,#2594,.T.);
#3516=ORIENTED_EDGE('',*,*,#2556,.F.);
#3517=ORIENTED_EDGE('',*,*,#2427,.F.);
#3518=ORIENTED_EDGE('',*,*,#2395,.F.);
#3519=ORIENTED_EDGE('',*,*,#2595,.T.);
#3520=ORIENTED_EDGE('',*,*,#2553,.F.);
#3521=ORIENTED_EDGE('',*,*,#2596,.F.);
#3522=ORIENTED_EDGE('',*,*,#2405,.F.);
#3523=ORIENTED_EDGE('',*,*,#2425,.T.);
#3524=ORIENTED_EDGE('',*,*,#2568,.F.);
#3525=ORIENTED_EDGE('',*,*,#2597,.F.);
#3526=ORIENTED_EDGE('',*,*,#2408,.F.);
#3527=ORIENTED_EDGE('',*,*,#2598,.T.);
#3528=ORIENTED_EDGE('',*,*,#2566,.F.);
#3529=ORIENTED_EDGE('',*,*,#2599,.F.);
#3530=ORIENTED_EDGE('',*,*,#2385,.F.);
#3531=ORIENTED_EDGE('',*,*,#2600,.T.);
#3532=ORIENTED_EDGE('',*,*,#2564,.F.);
#3533=ORIENTED_EDGE('',*,*,#2601,.F.);
#3534=ORIENTED_EDGE('',*,*,#2389,.F.);
#3535=ORIENTED_EDGE('',*,*,#2602,.T.);
#3536=ORIENTED_EDGE('',*,*,#2560,.F.);
#3537=ORIENTED_EDGE('',*,*,#2603,.F.);
#3538=ORIENTED_EDGE('',*,*,#2401,.F.);
#3539=ORIENTED_EDGE('',*,*,#2604,.T.);
#3540=ORIENTED_EDGE('',*,*,#2548,.F.);
#3541=ORIENTED_EDGE('',*,*,#2417,.T.);
#3542=ORIENTED_EDGE('',*,*,#2605,.F.);
#3543=ORIENTED_EDGE('',*,*,#2399,.F.);
#3544=ORIENTED_EDGE('',*,*,#2606,.T.);
#3545=ORIENTED_EDGE('',*,*,#2541,.F.);
#3546=ORIENTED_EDGE('',*,*,#2467,.F.);
#3547=ORIENTED_EDGE('',*,*,#2550,.F.);
#3548=ORIENTED_EDGE('',*,*,#2604,.F.);
#3549=ORIENTED_EDGE('',*,*,#2400,.F.);
#3550=ORIENTED_EDGE('',*,*,#2605,.T.);
#3551=ORIENTED_EDGE('',*,*,#2549,.F.);
#3552=ORIENTED_EDGE('',*,*,#2607,.F.);
#3553=ORIENTED_EDGE('',*,*,#2608,.F.);
#3554=ORIENTED_EDGE('',*,*,#2609,.F.);
#3555=ORIENTED_EDGE('',*,*,#2610,.F.);
#3556=ORIENTED_EDGE('',*,*,#2611,.T.);
#3557=ORIENTED_EDGE('',*,*,#2612,.T.);
#3558=ORIENTED_EDGE('',*,*,#2387,.F.);
#3559=ORIENTED_EDGE('',*,*,#2613,.F.);
#3560=ORIENTED_EDGE('',*,*,#2614,.T.);
#3561=ORIENTED_EDGE('',*,*,#2613,.T.);
#3562=ORIENTED_EDGE('',*,*,#2386,.F.);
#3563=ORIENTED_EDGE('',*,*,#2599,.T.);
#3564=ORIENTED_EDGE('',*,*,#2563,.F.);
#3565=ORIENTED_EDGE('',*,*,#2615,.F.);
#3566=ORIENTED_EDGE('',*,*,#2616,.T.);
#3567=ORIENTED_EDGE('',*,*,#2615,.T.);
#3568=ORIENTED_EDGE('',*,*,#2562,.F.);
#3569=ORIENTED_EDGE('',*,*,#2617,.F.);
#3570=ORIENTED_EDGE('',*,*,#2618,.T.);
#3571=ORIENTED_EDGE('',*,*,#2617,.T.);
#3572=ORIENTED_EDGE('',*,*,#2561,.F.);
#3573=ORIENTED_EDGE('',*,*,#2602,.F.);
#3574=ORIENTED_EDGE('',*,*,#2388,.F.);
#3575=ORIENTED_EDGE('',*,*,#2612,.F.);
#3576=ORIENTED_EDGE('',*,*,#2619,.T.);
#3577=ORIENTED_EDGE('',*,*,#2620,.T.);
#3578=ORIENTED_EDGE('',*,*,#2527,.T.);
#3579=ORIENTED_EDGE('',*,*,#2522,.F.);
#3580=ORIENTED_EDGE('',*,*,#2590,.F.);
#3581=ORIENTED_EDGE('',*,*,#2524,.T.);
#3582=ORIENTED_EDGE('',*,*,#2535,.T.);
#3583=ORIENTED_EDGE('',*,*,#2482,.F.);
#3584=ORIENTED_EDGE('',*,*,#2580,.F.);
#3585=ORIENTED_EDGE('',*,*,#2484,.T.);
#3586=ORIENTED_EDGE('',*,*,#2591,.T.);
#3587=ORIENTED_EDGE('',*,*,#2443,.F.);
#3588=ORIENTED_EDGE('',*,*,#2571,.F.);
#3589=ORIENTED_EDGE('',*,*,#2445,.T.);
#3590=ORIENTED_EDGE('',*,*,#2538,.T.);
#3591=ORIENTED_EDGE('',*,*,#2474,.F.);
#3592=ORIENTED_EDGE('',*,*,#2578,.F.);
#3593=ORIENTED_EDGE('',*,*,#2621,.F.);
#3594=ORIENTED_EDGE('',*,*,#2608,.T.);
#3595=ORIENTED_EDGE('',*,*,#2622,.T.);
#3596=ORIENTED_EDGE('',*,*,#2402,.F.);
#3597=ORIENTED_EDGE('',*,*,#2603,.T.);
#3598=ORIENTED_EDGE('',*,*,#2422,.T.);
#3599=ORIENTED_EDGE('',*,*,#2462,.F.);
#3600=ORIENTED_EDGE('',*,*,#2574,.F.);
#3601=ORIENTED_EDGE('',*,*,#2457,.T.);
#3602=ORIENTED_EDGE('',*,*,#2545,.T.);
#3603=ORIENTED_EDGE('',*,*,#2502,.F.);
#3604=ORIENTED_EDGE('',*,*,#2583,.F.);
#3605=ORIENTED_EDGE('',*,*,#2496,.T.);
#3606=ORIENTED_EDGE('',*,*,#2532,.T.);
#3607=ORIENTED_EDGE('',*,*,#2510,.F.);
#3608=ORIENTED_EDGE('',*,*,#2585,.F.);
#3609=ORIENTED_EDGE('',*,*,#2504,.T.);
#3610=ORIENTED_EDGE('',*,*,#2542,.T.);
#3611=ORIENTED_EDGE('',*,*,#2606,.F.);
#3612=ORIENTED_EDGE('',*,*,#2398,.F.);
#3613=ORIENTED_EDGE('',*,*,#2623,.F.);
#3614=ORIENTED_EDGE('',*,*,#2624,.T.);
#3615=ORIENTED_EDGE('',*,*,#2625,.T.);
#3616=ORIENTED_EDGE('',*,*,#2391,.F.);
#3617=ORIENTED_EDGE('',*,*,#2626,.F.);
#3618=ORIENTED_EDGE('',*,*,#2627,.T.);
#3619=ORIENTED_EDGE('',*,*,#2626,.T.);
#3620=ORIENTED_EDGE('',*,*,#2390,.F.);
#3621=ORIENTED_EDGE('',*,*,#2601,.T.);
#3622=ORIENTED_EDGE('',*,*,#2559,.F.);
#3623=ORIENTED_EDGE('',*,*,#2628,.F.);
#3624=ORIENTED_EDGE('',*,*,#2629,.T.);
#3625=ORIENTED_EDGE('',*,*,#2628,.T.);
#3626=ORIENTED_EDGE('',*,*,#2558,.F.);
#3627=ORIENTED_EDGE('',*,*,#2630,.F.);
#3628=ORIENTED_EDGE('',*,*,#2631,.T.);
#3629=ORIENTED_EDGE('',*,*,#2630,.T.);
#3630=ORIENTED_EDGE('',*,*,#2557,.F.);
#3631=ORIENTED_EDGE('',*,*,#2594,.F.);
#3632=ORIENTED_EDGE('',*,*,#2392,.F.);
#3633=ORIENTED_EDGE('',*,*,#2625,.F.);
#3634=ORIENTED_EDGE('',*,*,#2632,.F.);
#3635=ORIENTED_EDGE('',*,*,#2633,.T.);
#3636=ORIENTED_EDGE('',*,*,#2383,.F.);
#3637=ORIENTED_EDGE('',*,*,#2634,.F.);
#3638=ORIENTED_EDGE('',*,*,#2635,.T.);
#3639=ORIENTED_EDGE('',*,*,#2636,.T.);
#3640=ORIENTED_EDGE('',*,*,#2410,.F.);
#3641=ORIENTED_EDGE('',*,*,#2637,.F.);
#3642=ORIENTED_EDGE('',*,*,#2638,.T.);
#3643=ORIENTED_EDGE('',*,*,#2637,.T.);
#3644=ORIENTED_EDGE('',*,*,#2409,.F.);
#3645=ORIENTED_EDGE('',*,*,#2597,.T.);
#3646=ORIENTED_EDGE('',*,*,#2565,.F.);
#3647=ORIENTED_EDGE('',*,*,#2600,.F.);
#3648=ORIENTED_EDGE('',*,*,#2384,.F.);
#3649=ORIENTED_EDGE('',*,*,#2633,.F.);
#3650=ORIENTED_EDGE('',*,*,#2639,.F.);
#3651=ORIENTED_EDGE('',*,*,#2635,.F.);
#3652=ORIENTED_EDGE('',*,*,#2638,.F.);
#3653=ORIENTED_EDGE('',*,*,#2632,.T.);
#3654=ORIENTED_EDGE('',*,*,#2640,.F.);
#3655=ORIENTED_EDGE('',*,*,#2641,.F.);
#3656=ORIENTED_EDGE('',*,*,#2642,.F.);
#3657=ORIENTED_EDGE('',*,*,#2643,.F.);
#3658=ORIENTED_EDGE('',*,*,#2619,.F.);
#3659=ORIENTED_EDGE('',*,*,#2644,.F.);
#3660=ORIENTED_EDGE('',*,*,#2645,.F.);
#3661=ORIENTED_EDGE('',*,*,#2646,.F.);
#3662=ORIENTED_EDGE('',*,*,#2631,.F.);
#3663=ORIENTED_EDGE('',*,*,#2624,.F.);
#3664=ORIENTED_EDGE('',*,*,#2627,.F.);
#3665=ORIENTED_EDGE('',*,*,#2629,.F.);
#3666=ORIENTED_EDGE('',*,*,#2618,.F.);
#3667=ORIENTED_EDGE('',*,*,#2611,.F.);
#3668=ORIENTED_EDGE('',*,*,#2614,.F.);
#3669=ORIENTED_EDGE('',*,*,#2616,.F.);
#3670=ORIENTED_EDGE('',*,*,#2645,.T.);
#3671=ORIENTED_EDGE('',*,*,#2647,.F.);
#3672=ORIENTED_EDGE('',*,*,#2648,.T.);
#3673=ORIENTED_EDGE('',*,*,#2649,.T.);
#3674=ORIENTED_EDGE('',*,*,#2607,.T.);
#3675=ORIENTED_EDGE('',*,*,#2650,.F.);
#3676=ORIENTED_EDGE('',*,*,#2651,.T.);
#3677=ORIENTED_EDGE('',*,*,#2647,.T.);
#3678=ORIENTED_EDGE('',*,*,#2644,.T.);
#3679=ORIENTED_EDGE('',*,*,#2621,.T.);
#3680=ORIENTED_EDGE('',*,*,#2577,.F.);
#3681=ORIENTED_EDGE('',*,*,#2476,.T.);
#3682=ORIENTED_EDGE('',*,*,#2530,.T.);
#3683=ORIENTED_EDGE('',*,*,#2514,.F.);
#3684=ORIENTED_EDGE('',*,*,#2588,.F.);
#3685=ORIENTED_EDGE('',*,*,#2516,.T.);
#3686=ORIENTED_EDGE('',*,*,#2533,.T.);
#3687=ORIENTED_EDGE('',*,*,#2490,.F.);
#3688=ORIENTED_EDGE('',*,*,#2582,.F.);
#3689=ORIENTED_EDGE('',*,*,#2492,.T.);
#3690=ORIENTED_EDGE('',*,*,#2546,.T.);
#3691=ORIENTED_EDGE('',*,*,#2451,.F.);
#3692=ORIENTED_EDGE('',*,*,#2573,.F.);
#3693=ORIENTED_EDGE('',*,*,#2453,.T.);
#3694=ORIENTED_EDGE('',*,*,#2540,.T.);
#3695=ORIENTED_EDGE('',*,*,#2466,.F.);
#3696=ORIENTED_EDGE('',*,*,#2551,.F.);
#3697=ORIENTED_EDGE('',*,*,#2469,.T.);
#3698=ORIENTED_EDGE('',*,*,#2543,.T.);
#3699=ORIENTED_EDGE('',*,*,#2506,.F.);
#3700=ORIENTED_EDGE('',*,*,#2586,.F.);
#3701=ORIENTED_EDGE('',*,*,#2508,.T.);
#3702=ORIENTED_EDGE('',*,*,#2531,.T.);
#3703=ORIENTED_EDGE('',*,*,#2498,.F.);
#3704=ORIENTED_EDGE('',*,*,#2584,.F.);
#3705=ORIENTED_EDGE('',*,*,#2500,.T.);
#3706=ORIENTED_EDGE('',*,*,#2544,.T.);
#3707=ORIENTED_EDGE('',*,*,#2459,.F.);
#3708=ORIENTED_EDGE('',*,*,#2575,.F.);
#3709=ORIENTED_EDGE('',*,*,#2460,.T.);
#3710=ORIENTED_EDGE('',*,*,#2420,.T.);
#3711=ORIENTED_EDGE('',*,*,#2419,.F.);
#3712=ORIENTED_EDGE('',*,*,#2569,.F.);
#3713=ORIENTED_EDGE('',*,*,#2423,.F.);
#3714=ORIENTED_EDGE('',*,*,#2403,.F.);
#3715=ORIENTED_EDGE('',*,*,#2622,.F.);
#3716=ORIENTED_EDGE('',*,*,#2610,.T.);
#3717=ORIENTED_EDGE('',*,*,#2652,.F.);
#3718=ORIENTED_EDGE('',*,*,#2653,.T.);
#3719=ORIENTED_EDGE('',*,*,#2650,.T.);
#3720=ORIENTED_EDGE('',*,*,#2539,.T.);
#3721=ORIENTED_EDGE('',*,*,#2455,.F.);
#3722=ORIENTED_EDGE('',*,*,#2572,.F.);
#3723=ORIENTED_EDGE('',*,*,#2449,.T.);
#3724=ORIENTED_EDGE('',*,*,#2547,.T.);
#3725=ORIENTED_EDGE('',*,*,#2494,.F.);
#3726=ORIENTED_EDGE('',*,*,#2581,.F.);
#3727=ORIENTED_EDGE('',*,*,#2488,.T.);
#3728=ORIENTED_EDGE('',*,*,#2534,.T.);
#3729=ORIENTED_EDGE('',*,*,#2518,.F.);
#3730=ORIENTED_EDGE('',*,*,#2587,.F.);
#3731=ORIENTED_EDGE('',*,*,#2512,.T.);
#3732=ORIENTED_EDGE('',*,*,#2529,.T.);
#3733=ORIENTED_EDGE('',*,*,#2478,.F.);
#3734=ORIENTED_EDGE('',*,*,#2576,.F.);
#3735=ORIENTED_EDGE('',*,*,#2472,.T.);
#3736=ORIENTED_EDGE('',*,*,#2537,.T.);
#3737=ORIENTED_EDGE('',*,*,#2447,.F.);
#3738=ORIENTED_EDGE('',*,*,#2570,.F.);
#3739=ORIENTED_EDGE('',*,*,#2441,.T.);
#3740=ORIENTED_EDGE('',*,*,#2592,.T.);
#3741=ORIENTED_EDGE('',*,*,#2486,.F.);
#3742=ORIENTED_EDGE('',*,*,#2579,.F.);
#3743=ORIENTED_EDGE('',*,*,#2480,.T.);
#3744=ORIENTED_EDGE('',*,*,#2536,.T.);
#3745=ORIENTED_EDGE('',*,*,#2526,.F.);
#3746=ORIENTED_EDGE('',*,*,#2589,.F.);
#3747=ORIENTED_EDGE('',*,*,#2520,.T.);
#3748=ORIENTED_EDGE('',*,*,#2528,.T.);
#3749=ORIENTED_EDGE('',*,*,#2620,.F.);
#3750=ORIENTED_EDGE('',*,*,#2643,.T.);
#3751=ORIENTED_EDGE('',*,*,#2654,.F.);
#3752=ORIENTED_EDGE('',*,*,#2655,.F.);
#3753=ORIENTED_EDGE('',*,*,#2652,.T.);
#3754=ORIENTED_EDGE('',*,*,#2609,.T.);
#3755=ORIENTED_EDGE('',*,*,#2623,.T.);
#3756=ORIENTED_EDGE('',*,*,#2397,.F.);
#3757=ORIENTED_EDGE('',*,*,#2426,.T.);
#3758=ORIENTED_EDGE('',*,*,#2552,.F.);
#3759=ORIENTED_EDGE('',*,*,#2464,.T.);
#3760=ORIENTED_EDGE('',*,*,#2642,.T.);
#3761=ORIENTED_EDGE('',*,*,#2656,.F.);
#3762=ORIENTED_EDGE('',*,*,#2657,.F.);
#3763=ORIENTED_EDGE('',*,*,#2654,.T.);
#3764=ORIENTED_EDGE('',*,*,#2641,.T.);
#3765=ORIENTED_EDGE('',*,*,#2658,.F.);
#3766=ORIENTED_EDGE('',*,*,#2659,.T.);
#3767=ORIENTED_EDGE('',*,*,#2656,.T.);
#3768=ORIENTED_EDGE('',*,*,#2640,.T.);
#3769=ORIENTED_EDGE('',*,*,#2634,.T.);
#3770=ORIENTED_EDGE('',*,*,#2382,.F.);
#3771=ORIENTED_EDGE('',*,*,#2660,.F.);
#3772=ORIENTED_EDGE('',*,*,#2661,.T.);
#3773=ORIENTED_EDGE('',*,*,#2658,.T.);
#3774=ORIENTED_EDGE('',*,*,#2662,.F.);
#3775=ORIENTED_EDGE('',*,*,#2365,.T.);
#3776=ORIENTED_EDGE('',*,*,#2439,.F.);
#3777=ORIENTED_EDGE('',*,*,#2663,.T.);
#3778=ORIENTED_EDGE('',*,*,#2660,.T.);
#3779=ORIENTED_EDGE('',*,*,#2381,.F.);
#3780=ORIENTED_EDGE('',*,*,#2415,.F.);
#3781=ORIENTED_EDGE('',*,*,#2664,.T.);
#3782=ORIENTED_EDGE('',*,*,#2665,.T.);
#3783=ORIENTED_EDGE('',*,*,#2664,.F.);
#3784=ORIENTED_EDGE('',*,*,#2406,.F.);
#3785=ORIENTED_EDGE('',*,*,#2596,.T.);
#3786=ORIENTED_EDGE('',*,*,#2567,.F.);
#3787=ORIENTED_EDGE('',*,*,#2598,.F.);
#3788=ORIENTED_EDGE('',*,*,#2407,.F.);
#3789=ORIENTED_EDGE('',*,*,#2666,.T.);
#3790=ORIENTED_EDGE('',*,*,#2667,.T.);
#3791=ORIENTED_EDGE('',*,*,#2666,.F.);
#3792=ORIENTED_EDGE('',*,*,#2414,.F.);
#3793=ORIENTED_EDGE('',*,*,#2668,.T.);
#3794=ORIENTED_EDGE('',*,*,#2669,.T.);
#3795=ORIENTED_EDGE('',*,*,#2668,.F.);
#3796=ORIENTED_EDGE('',*,*,#2394,.F.);
#3797=ORIENTED_EDGE('',*,*,#2593,.T.);
#3798=ORIENTED_EDGE('',*,*,#2555,.F.);
#3799=ORIENTED_EDGE('',*,*,#2670,.T.);
#3800=ORIENTED_EDGE('',*,*,#2671,.T.);
#3801=ORIENTED_EDGE('',*,*,#2670,.F.);
#3802=ORIENTED_EDGE('',*,*,#2554,.F.);
#3803=ORIENTED_EDGE('',*,*,#2595,.F.);
#3804=ORIENTED_EDGE('',*,*,#2379,.F.);
#3805=ORIENTED_EDGE('',*,*,#2366,.T.);
#3806=ORIENTED_EDGE('',*,*,#2662,.T.);
#3807=ORIENTED_EDGE('',*,*,#2380,.F.);
#3808=ORIENTED_EDGE('',*,*,#2375,.F.);
#3809=ORIENTED_EDGE('',*,*,#2413,.F.);
#3810=ORIENTED_EDGE('',*,*,#2672,.F.);
#3811=ORIENTED_EDGE('',*,*,#2358,.T.);
#3812=ORIENTED_EDGE('',*,*,#2673,.F.);
#3813=ORIENTED_EDGE('',*,*,#2674,.F.);
#3814=ORIENTED_EDGE('',*,*,#2436,.T.);
#3815=ORIENTED_EDGE('',*,*,#2359,.T.);
#3816=ORIENTED_EDGE('',*,*,#2672,.T.);
#3817=ORIENTED_EDGE('',*,*,#2412,.F.);
#3818=ORIENTED_EDGE('',*,*,#2639,.T.);
#3819=ORIENTED_EDGE('',*,*,#2675,.F.);
#3820=ORIENTED_EDGE('',*,*,#2676,.F.);
#3821=ORIENTED_EDGE('',*,*,#2673,.T.);
#3822=ORIENTED_EDGE('',*,*,#2411,.F.);
#3823=ORIENTED_EDGE('',*,*,#2636,.F.);
#3824=ORIENTED_EDGE('',*,*,#2646,.T.);
#3825=ORIENTED_EDGE('',*,*,#2649,.F.);
#3826=ORIENTED_EDGE('',*,*,#2677,.T.);
#3827=ORIENTED_EDGE('',*,*,#2675,.T.);
#3828=ORIENTED_EDGE('',*,*,#2437,.T.);
#3829=ORIENTED_EDGE('',*,*,#2674,.T.);
#3830=ORIENTED_EDGE('',*,*,#2676,.T.);
#3831=ORIENTED_EDGE('',*,*,#2677,.F.);
#3832=ORIENTED_EDGE('',*,*,#2648,.F.);
#3833=ORIENTED_EDGE('',*,*,#2651,.F.);
#3834=ORIENTED_EDGE('',*,*,#2653,.F.);
#3835=ORIENTED_EDGE('',*,*,#2655,.T.);
#3836=ORIENTED_EDGE('',*,*,#2657,.T.);
#3837=ORIENTED_EDGE('',*,*,#2659,.F.);
#3838=ORIENTED_EDGE('',*,*,#2661,.F.);
#3839=ORIENTED_EDGE('',*,*,#2663,.F.);
#3840=ORIENTED_EDGE('',*,*,#2438,.T.);
#3841=ORIENTED_EDGE('',*,*,#2430,.T.);
#3842=ORIENTED_EDGE('',*,*,#2433,.T.);
#3843=ORIENTED_EDGE('',*,*,#2435,.T.);
#3844=ORIENTED_EDGE('',*,*,#2671,.F.);
#3845=ORIENTED_EDGE('',*,*,#2669,.F.);
#3846=ORIENTED_EDGE('',*,*,#2667,.F.);
#3847=ORIENTED_EDGE('',*,*,#2665,.F.);
#3848=CYLINDRICAL_SURFACE('',#4041,3.);
#3849=CYLINDRICAL_SURFACE('',#4051,3.);
#3850=CYLINDRICAL_SURFACE('',#4061,3.);
#3851=CYLINDRICAL_SURFACE('',#4063,3.);
#3852=CYLINDRICAL_SURFACE('',#4120,1.6);
#3853=CYLINDRICAL_SURFACE('',#4121,1.6);
#3854=CYLINDRICAL_SURFACE('',#4122,1.6);
#3855=CYLINDRICAL_SURFACE('',#4123,1.6);
#3856=CYLINDRICAL_SURFACE('',#4133,3.);
#3857=CYLINDRICAL_SURFACE('',#4141,3.);
#3858=CYLINDRICAL_SURFACE('',#4144,3.);
#3859=CYLINDRICAL_SURFACE('',#4147,3.);
#3860=CYLINDRICAL_SURFACE('',#4220,2.);
#3861=CYLINDRICAL_SURFACE('',#4223,2.);
#3862=CYLINDRICAL_SURFACE('',#4228,2.);
#3863=CYLINDRICAL_SURFACE('',#4231,2.);
#3864=CYLINDRICAL_SURFACE('',#4245,1.6);
#3865=CYLINDRICAL_SURFACE('',#4247,1.6);
#3866=CYLINDRICAL_SURFACE('',#4249,1.6);
#3867=CYLINDRICAL_SURFACE('',#4251,1.6);
#3868=ADVANCED_FACE('',(#204),#3848,.T.);
#3869=ADVANCED_FACE('',(#205),#54,.T.);
#3870=ADVANCED_FACE('',(#206,#17,#18),#55,.F.);
#3871=ADVANCED_FACE('',(#207),#3849,.T.);
#3872=ADVANCED_FACE('',(#208),#56,.T.);
#3873=ADVANCED_FACE('',(#209,#19,#20,#21,#22,#23,#24,#25,#26,#27,#28,#29,
#30,#31,#32,#33),#57,.T.);
#3874=ADVANCED_FACE('',(#210),#3850,.T.);
#3875=ADVANCED_FACE('',(#211),#58,.T.);
#3876=ADVANCED_FACE('',(#212),#3851,.T.);
#3877=ADVANCED_FACE('',(#213),#59,.T.);
#3878=ADVANCED_FACE('',(#214),#60,.F.);
#3879=ADVANCED_FACE('',(#215),#61,.F.);
#3880=ADVANCED_FACE('',(#216),#62,.F.);
#3881=ADVANCED_FACE('',(#217),#63,.F.);
#3882=ADVANCED_FACE('',(#218),#64,.F.);
#3883=ADVANCED_FACE('',(#219),#65,.F.);
#3884=ADVANCED_FACE('',(#220),#66,.F.);
#3885=ADVANCED_FACE('',(#221),#67,.F.);
#3886=ADVANCED_FACE('',(#222),#68,.F.);
#3887=ADVANCED_FACE('',(#223),#69,.F.);
#3888=ADVANCED_FACE('',(#224),#70,.F.);
#3889=ADVANCED_FACE('',(#225),#71,.F.);
#3890=ADVANCED_FACE('',(#226),#72,.F.);
#3891=ADVANCED_FACE('',(#227),#73,.F.);
#3892=ADVANCED_FACE('',(#228),#74,.F.);
#3893=ADVANCED_FACE('',(#229),#75,.F.);
#3894=ADVANCED_FACE('',(#230),#76,.F.);
#3895=ADVANCED_FACE('',(#231),#77,.F.);
#3896=ADVANCED_FACE('',(#232),#78,.F.);
#3897=ADVANCED_FACE('',(#233),#79,.F.);
#3898=ADVANCED_FACE('',(#234),#80,.F.);
#3899=ADVANCED_FACE('',(#235),#81,.F.);
#3900=ADVANCED_FACE('',(#236),#82,.F.);
#3901=ADVANCED_FACE('',(#237),#83,.F.);
#3902=ADVANCED_FACE('',(#238),#84,.F.);
#3903=ADVANCED_FACE('',(#239),#85,.F.);
#3904=ADVANCED_FACE('',(#240),#86,.F.);
#3905=ADVANCED_FACE('',(#241),#87,.F.);
#3906=ADVANCED_FACE('',(#242),#88,.F.);
#3907=ADVANCED_FACE('',(#243),#89,.F.);
#3908=ADVANCED_FACE('',(#244),#90,.F.);
#3909=ADVANCED_FACE('',(#245),#91,.F.);
#3910=ADVANCED_FACE('',(#246),#92,.F.);
#3911=ADVANCED_FACE('',(#247),#93,.F.);
#3912=ADVANCED_FACE('',(#248),#94,.F.);
#3913=ADVANCED_FACE('',(#249),#95,.F.);
#3914=ADVANCED_FACE('',(#250),#96,.F.);
#3915=ADVANCED_FACE('',(#251),#97,.T.);
#3916=ADVANCED_FACE('',(#252),#98,.T.);
#3917=ADVANCED_FACE('',(#253),#99,.T.);
#3918=ADVANCED_FACE('',(#254),#100,.T.);
#3919=ADVANCED_FACE('',(#255),#101,.T.);
#3920=ADVANCED_FACE('',(#256),#102,.T.);
#3921=ADVANCED_FACE('',(#257),#103,.T.);
#3922=ADVANCED_FACE('',(#258),#104,.T.);
#3923=ADVANCED_FACE('',(#259),#105,.T.);
#3924=ADVANCED_FACE('',(#260),#106,.T.);
#3925=ADVANCED_FACE('',(#261,#34),#107,.F.);
#3926=ADVANCED_FACE('',(#262,#35),#108,.F.);
#3927=ADVANCED_FACE('',(#263),#109,.T.);
#3928=ADVANCED_FACE('',(#264),#110,.T.);
#3929=ADVANCED_FACE('',(#265),#111,.T.);
#3930=ADVANCED_FACE('',(#266),#112,.T.);
#3931=ADVANCED_FACE('',(#267),#3852,.F.);
#3932=ADVANCED_FACE('',(#268),#3853,.F.);
#3933=ADVANCED_FACE('',(#269),#3854,.F.);
#3934=ADVANCED_FACE('',(#270),#3855,.F.);
#3935=ADVANCED_FACE('',(#271),#113,.T.);
#3936=ADVANCED_FACE('',(#272),#114,.T.);
#3937=ADVANCED_FACE('',(#273),#115,.T.);
#3938=ADVANCED_FACE('',(#274),#116,.T.);
#3939=ADVANCED_FACE('',(#275),#117,.T.);
#3940=ADVANCED_FACE('',(#276),#118,.T.);
#3941=ADVANCED_FACE('',(#277),#119,.T.);
#3942=ADVANCED_FACE('',(#278),#120,.T.);
#3943=ADVANCED_FACE('',(#279),#121,.T.);
#3944=ADVANCED_FACE('',(#280),#3856,.T.);
#3945=ADVANCED_FACE('',(#281),#122,.T.);
#3946=ADVANCED_FACE('',(#282),#123,.T.);
#3947=ADVANCED_FACE('',(#283),#3857,.T.);
#3948=ADVANCED_FACE('',(#284),#124,.T.);
#3949=ADVANCED_FACE('',(#285),#3858,.T.);
#3950=ADVANCED_FACE('',(#286),#125,.T.);
#3951=ADVANCED_FACE('',(#287),#3859,.T.);
#3952=ADVANCED_FACE('',(#288,#36,#37),#126,.T.);
#3953=ADVANCED_FACE('',(#289),#127,.F.);
#3954=ADVANCED_FACE('',(#290),#128,.F.);
#3955=ADVANCED_FACE('',(#291),#129,.T.);
#3956=ADVANCED_FACE('',(#292),#130,.T.);
#3957=ADVANCED_FACE('',(#293),#131,.T.);
#3958=ADVANCED_FACE('',(#294),#132,.T.);
#3959=ADVANCED_FACE('',(#295),#133,.T.);
#3960=ADVANCED_FACE('',(#296),#134,.T.);
#3961=ADVANCED_FACE('',(#297),#135,.T.);
#3962=ADVANCED_FACE('',(#298),#136,.F.);
#3963=ADVANCED_FACE('',(#299),#137,.F.);
#3964=ADVANCED_FACE('',(#300),#138,.F.);
#3965=ADVANCED_FACE('',(#301),#139,.F.);
#3966=ADVANCED_FACE('',(#302),#140,.F.);
#3967=ADVANCED_FACE('',(#303),#141,.F.);
#3968=ADVANCED_FACE('',(#304),#142,.F.);
#3969=ADVANCED_FACE('',(#305),#143,.F.);
#3970=ADVANCED_FACE('',(#306),#144,.F.);
#3971=ADVANCED_FACE('',(#307),#145,.F.);
#3972=ADVANCED_FACE('',(#308),#146,.F.);
#3973=ADVANCED_FACE('',(#309),#147,.F.);
#3974=ADVANCED_FACE('',(#310),#148,.F.);
#3975=ADVANCED_FACE('',(#311),#149,.F.);
#3976=ADVANCED_FACE('',(#312),#150,.F.);
#3977=ADVANCED_FACE('',(#313),#151,.F.);
#3978=ADVANCED_FACE('',(#314),#152,.F.);
#3979=ADVANCED_FACE('',(#315),#153,.F.);
#3980=ADVANCED_FACE('',(#316),#154,.F.);
#3981=ADVANCED_FACE('',(#317),#155,.F.);
#3982=ADVANCED_FACE('',(#318),#156,.F.);
#3983=ADVANCED_FACE('',(#319),#157,.F.);
#3984=ADVANCED_FACE('',(#320),#158,.F.);
#3985=ADVANCED_FACE('',(#321),#159,.F.);
#3986=ADVANCED_FACE('',(#322),#160,.F.);
#3987=ADVANCED_FACE('',(#323),#161,.F.);
#3988=ADVANCED_FACE('',(#324),#162,.F.);
#3989=ADVANCED_FACE('',(#325),#163,.F.);
#3990=ADVANCED_FACE('',(#326),#164,.F.);
#3991=ADVANCED_FACE('',(#327),#165,.F.);
#3992=ADVANCED_FACE('',(#328),#166,.F.);
#3993=ADVANCED_FACE('',(#329),#167,.F.);
#3994=ADVANCED_FACE('',(#330,#38,#39,#40,#41,#42,#43,#44,#45,#46,#47),#168,
 .T.);
#3995=ADVANCED_FACE('',(#331),#169,.F.);
#3996=ADVANCED_FACE('',(#332),#170,.T.);
#3997=ADVANCED_FACE('',(#333),#171,.T.);
#3998=ADVANCED_FACE('',(#334),#172,.T.);
#3999=ADVANCED_FACE('',(#335),#173,.T.);
#4000=ADVANCED_FACE('',(#336),#174,.T.);
#4001=ADVANCED_FACE('',(#337),#175,.T.);
#4002=ADVANCED_FACE('',(#338),#176,.T.);
#4003=ADVANCED_FACE('',(#339),#177,.T.);
#4004=ADVANCED_FACE('',(#340),#178,.T.);
#4005=ADVANCED_FACE('',(#341),#179,.F.);
#4006=ADVANCED_FACE('',(#342),#180,.T.);
#4007=ADVANCED_FACE('',(#343),#3860,.F.);
#4008=ADVANCED_FACE('',(#344),#181,.T.);
#4009=ADVANCED_FACE('',(#345),#3861,.F.);
#4010=ADVANCED_FACE('',(#346),#182,.T.);
#4011=ADVANCED_FACE('',(#347),#183,.T.);
#4012=ADVANCED_FACE('',(#348),#184,.T.);
#4013=ADVANCED_FACE('',(#349),#3862,.F.);
#4014=ADVANCED_FACE('',(#350),#185,.T.);
#4015=ADVANCED_FACE('',(#351),#3863,.F.);
#4016=ADVANCED_FACE('',(#352),#186,.T.);
#4017=ADVANCED_FACE('',(#353),#187,.T.);
#4018=ADVANCED_FACE('',(#354),#188,.T.);
#4019=ADVANCED_FACE('',(#355,#48,#49),#189,.F.);
#4020=ADVANCED_FACE('',(#356),#190,.T.);
#4021=ADVANCED_FACE('',(#357),#191,.T.);
#4022=ADVANCED_FACE('',(#358),#192,.T.);
#4023=ADVANCED_FACE('',(#359),#193,.T.);
#4024=ADVANCED_FACE('',(#360),#194,.T.);
#4025=ADVANCED_FACE('',(#361),#195,.T.);
#4026=ADVANCED_FACE('',(#362),#196,.T.);
#4027=ADVANCED_FACE('',(#363),#197,.T.);
#4028=ADVANCED_FACE('',(#364),#3864,.F.);
#4029=ADVANCED_FACE('',(#365),#3865,.F.);
#4030=ADVANCED_FACE('',(#366),#3866,.F.);
#4031=ADVANCED_FACE('',(#367),#3867,.F.);
#4032=ADVANCED_FACE('',(#368),#198,.T.);
#4033=ADVANCED_FACE('',(#369),#199,.T.);
#4034=ADVANCED_FACE('',(#370),#200,.T.);
#4035=ADVANCED_FACE('',(#371),#201,.T.);
#4036=ADVANCED_FACE('',(#372),#202,.T.);
#4037=ADVANCED_FACE('',(#373,#50,#51,#52,#53),#203,.F.);
#4038=CLOSED_SHELL('',(#3868,#3869,#3870,#3871,#3872,#3873,#3874,#3875,
#3876,#3877,#3878,#3879,#3880,#3881,#3882,#3883,#3884,#3885,#3886,#3887,
#3888,#3889,#3890,#3891,#3892,#3893,#3894,#3895,#3896,#3897,#3898,#3899,
#3900,#3901,#3902,#3903,#3904,#3905,#3906,#3907,#3908,#3909,#3910,#3911,
#3912,#3913,#3914,#3915,#3916,#3917,#3918,#3919,#3920,#3921,#3922,#3923,
#3924,#3925,#3926,#3927,#3928,#3929,#3930,#3931,#3932,#3933,#3934,#3935,
#3936,#3937,#3938,#3939,#3940,#3941,#3942,#3943));
#4039=CLOSED_SHELL('',(#3944,#3945,#3946,#3947,#3948,#3949,#3950,#3951,
#3952,#3953,#3954,#3955,#3956,#3957,#3958,#3959,#3960,#3961,#3962,#3963,
#3964,#3965,#3966,#3967,#3968,#3969,#3970,#3971,#3972,#3973,#3974,#3975,
#3976,#3977,#3978,#3979,#3980,#3981,#3982,#3983,#3984,#3985,#3986,#3987,
#3988,#3989,#3990,#3991,#3992,#3993,#3994,#3995,#3996,#3997,#3998,#3999,
#4000,#4001,#4002,#4003,#4004,#4005,#4006,#4007,#4008,#4009,#4010,#4011,
#4012,#4013,#4014,#4015,#4016,#4017,#4018,#4019,#4020,#4021,#4022,#4023,
#4024,#4025,#4026,#4027,#4028,#4029,#4030,#4031,#4032,#4033,#4034,#4035,
#4036,#4037));
#4040=AXIS2_PLACEMENT_3D('',#5234,#4259,#4260);
#4041=AXIS2_PLACEMENT_3D('',#5235,#4261,#4262);
#4042=AXIS2_PLACEMENT_3D('',#5238,#4263,#4264);
#4043=AXIS2_PLACEMENT_3D('',#5242,#4266,#4267);
#4044=AXIS2_PLACEMENT_3D('',#5244,#4269,#4270);
#4045=AXIS2_PLACEMENT_3D('',#5250,#4274,#4275);
#4046=AXIS2_PLACEMENT_3D('',#5254,#4277,#4278);
#4047=AXIS2_PLACEMENT_3D('',#5258,#4280,#4281);
#4048=AXIS2_PLACEMENT_3D('',#5297,#4301,#4302);
#4049=AXIS2_PLACEMENT_3D('',#5299,#4303,#4304);
#4050=AXIS2_PLACEMENT_3D('',#5301,#4305,#4306);
#4051=AXIS2_PLACEMENT_3D('',#5302,#4307,#4308);
#4052=AXIS2_PLACEMENT_3D('',#5305,#4309,#4310);
#4053=AXIS2_PLACEMENT_3D('',#5308,#4313,#4314);
#4054=AXIS2_PLACEMENT_3D('',#5312,#4317,#4318);
#4055=AXIS2_PLACEMENT_3D('',#5314,#4319,#4320);
#4056=AXIS2_PLACEMENT_3D('',#5325,#4326,#4327);
#4057=AXIS2_PLACEMENT_3D('',#5424,#4377,#4378);
#4058=AXIS2_PLACEMENT_3D('',#5426,#4379,#4380);
#4059=AXIS2_PLACEMENT_3D('',#5428,#4381,#4382);
#4060=AXIS2_PLACEMENT_3D('',#5430,#4383,#4384);
#4061=AXIS2_PLACEMENT_3D('',#5431,#4385,#4386);
#4062=AXIS2_PLACEMENT_3D('',#5433,#4388,#4389);
#4063=AXIS2_PLACEMENT_3D('',#5435,#4391,#4392);
#4064=AXIS2_PLACEMENT_3D('',#5437,#4394,#4395);
#4065=AXIS2_PLACEMENT_3D('',#5439,#4397,#4398);
#4066=AXIS2_PLACEMENT_3D('',#5445,#4402,#4403);
#4067=AXIS2_PLACEMENT_3D('',#5451,#4407,#4408);
#4068=AXIS2_PLACEMENT_3D('',#5457,#4412,#4413);
#4069=AXIS2_PLACEMENT_3D('',#5463,#4417,#4418);
#4070=AXIS2_PLACEMENT_3D('',#5469,#4422,#4423);
#4071=AXIS2_PLACEMENT_3D('',#5473,#4426,#4427);
#4072=AXIS2_PLACEMENT_3D('',#5477,#4430,#4431);
#4073=AXIS2_PLACEMENT_3D('',#5483,#4435,#4436);
#4074=AXIS2_PLACEMENT_3D('',#5489,#4440,#4441);
#4075=AXIS2_PLACEMENT_3D('',#5493,#4444,#4445);
#4076=AXIS2_PLACEMENT_3D('',#5499,#4449,#4450);
#4077=AXIS2_PLACEMENT_3D('',#5505,#4454,#4455);
#4078=AXIS2_PLACEMENT_3D('',#5511,#4459,#4460);
#4079=AXIS2_PLACEMENT_3D('',#5517,#4464,#4465);
#4080=AXIS2_PLACEMENT_3D('',#5523,#4469,#4470);
#4081=AXIS2_PLACEMENT_3D('',#5529,#4474,#4475);
#4082=AXIS2_PLACEMENT_3D('',#5535,#4479,#4480);
#4083=AXIS2_PLACEMENT_3D('',#5539,#4483,#4484);
#4084=AXIS2_PLACEMENT_3D('',#5543,#4487,#4488);
#4085=AXIS2_PLACEMENT_3D('',#5549,#4492,#4493);
#4086=AXIS2_PLACEMENT_3D('',#5553,#4496,#4497);
#4087=AXIS2_PLACEMENT_3D('',#5557,#4500,#4501);
#4088=AXIS2_PLACEMENT_3D('',#5563,#4505,#4506);
#4089=AXIS2_PLACEMENT_3D('',#5569,#4510,#4511);
#4090=AXIS2_PLACEMENT_3D('',#5575,#4515,#4516);
#4091=AXIS2_PLACEMENT_3D('',#5581,#4520,#4521);
#4092=AXIS2_PLACEMENT_3D('',#5585,#4524,#4525);
#4093=AXIS2_PLACEMENT_3D('',#5590,#4529,#4530);
#4094=AXIS2_PLACEMENT_3D('',#5593,#4533,#4534);
#4095=AXIS2_PLACEMENT_3D('',#5596,#4537,#4538);
#4096=AXIS2_PLACEMENT_3D('',#5601,#4542,#4543);
#4097=AXIS2_PLACEMENT_3D('',#5616,#4553,#4554);
#4098=AXIS2_PLACEMENT_3D('',#5621,#4558,#4559);
#4099=AXIS2_PLACEMENT_3D('',#5628,#4564,#4565);
#4100=AXIS2_PLACEMENT_3D('',#5631,#4568,#4569);
#4101=AXIS2_PLACEMENT_3D('',#5637,#4573,#4574);
#4102=AXIS2_PLACEMENT_3D('',#5643,#4578,#4579);
#4103=AXIS2_PLACEMENT_3D('',#5647,#4582,#4583);
#4104=AXIS2_PLACEMENT_3D('',#5650,#4586,#4587);
#4105=AXIS2_PLACEMENT_3D('',#5652,#4589,#4590);
#4106=AXIS2_PLACEMENT_3D('',#5656,#4593,#4594);
#4107=AXIS2_PLACEMENT_3D('',#5660,#4597,#4598);
#4108=AXIS2_PLACEMENT_3D('',#5664,#4601,#4602);
#4109=AXIS2_PLACEMENT_3D('',#5668,#4605,#4606);
#4110=AXIS2_PLACEMENT_3D('',#5672,#4609,#4610);
#4111=AXIS2_PLACEMENT_3D('',#5674,#4612,#4613);
#4112=AXIS2_PLACEMENT_3D('',#5680,#4617,#4618);
#4113=AXIS2_PLACEMENT_3D('',#5690,#4623,#4624);
#4114=AXIS2_PLACEMENT_3D('',#5691,#4625,#4626);
#4115=AXIS2_PLACEMENT_3D('',#5701,#4631,#4632);
#4116=AXIS2_PLACEMENT_3D('',#5702,#4633,#4634);
#4117=AXIS2_PLACEMENT_3D('',#5704,#4636,#4637);
#4118=AXIS2_PLACEMENT_3D('',#5707,#4640,#4641);
#4119=AXIS2_PLACEMENT_3D('',#5708,#4642,#4643);
#4120=AXIS2_PLACEMENT_3D('',#5709,#4644,#4645);
#4121=AXIS2_PLACEMENT_3D('',#5711,#4647,#4648);
#4122=AXIS2_PLACEMENT_3D('',#5713,#4650,#4651);
#4123=AXIS2_PLACEMENT_3D('',#5715,#4653,#4654);
#4124=AXIS2_PLACEMENT_3D('',#5717,#4656,#4657);
#4125=AXIS2_PLACEMENT_3D('',#5719,#4659,#4660);
#4126=AXIS2_PLACEMENT_3D('',#5721,#4662,#4663);
#4127=AXIS2_PLACEMENT_3D('',#5724,#4666,#4667);
#4128=AXIS2_PLACEMENT_3D('',#5726,#4669,#4670);
#4129=AXIS2_PLACEMENT_3D('',#5728,#4672,#4673);
#4130=AXIS2_PLACEMENT_3D('',#5733,#4677,#4678);
#4131=AXIS2_PLACEMENT_3D('',#5735,#4680,#4681);
#4132=AXIS2_PLACEMENT_3D('',#5737,#4683,#4684);
#4133=AXIS2_PLACEMENT_3D('',#5738,#4685,#4686);
#4134=AXIS2_PLACEMENT_3D('',#5741,#4687,#4688);
#4135=AXIS2_PLACEMENT_3D('',#5745,#4690,#4691);
#4136=AXIS2_PLACEMENT_3D('',#5747,#4693,#4694);
#4137=AXIS2_PLACEMENT_3D('',#5753,#4698,#4699);
#4138=AXIS2_PLACEMENT_3D('',#5757,#4701,#4702);
#4139=AXIS2_PLACEMENT_3D('',#5777,#4712,#4713);
#4140=AXIS2_PLACEMENT_3D('',#5780,#4715,#4716);
#4141=AXIS2_PLACEMENT_3D('',#5781,#4717,#4718);
#4142=AXIS2_PLACEMENT_3D('',#5783,#4719,#4720);
#4143=AXIS2_PLACEMENT_3D('',#5785,#4722,#4723);
#4144=AXIS2_PLACEMENT_3D('',#5789,#4726,#4727);
#4145=AXIS2_PLACEMENT_3D('',#5792,#4728,#4729);
#4146=AXIS2_PLACEMENT_3D('',#5795,#4732,#4733);
#4147=AXIS2_PLACEMENT_3D('',#5797,#4735,#4736);
#4148=AXIS2_PLACEMENT_3D('',#5799,#4737,#4738);
#4149=AXIS2_PLACEMENT_3D('',#5801,#4740,#4741);
#4150=AXIS2_PLACEMENT_3D('',#5815,#4748,#4749);
#4151=AXIS2_PLACEMENT_3D('',#5819,#4751,#4752);
#4152=AXIS2_PLACEMENT_3D('',#5823,#4754,#4755);
#4153=AXIS2_PLACEMENT_3D('',#5827,#4757,#4758);
#4154=AXIS2_PLACEMENT_3D('',#5831,#4760,#4761);
#4155=AXIS2_PLACEMENT_3D('',#5855,#4773,#4774);
#4156=AXIS2_PLACEMENT_3D('',#5857,#4775,#4776);
#4157=AXIS2_PLACEMENT_3D('',#5870,#4783,#4784);
#4158=AXIS2_PLACEMENT_3D('',#5872,#4785,#4786);
#4159=AXIS2_PLACEMENT_3D('',#5873,#4787,#4788);
#4160=AXIS2_PLACEMENT_3D('',#5882,#4793,#4794);
#4161=AXIS2_PLACEMENT_3D('',#5888,#4798,#4799);
#4162=AXIS2_PLACEMENT_3D('',#5894,#4803,#4804);
#4163=AXIS2_PLACEMENT_3D('',#5900,#4808,#4809);
#4164=AXIS2_PLACEMENT_3D('',#5906,#4813,#4814);
#4165=AXIS2_PLACEMENT_3D('',#5910,#4817,#4818);
#4166=AXIS2_PLACEMENT_3D('',#5914,#4821,#4822);
#4167=AXIS2_PLACEMENT_3D('',#5918,#4825,#4826);
#4168=AXIS2_PLACEMENT_3D('',#5922,#4829,#4830);
#4169=AXIS2_PLACEMENT_3D('',#5931,#4835,#4836);
#4170=AXIS2_PLACEMENT_3D('',#5940,#4841,#4842);
#4171=AXIS2_PLACEMENT_3D('',#5949,#4847,#4848);
#4172=AXIS2_PLACEMENT_3D('',#5958,#4853,#4854);
#4173=AXIS2_PLACEMENT_3D('',#5967,#4859,#4860);
#4174=AXIS2_PLACEMENT_3D('',#5973,#4864,#4865);
#4175=AXIS2_PLACEMENT_3D('',#5982,#4870,#4871);
#4176=AXIS2_PLACEMENT_3D('',#5991,#4876,#4877);
#4177=AXIS2_PLACEMENT_3D('',#6000,#4882,#4883);
#4178=AXIS2_PLACEMENT_3D('',#6009,#4888,#4889);
#4179=AXIS2_PLACEMENT_3D('',#6018,#4894,#4895);
#4180=AXIS2_PLACEMENT_3D('',#6027,#4900,#4901);
#4181=AXIS2_PLACEMENT_3D('',#6036,#4906,#4907);
#4182=AXIS2_PLACEMENT_3D('',#6045,#4912,#4913);
#4183=AXIS2_PLACEMENT_3D('',#6054,#4918,#4919);
#4184=AXIS2_PLACEMENT_3D('',#6063,#4924,#4925);
#4185=AXIS2_PLACEMENT_3D('',#6072,#4930,#4931);
#4186=AXIS2_PLACEMENT_3D('',#6081,#4936,#4937);
#4187=AXIS2_PLACEMENT_3D('',#6090,#4942,#4943);
#4188=AXIS2_PLACEMENT_3D('',#6099,#4948,#4949);
#4189=AXIS2_PLACEMENT_3D('',#6108,#4954,#4955);
#4190=AXIS2_PLACEMENT_3D('',#6117,#4960,#4961);
#4191=AXIS2_PLACEMENT_3D('',#6121,#4964,#4965);
#4192=AXIS2_PLACEMENT_3D('',#6124,#4968,#4969);
#4193=AXIS2_PLACEMENT_3D('',#6127,#4972,#4973);
#4194=AXIS2_PLACEMENT_3D('',#6130,#4976,#4977);
#4195=AXIS2_PLACEMENT_3D('',#6133,#4980,#4981);
#4196=AXIS2_PLACEMENT_3D('',#6136,#4984,#4985);
#4197=AXIS2_PLACEMENT_3D('',#6139,#4988,#4989);
#4198=AXIS2_PLACEMENT_3D('',#6144,#4993,#4994);
#4199=AXIS2_PLACEMENT_3D('',#6147,#4997,#4998);
#4200=AXIS2_PLACEMENT_3D('',#6150,#5001,#5002);
#4201=AXIS2_PLACEMENT_3D('',#6161,#5009,#5010);
#4202=AXIS2_PLACEMENT_3D('',#6163,#5011,#5012);
#4203=AXIS2_PLACEMENT_3D('',#6167,#5014,#5015);
#4204=AXIS2_PLACEMENT_3D('',#6171,#5017,#5018);
#4205=AXIS2_PLACEMENT_3D('',#6175,#5020,#5021);
#4206=AXIS2_PLACEMENT_3D('',#6179,#5023,#5024);
#4207=AXIS2_PLACEMENT_3D('',#6187,#5028,#5029);
#4208=AXIS2_PLACEMENT_3D('',#6212,#5053,#5054);
#4209=AXIS2_PLACEMENT_3D('',#6215,#5057,#5058);
#4210=AXIS2_PLACEMENT_3D('',#6218,#5061,#5062);
#4211=AXIS2_PLACEMENT_3D('',#6220,#5064,#5065);
#4212=AXIS2_PLACEMENT_3D('',#6222,#5067,#5068);
#4213=AXIS2_PLACEMENT_3D('',#6225,#5071,#5072);
#4214=AXIS2_PLACEMENT_3D('',#6228,#5075,#5076);
#4215=AXIS2_PLACEMENT_3D('',#6231,#5079,#5080);
#4216=AXIS2_PLACEMENT_3D('',#6234,#5083,#5084);
#4217=AXIS2_PLACEMENT_3D('',#6237,#5087,#5088);
#4218=AXIS2_PLACEMENT_3D('',#6238,#5089,#5090);
#4219=AXIS2_PLACEMENT_3D('',#6247,#5095,#5096);
#4220=AXIS2_PLACEMENT_3D('',#6253,#5100,#5101);
#4221=AXIS2_PLACEMENT_3D('',#6255,#5102,#5103);
#4222=AXIS2_PLACEMENT_3D('',#6257,#5105,#5106);
#4223=AXIS2_PLACEMENT_3D('',#6261,#5109,#5110);
#4224=AXIS2_PLACEMENT_3D('',#6262,#5111,#5112);
#4225=AXIS2_PLACEMENT_3D('',#6263,#5113,#5114);
#4226=AXIS2_PLACEMENT_3D('',#6269,#5118,#5119);
#4227=AXIS2_PLACEMENT_3D('',#6272,#5122,#5123);
#4228=AXIS2_PLACEMENT_3D('',#6278,#5127,#5128);
#4229=AXIS2_PLACEMENT_3D('',#6280,#5129,#5130);
#4230=AXIS2_PLACEMENT_3D('',#6282,#5132,#5133);
#4231=AXIS2_PLACEMENT_3D('',#6286,#5136,#5137);
#4232=AXIS2_PLACEMENT_3D('',#6287,#5138,#5139);
#4233=AXIS2_PLACEMENT_3D('',#6288,#5140,#5141);
#4234=AXIS2_PLACEMENT_3D('',#6294,#5145,#5146);
#4235=AXIS2_PLACEMENT_3D('',#6300,#5150,#5151);
#4236=AXIS2_PLACEMENT_3D('',#6302,#5153,#5154);
#4237=AXIS2_PLACEMENT_3D('',#6317,#5163,#5164);
#4238=AXIS2_PLACEMENT_3D('',#6323,#5168,#5169);
#4239=AXIS2_PLACEMENT_3D('',#6327,#5172,#5173);
#4240=AXIS2_PLACEMENT_3D('',#6331,#5176,#5177);
#4241=AXIS2_PLACEMENT_3D('',#6335,#5180,#5181);
#4242=AXIS2_PLACEMENT_3D('',#6339,#5184,#5185);
#4243=AXIS2_PLACEMENT_3D('',#6343,#5188,#5189);
#4244=AXIS2_PLACEMENT_3D('',#6347,#5192,#5193);
#4245=AXIS2_PLACEMENT_3D('',#6350,#5196,#5197);
#4246=AXIS2_PLACEMENT_3D('',#6353,#5199,#5200);
#4247=AXIS2_PLACEMENT_3D('',#6354,#5201,#5202);
#4248=AXIS2_PLACEMENT_3D('',#6357,#5204,#5205);
#4249=AXIS2_PLACEMENT_3D('',#6358,#5206,#5207);
#4250=AXIS2_PLACEMENT_3D('',#6361,#5209,#5210);
#4251=AXIS2_PLACEMENT_3D('',#6362,#5211,#5212);
#4252=AXIS2_PLACEMENT_3D('',#6365,#5214,#5215);
#4253=AXIS2_PLACEMENT_3D('',#6366,#5216,#5217);
#4254=AXIS2_PLACEMENT_3D('',#6367,#5218,#5219);
#4255=AXIS2_PLACEMENT_3D('',#6369,#5221,#5222);
#4256=AXIS2_PLACEMENT_3D('',#6373,#5225,#5226);
#4257=AXIS2_PLACEMENT_3D('',#6377,#5229,#5230);
#4258=AXIS2_PLACEMENT_3D('',#6379,#5232,#5233);
#4259=DIRECTION('axis',(0.,0.,1.));
#4260=DIRECTION('refdir',(1.,0.,0.));
#4261=DIRECTION('center_axis',(0.,0.,-1.));
#4262=DIRECTION('ref_axis',(0.707106781186548,0.707106781186548,0.));
#4263=DIRECTION('center_axis',(0.,0.,1.));
#4264=DIRECTION('ref_axis',(0.707106781186548,0.707106781186548,0.));
#4265=DIRECTION('',(0.,0.,1.));
#4266=DIRECTION('center_axis',(0.,0.,-1.));
#4267=DIRECTION('ref_axis',(0.707106781186548,0.707106781186548,0.));
#4268=DIRECTION('',(0.,0.,-1.));
#4269=DIRECTION('center_axis',(1.,0.,0.));
#4270=DIRECTION('ref_axis',(0.,-1.,0.));
#4271=DIRECTION('',(0.,1.,0.));
#4272=DIRECTION('',(0.,0.,1.));
#4273=DIRECTION('',(1.39431463061244E-16,-1.,0.));
#4274=DIRECTION('center_axis',(0.,0.,-1.));
#4275=DIRECTION('ref_axis',(1.,0.,0.));
#4276=DIRECTION('',(-1.,0.,0.));
#4277=DIRECTION('center_axis',(0.,0.,-1.));
#4278=DIRECTION('ref_axis',(-0.707106781186549,0.707106781186546,0.));
#4279=DIRECTION('',(0.,-1.,0.));
#4280=DIRECTION('center_axis',(0.,0.,-1.));
#4281=DIRECTION('ref_axis',(-0.707106781186548,-0.707106781186547,0.));
#4282=DIRECTION('',(1.,0.,0.));
#4283=DIRECTION('',(0.,-1.,0.));
#4284=DIRECTION('',(1.,0.,0.));
#4285=DIRECTION('',(0.,1.,0.));
#4286=DIRECTION('',(-1.,0.,0.));
#4287=DIRECTION('',(0.,-1.,0.));
#4288=DIRECTION('',(1.,0.,0.));
#4289=DIRECTION('',(0.,1.,0.));
#4290=DIRECTION('',(-1.,0.,0.));
#4291=DIRECTION('',(0.,1.,0.));
#4292=DIRECTION('',(1.,0.,0.));
#4293=DIRECTION('',(0.,-1.,0.));
#4294=DIRECTION('',(-1.,0.,0.));
#4295=DIRECTION('',(0.,-1.,0.));
#4296=DIRECTION('',(1.,0.,0.));
#4297=DIRECTION('',(0.,1.,0.));
#4298=DIRECTION('',(1.,0.,0.));
#4299=DIRECTION('',(0.,-1.,0.));
#4300=DIRECTION('',(1.,0.,0.));
#4301=DIRECTION('center_axis',(0.,0.,-1.));
#4302=DIRECTION('ref_axis',(0.707106781186549,-0.707106781186546,0.));
#4303=DIRECTION('center_axis',(0.,0.,1.));
#4304=DIRECTION('ref_axis',(1.,0.,0.));
#4305=DIRECTION('center_axis',(0.,0.,1.));
#4306=DIRECTION('ref_axis',(1.,0.,0.));
#4307=DIRECTION('center_axis',(0.,0.,-1.));
#4308=DIRECTION('ref_axis',(-0.707106781186549,0.707106781186546,0.));
#4309=DIRECTION('center_axis',(0.,0.,1.));
#4310=DIRECTION('ref_axis',(-0.707106781186549,0.707106781186546,0.));
#4311=DIRECTION('',(0.,0.,1.));
#4312=DIRECTION('',(0.,0.,-1.));
#4313=DIRECTION('center_axis',(-1.,0.,0.));
#4314=DIRECTION('ref_axis',(0.,1.,0.));
#4315=DIRECTION('',(-3.48578657653109E-17,1.,0.));
#4316=DIRECTION('',(0.,0.,-1.));
#4317=DIRECTION('center_axis',(0.,0.,-1.));
#4318=DIRECTION('ref_axis',(1.,0.,0.));
#4319=DIRECTION('center_axis',(0.,0.,1.));
#4320=DIRECTION('ref_axis',(0.707106781186549,-0.707106781186546,0.));
#4321=DIRECTION('',(-1.,-1.74130254724553E-16,0.));
#4322=DIRECTION('',(0.,1.,0.));
#4323=DIRECTION('',(-1.,0.,0.));
#4324=DIRECTION('',(0.,-1.,0.));
#4325=DIRECTION('',(-1.,0.,0.));
#4326=DIRECTION('center_axis',(0.,0.,1.));
#4327=DIRECTION('ref_axis',(-0.707106781186548,-0.707106781186547,0.));
#4328=DIRECTION('',(1.,0.,0.));
#4329=DIRECTION('',(-0.866025403784439,-0.5,0.));
#4330=DIRECTION('',(0.,-1.,0.));
#4331=DIRECTION('',(0.866025403784439,0.5,0.));
#4332=DIRECTION('',(0.,1.,0.));
#4333=DIRECTION('',(-1.,0.,0.));
#4334=DIRECTION('',(0.,1.,0.));
#4335=DIRECTION('',(-0.866025403784439,-0.5,0.));
#4336=DIRECTION('',(0.,-1.,0.));
#4337=DIRECTION('',(0.866025403784439,0.5,0.));
#4338=DIRECTION('',(0.,1.,0.));
#4339=DIRECTION('',(-0.866025403784439,-0.5,0.));
#4340=DIRECTION('',(1.,-2.77555756156287E-16,0.));
#4341=DIRECTION('',(0.866025403784439,0.5,0.));
#4342=DIRECTION('',(-0.866025403784439,-0.5,0.));
#4343=DIRECTION('',(0.,-1.,0.));
#4344=DIRECTION('',(1.,-1.58603289232165E-16,0.));
#4345=DIRECTION('',(0.,-1.,0.));
#4346=DIRECTION('',(0.866025403784439,0.5,0.));
#4347=DIRECTION('',(0.,1.,0.));
#4348=DIRECTION('',(0.,1.,0.));
#4349=DIRECTION('',(-0.866025403784439,-0.5,0.));
#4350=DIRECTION('',(0.,-1.,0.));
#4351=DIRECTION('',(0.866025403784439,0.5,0.));
#4352=DIRECTION('',(-1.,0.,0.));
#4353=DIRECTION('',(-0.866025403784439,-0.5,0.));
#4354=DIRECTION('',(0.,-1.,0.));
#4355=DIRECTION('',(0.866025403784439,0.5,0.));
#4356=DIRECTION('',(0.,1.,0.));
#4357=DIRECTION('',(-0.866025403784439,-0.5,0.));
#4358=DIRECTION('',(0.,-1.,0.));
#4359=DIRECTION('',(0.866025403784439,0.5,0.));
#4360=DIRECTION('',(0.,1.,0.));
#4361=DIRECTION('',(-0.866025403784439,-0.5,0.));
#4362=DIRECTION('',(1.,5.55111512312573E-16,0.));
#4363=DIRECTION('',(0.866025403784439,0.5,0.));
#4364=DIRECTION('',(0.,1.,0.));
#4365=DIRECTION('',(-0.866025403784439,-0.5,0.));
#4366=DIRECTION('',(0.,-1.,0.));
#4367=DIRECTION('',(1.,0.,0.));
#4368=DIRECTION('',(0.866025403784439,0.5,0.));
#4369=DIRECTION('',(-1.,0.,0.));
#4370=DIRECTION('',(-0.866025403784439,-0.5,0.));
#4371=DIRECTION('',(0.,-1.,0.));
#4372=DIRECTION('',(0.866025403784439,0.5,0.));
#4373=DIRECTION('',(-1.,0.,0.));
#4374=DIRECTION('',(-0.866025403784439,-0.5,0.));
#4375=DIRECTION('',(0.,-1.,0.));
#4376=DIRECTION('',(0.866025403784439,0.5,0.));
#4377=DIRECTION('center_axis',(0.,0.,1.));
#4378=DIRECTION('ref_axis',(1.,0.,0.));
#4379=DIRECTION('center_axis',(0.,0.,1.));
#4380=DIRECTION('ref_axis',(1.,0.,0.));
#4381=DIRECTION('center_axis',(0.,0.,1.));
#4382=DIRECTION('ref_axis',(1.,0.,0.));
#4383=DIRECTION('center_axis',(0.,0.,1.));
#4384=DIRECTION('ref_axis',(1.,0.,0.));
#4385=DIRECTION('center_axis',(0.,0.,-1.));
#4386=DIRECTION('ref_axis',(0.707106781186549,-0.707106781186546,0.));
#4387=DIRECTION('',(0.,0.,-1.));
#4388=DIRECTION('center_axis',(0.,-1.,0.));
#4389=DIRECTION('ref_axis',(-1.,0.,0.));
#4390=DIRECTION('',(0.,0.,-1.));
#4391=DIRECTION('center_axis',(0.,0.,-1.));
#4392=DIRECTION('ref_axis',(-0.707106781186548,-0.707106781186547,0.));
#4393=DIRECTION('',(0.,0.,1.));
#4394=DIRECTION('center_axis',(0.,-1.,0.));
#4395=DIRECTION('ref_axis',(-1.,0.,0.));
#4396=DIRECTION('',(0.,0.,-1.));
#4397=DIRECTION('center_axis',(-0.5,0.866025403784439,0.));
#4398=DIRECTION('ref_axis',(-0.866025403784439,-0.5,0.));
#4399=DIRECTION('',(0.866025403784439,0.5,0.));
#4400=DIRECTION('',(0.,0.,1.));
#4401=DIRECTION('',(0.,0.,1.));
#4402=DIRECTION('center_axis',(0.5,-0.866025403784439,0.));
#4403=DIRECTION('ref_axis',(0.866025403784439,0.5,0.));
#4404=DIRECTION('',(-0.866025403784439,-0.5,0.));
#4405=DIRECTION('',(0.,0.,1.));
#4406=DIRECTION('',(0.,0.,1.));
#4407=DIRECTION('center_axis',(0.5,-0.866025403784439,0.));
#4408=DIRECTION('ref_axis',(0.866025403784439,0.5,0.));
#4409=DIRECTION('',(-0.866025403784439,-0.5,0.));
#4410=DIRECTION('',(0.,0.,1.));
#4411=DIRECTION('',(0.,0.,1.));
#4412=DIRECTION('center_axis',(-0.5,0.866025403784439,0.));
#4413=DIRECTION('ref_axis',(-0.866025403784439,-0.5,0.));
#4414=DIRECTION('',(0.866025403784439,0.5,0.));
#4415=DIRECTION('',(0.,0.,1.));
#4416=DIRECTION('',(0.,0.,1.));
#4417=DIRECTION('center_axis',(0.5,-0.866025403784439,0.));
#4418=DIRECTION('ref_axis',(0.866025403784439,0.5,0.));
#4419=DIRECTION('',(-0.866025403784439,-0.5,0.));
#4420=DIRECTION('',(0.,0.,1.));
#4421=DIRECTION('',(0.,0.,1.));
#4422=DIRECTION('center_axis',(-2.77555756156287E-16,-1.,0.));
#4423=DIRECTION('ref_axis',(1.,-2.77555756156287E-16,0.));
#4424=DIRECTION('',(-1.,2.77555756156287E-16,0.));
#4425=DIRECTION('',(0.,0.,1.));
#4426=DIRECTION('center_axis',(-0.5,0.866025403784439,0.));
#4427=DIRECTION('ref_axis',(-0.866025403784439,-0.5,0.));
#4428=DIRECTION('',(0.866025403784439,0.5,0.));
#4429=DIRECTION('',(0.,0.,1.));
#4430=DIRECTION('center_axis',(-0.5,0.866025403784439,0.));
#4431=DIRECTION('ref_axis',(-0.866025403784439,-0.5,0.));
#4432=DIRECTION('',(0.866025403784439,0.5,0.));
#4433=DIRECTION('',(0.,0.,1.));
#4434=DIRECTION('',(0.,0.,1.));
#4435=DIRECTION('center_axis',(0.5,-0.866025403784439,0.));
#4436=DIRECTION('ref_axis',(0.866025403784439,0.5,0.));
#4437=DIRECTION('',(-0.866025403784439,-0.5,0.));
#4438=DIRECTION('',(0.,0.,1.));
#4439=DIRECTION('',(0.,0.,1.));
#4440=DIRECTION('center_axis',(-1.,0.,0.));
#4441=DIRECTION('ref_axis',(0.,-1.,0.));
#4442=DIRECTION('',(0.,1.,0.));
#4443=DIRECTION('',(0.,0.,1.));
#4444=DIRECTION('center_axis',(0.5,-0.866025403784439,0.));
#4445=DIRECTION('ref_axis',(0.866025403784439,0.5,0.));
#4446=DIRECTION('',(-0.866025403784439,-0.5,0.));
#4447=DIRECTION('',(0.,0.,1.));
#4448=DIRECTION('',(0.,0.,1.));
#4449=DIRECTION('center_axis',(-0.5,0.866025403784439,0.));
#4450=DIRECTION('ref_axis',(-0.866025403784439,-0.5,0.));
#4451=DIRECTION('',(0.866025403784439,0.5,0.));
#4452=DIRECTION('',(0.,0.,1.));
#4453=DIRECTION('',(0.,0.,1.));
#4454=DIRECTION('center_axis',(0.5,-0.866025403784439,0.));
#4455=DIRECTION('ref_axis',(0.866025403784439,0.5,0.));
#4456=DIRECTION('',(-0.866025403784439,-0.5,0.));
#4457=DIRECTION('',(0.,0.,1.));
#4458=DIRECTION('',(0.,0.,1.));
#4459=DIRECTION('center_axis',(-0.5,0.866025403784439,0.));
#4460=DIRECTION('ref_axis',(-0.866025403784439,-0.5,0.));
#4461=DIRECTION('',(0.866025403784439,0.5,0.));
#4462=DIRECTION('',(0.,0.,1.));
#4463=DIRECTION('',(0.,0.,1.));
#4464=DIRECTION('center_axis',(0.5,-0.866025403784439,0.));
#4465=DIRECTION('ref_axis',(0.866025403784439,0.5,0.));
#4466=DIRECTION('',(-0.866025403784439,-0.5,0.));
#4467=DIRECTION('',(0.,0.,1.));
#4468=DIRECTION('',(0.,0.,1.));
#4469=DIRECTION('center_axis',(-0.5,0.866025403784439,0.));
#4470=DIRECTION('ref_axis',(-0.866025403784439,-0.5,0.));
#4471=DIRECTION('',(0.866025403784439,0.5,0.));
#4472=DIRECTION('',(0.,0.,1.));
#4473=DIRECTION('',(0.,0.,1.));
#4474=DIRECTION('center_axis',(0.5,-0.866025403784439,0.));
#4475=DIRECTION('ref_axis',(0.866025403784439,0.5,0.));
#4476=DIRECTION('',(-0.866025403784439,-0.5,0.));
#4477=DIRECTION('',(0.,0.,1.));
#4478=DIRECTION('',(0.,0.,1.));
#4479=DIRECTION('center_axis',(5.55111512312573E-16,-1.,0.));
#4480=DIRECTION('ref_axis',(1.,5.55111512312573E-16,0.));
#4481=DIRECTION('',(-1.,-5.55111512312573E-16,0.));
#4482=DIRECTION('',(0.,0.,1.));
#4483=DIRECTION('center_axis',(-0.5,0.866025403784439,0.));
#4484=DIRECTION('ref_axis',(-0.866025403784439,-0.5,0.));
#4485=DIRECTION('',(0.866025403784439,0.5,0.));
#4486=DIRECTION('',(0.,0.,1.));
#4487=DIRECTION('center_axis',(1.,0.,0.));
#4488=DIRECTION('ref_axis',(0.,1.,0.));
#4489=DIRECTION('',(0.,-1.,0.));
#4490=DIRECTION('',(0.,0.,1.));
#4491=DIRECTION('',(0.,0.,1.));
#4492=DIRECTION('center_axis',(0.5,-0.866025403784439,0.));
#4493=DIRECTION('ref_axis',(0.866025403784439,0.5,0.));
#4494=DIRECTION('',(-0.866025403784439,-0.5,0.));
#4495=DIRECTION('',(0.,0.,1.));
#4496=DIRECTION('center_axis',(-0.5,0.866025403784439,0.));
#4497=DIRECTION('ref_axis',(-0.866025403784439,-0.5,0.));
#4498=DIRECTION('',(0.866025403784439,0.5,0.));
#4499=DIRECTION('',(0.,0.,1.));
#4500=DIRECTION('center_axis',(0.5,-0.866025403784439,0.));
#4501=DIRECTION('ref_axis',(0.866025403784439,0.5,0.));
#4502=DIRECTION('',(-0.866025403784439,-0.5,0.));
#4503=DIRECTION('',(0.,0.,1.));
#4504=DIRECTION('',(0.,0.,1.));
#4505=DIRECTION('center_axis',(-0.5,0.866025403784439,0.));
#4506=DIRECTION('ref_axis',(-0.866025403784439,-0.5,0.));
#4507=DIRECTION('',(0.866025403784439,0.5,0.));
#4508=DIRECTION('',(0.,0.,1.));
#4509=DIRECTION('',(0.,0.,1.));
#4510=DIRECTION('center_axis',(0.5,-0.866025403784439,0.));
#4511=DIRECTION('ref_axis',(0.866025403784439,0.5,0.));
#4512=DIRECTION('',(-0.866025403784439,-0.5,0.));
#4513=DIRECTION('',(0.,0.,1.));
#4514=DIRECTION('',(0.,0.,1.));
#4515=DIRECTION('center_axis',(-0.5,0.866025403784439,0.));
#4516=DIRECTION('ref_axis',(-0.866025403784439,-0.5,0.));
#4517=DIRECTION('',(0.866025403784439,0.5,0.));
#4518=DIRECTION('',(0.,0.,1.));
#4519=DIRECTION('',(0.,0.,1.));
#4520=DIRECTION('center_axis',(0.,0.,-1.));
#4521=DIRECTION('ref_axis',(1.,0.,0.));
#4522=DIRECTION('',(-1.,0.,-1.57852960400898E-24));
#4523=DIRECTION('',(0.,-0.999999999999996,-8.74227765734797E-8));
#4524=DIRECTION('center_axis',(0.,0.,-1.));
#4525=DIRECTION('ref_axis',(1.,0.,0.));
#4526=DIRECTION('',(0.,0.999999999999996,8.74227765734797E-8));
#4527=DIRECTION('',(-1.,0.,-1.57852960400898E-24));
#4528=DIRECTION('',(0.,-0.999999999999996,-8.74227765734797E-8));
#4529=DIRECTION('center_axis',(0.,0.,-1.));
#4530=DIRECTION('ref_axis',(1.,0.,0.));
#4531=DIRECTION('',(0.,0.999999999999996,8.74227765734797E-8));
#4532=DIRECTION('',(0.,-0.999999999999996,-8.74227765734797E-8));
#4533=DIRECTION('center_axis',(0.,0.,-1.));
#4534=DIRECTION('ref_axis',(1.,0.,0.));
#4535=DIRECTION('',(-1.,0.,-1.57852960400898E-24));
#4536=DIRECTION('',(0.,-0.999999999999996,-8.74227765734797E-8));
#4537=DIRECTION('center_axis',(0.,0.,-1.));
#4538=DIRECTION('ref_axis',(1.,0.,0.));
#4539=DIRECTION('',(0.,-0.999999999999996,-8.74227765734797E-8));
#4540=DIRECTION('',(-1.,0.,-1.57852960400898E-24));
#4541=DIRECTION('',(0.,0.999999999999996,8.74227765734797E-8));
#4542=DIRECTION('center_axis',(0.,0.,-1.));
#4543=DIRECTION('ref_axis',(1.,0.,0.));
#4544=DIRECTION('',(0.,0.999999999999996,8.74227765734797E-8));
#4545=DIRECTION('',(0.,0.999999999999996,8.74227765734797E-8));
#4546=DIRECTION('',(0.,-0.999999999999996,-8.74227765734797E-8));
#4547=DIRECTION('',(1.,0.,1.57852960400898E-24));
#4548=DIRECTION('',(0.,-1.,0.));
#4549=DIRECTION('',(-1.,0.,0.));
#4550=DIRECTION('',(0.,0.999999999999996,8.74227765734797E-8));
#4551=DIRECTION('',(1.,0.,1.57852960400898E-24));
#4552=DIRECTION('',(0.,0.999999999999996,8.74227765734797E-8));
#4553=DIRECTION('center_axis',(0.,0.,-1.));
#4554=DIRECTION('ref_axis',(1.,0.,0.));
#4555=DIRECTION('',(0.,-0.999999999999996,-8.74227765734797E-8));
#4556=DIRECTION('',(1.,0.,1.57852960400898E-24));
#4557=DIRECTION('',(0.,0.999999999999996,8.74227765734797E-8));
#4558=DIRECTION('center_axis',(0.,0.,-1.));
#4559=DIRECTION('ref_axis',(1.,0.,0.));
#4560=DIRECTION('',(-1.,0.,-1.57852960400898E-24));
#4561=DIRECTION('',(0.,-0.999999999999996,-8.74227765734797E-8));
#4562=DIRECTION('',(-1.,0.,-1.57852960400898E-24));
#4563=DIRECTION('',(0.,-0.999999999999996,-8.74227765734797E-8));
#4564=DIRECTION('center_axis',(0.,0.,-1.));
#4565=DIRECTION('ref_axis',(1.,0.,0.));
#4566=DIRECTION('',(0.,-0.999999999999996,-8.74227765734797E-8));
#4567=DIRECTION('',(0.,0.999999999999996,8.74227765734797E-8));
#4568=DIRECTION('center_axis',(-1.,0.,0.));
#4569=DIRECTION('ref_axis',(0.,1.,0.));
#4570=DIRECTION('',(0.,0.,-1.));
#4571=DIRECTION('',(0.,1.,0.));
#4572=DIRECTION('',(0.,0.,1.));
#4573=DIRECTION('center_axis',(1.,0.,0.));
#4574=DIRECTION('ref_axis',(0.,-1.,0.));
#4575=DIRECTION('',(0.,0.,-1.));
#4576=DIRECTION('',(0.,-1.,0.));
#4577=DIRECTION('',(0.,0.,1.));
#4578=DIRECTION('center_axis',(0.,1.,0.));
#4579=DIRECTION('ref_axis',(1.,0.,0.));
#4580=DIRECTION('',(0.,0.,1.));
#4581=DIRECTION('',(1.,0.,0.));
#4582=DIRECTION('center_axis',(0.,1.,0.));
#4583=DIRECTION('ref_axis',(1.,0.,0.));
#4584=DIRECTION('',(0.,0.,-1.));
#4585=DIRECTION('',(0.,0.,1.));
#4586=DIRECTION('center_axis',(1.,0.,0.));
#4587=DIRECTION('ref_axis',(0.,-1.,0.));
#4588=DIRECTION('',(0.,0.,-1.));
#4589=DIRECTION('center_axis',(0.,1.,0.));
#4590=DIRECTION('ref_axis',(-1.,0.,0.));
#4591=DIRECTION('',(1.,0.,0.));
#4592=DIRECTION('',(0.,0.,1.));
#4593=DIRECTION('center_axis',(0.,-1.,0.));
#4594=DIRECTION('ref_axis',(1.,0.,0.));
#4595=DIRECTION('',(0.,0.,1.));
#4596=DIRECTION('',(-1.,0.,0.));
#4597=DIRECTION('center_axis',(0.,-1.,0.));
#4598=DIRECTION('ref_axis',(1.,0.,0.));
#4599=DIRECTION('',(-1.,0.,0.));
#4600=DIRECTION('',(0.,0.,1.));
#4601=DIRECTION('center_axis',(-1.,0.,0.));
#4602=DIRECTION('ref_axis',(0.,-1.,0.));
#4603=DIRECTION('',(0.,1.,0.));
#4604=DIRECTION('',(0.,0.,1.));
#4605=DIRECTION('center_axis',(0.,1.,0.));
#4606=DIRECTION('ref_axis',(-1.,0.,0.));
#4607=DIRECTION('',(1.,0.,0.));
#4608=DIRECTION('',(0.,0.,1.));
#4609=DIRECTION('center_axis',(1.,0.,0.));
#4610=DIRECTION('ref_axis',(0.,1.,0.));
#4611=DIRECTION('',(0.,-1.,0.));
#4612=DIRECTION('center_axis',(0.,0.,1.));
#4613=DIRECTION('ref_axis',(1.,0.,0.));
#4614=DIRECTION('',(0.,-1.,0.));
#4615=DIRECTION('',(-1.,0.,0.));
#4616=DIRECTION('',(0.,1.,0.));
#4617=DIRECTION('center_axis',(0.,0.,-1.));
#4618=DIRECTION('ref_axis',(1.,0.,0.));
#4619=DIRECTION('',(-1.,0.,0.));
#4620=DIRECTION('',(0.,-1.,0.));
#4621=DIRECTION('',(1.,0.,0.));
#4622=DIRECTION('',(0.,1.,0.));
#4623=DIRECTION('center_axis',(0.,0.,1.));
#4624=DIRECTION('ref_axis',(1.,0.,0.));
#4625=DIRECTION('center_axis',(0.,0.,-1.));
#4626=DIRECTION('ref_axis',(1.,0.,0.));
#4627=DIRECTION('',(0.,-1.,0.));
#4628=DIRECTION('',(-1.,0.,0.));
#4629=DIRECTION('',(0.,-1.,0.));
#4630=DIRECTION('',(-1.,0.,0.));
#4631=DIRECTION('center_axis',(0.,0.,1.));
#4632=DIRECTION('ref_axis',(1.,0.,0.));
#4633=DIRECTION('center_axis',(0.,-1.,0.));
#4634=DIRECTION('ref_axis',(-1.,0.,0.));
#4635=DIRECTION('',(0.,0.,-1.));
#4636=DIRECTION('center_axis',(0.,1.,0.));
#4637=DIRECTION('ref_axis',(1.,0.,0.));
#4638=DIRECTION('',(0.,0.,-1.));
#4639=DIRECTION('',(0.,0.,-1.));
#4640=DIRECTION('center_axis',(-1.,0.,0.));
#4641=DIRECTION('ref_axis',(0.,1.,0.));
#4642=DIRECTION('center_axis',(0.,1.,0.));
#4643=DIRECTION('ref_axis',(1.,0.,0.));
#4644=DIRECTION('center_axis',(0.,0.,-1.));
#4645=DIRECTION('ref_axis',(1.,0.,0.));
#4646=DIRECTION('',(0.,0.,1.));
#4647=DIRECTION('center_axis',(0.,0.,-1.));
#4648=DIRECTION('ref_axis',(1.,0.,0.));
#4649=DIRECTION('',(0.,0.,1.));
#4650=DIRECTION('center_axis',(0.,0.,-1.));
#4651=DIRECTION('ref_axis',(1.,0.,0.));
#4652=DIRECTION('',(0.,0.,1.));
#4653=DIRECTION('center_axis',(0.,0.,-1.));
#4654=DIRECTION('ref_axis',(1.,0.,0.));
#4655=DIRECTION('',(0.,0.,1.));
#4656=DIRECTION('center_axis',(1.,0.,0.));
#4657=DIRECTION('ref_axis',(0.,-1.,0.));
#4658=DIRECTION('',(0.,0.,-1.));
#4659=DIRECTION('center_axis',(0.,1.,0.));
#4660=DIRECTION('ref_axis',(1.,0.,0.));
#4661=DIRECTION('',(0.,0.,-1.));
#4662=DIRECTION('center_axis',(1.,0.,0.));
#4663=DIRECTION('ref_axis',(0.,-1.,0.));
#4664=DIRECTION('',(0.,0.,-1.));
#4665=DIRECTION('',(0.,0.,1.));
#4666=DIRECTION('center_axis',(0.,-1.,0.));
#4667=DIRECTION('ref_axis',(-1.,0.,0.));
#4668=DIRECTION('',(0.,0.,-1.));
#4669=DIRECTION('center_axis',(1.,0.,0.));
#4670=DIRECTION('ref_axis',(0.,-1.,0.));
#4671=DIRECTION('',(0.,0.,-1.));
#4672=DIRECTION('center_axis',(0.,-1.,0.));
#4673=DIRECTION('ref_axis',(-1.,0.,0.));
#4674=DIRECTION('',(0.,0.,1.));
#4675=DIRECTION('',(0.,0.,-1.));
#4676=DIRECTION('',(0.,0.,1.));
#4677=DIRECTION('center_axis',(-1.,0.,0.));
#4678=DIRECTION('ref_axis',(0.,1.,0.));
#4679=DIRECTION('',(0.,0.,-1.));
#4680=DIRECTION('center_axis',(0.,-1.,0.));
#4681=DIRECTION('ref_axis',(-1.,0.,0.));
#4682=DIRECTION('',(0.,0.,-1.));
#4683=DIRECTION('center_axis',(-1.,0.,0.));
#4684=DIRECTION('ref_axis',(0.,1.,0.));
#4685=DIRECTION('center_axis',(0.,0.,1.));
#4686=DIRECTION('ref_axis',(0.707106781186548,0.707106781186548,0.));
#4687=DIRECTION('center_axis',(0.,0.,-1.));
#4688=DIRECTION('ref_axis',(0.707106781186548,0.707106781186548,0.));
#4689=DIRECTION('',(0.,0.,-1.));
#4690=DIRECTION('center_axis',(0.,0.,1.));
#4691=DIRECTION('ref_axis',(0.707106781186548,0.707106781186548,0.));
#4692=DIRECTION('',(0.,0.,1.));
#4693=DIRECTION('center_axis',(0.,1.,0.));
#4694=DIRECTION('ref_axis',(-1.,0.,0.));
#4695=DIRECTION('',(-1.,0.,0.));
#4696=DIRECTION('',(0.,0.,-1.));
#4697=DIRECTION('',(-1.,0.,0.));
#4698=DIRECTION('center_axis',(0.,0.,-1.));
#4699=DIRECTION('ref_axis',(-1.,0.,0.));
#4700=DIRECTION('',(0.,1.,0.));
#4701=DIRECTION('center_axis',(0.,0.,1.));
#4702=DIRECTION('ref_axis',(0.707106781186546,-0.707106781186549,0.));
#4703=DIRECTION('',(1.,0.,0.));
#4704=DIRECTION('',(0.,-1.,0.));
#4705=DIRECTION('',(-1.,0.,0.));
#4706=DIRECTION('',(0.,-1.,0.));
#4707=DIRECTION('',(1.,0.,0.));
#4708=DIRECTION('',(0.,1.,0.));
#4709=DIRECTION('',(-1.,0.,0.));
#4710=DIRECTION('',(0.,1.,0.));
#4711=DIRECTION('',(1.,0.,0.));
#4712=DIRECTION('center_axis',(0.,0.,1.));
#4713=DIRECTION('ref_axis',(-0.707106781186548,-0.707106781186547,0.));
#4714=DIRECTION('',(0.,-1.,0.));
#4715=DIRECTION('center_axis',(0.,0.,1.));
#4716=DIRECTION('ref_axis',(-0.707106781186547,0.707106781186548,0.));
#4717=DIRECTION('center_axis',(0.,0.,1.));
#4718=DIRECTION('ref_axis',(-0.707106781186547,0.707106781186548,0.));
#4719=DIRECTION('center_axis',(0.,0.,-1.));
#4720=DIRECTION('ref_axis',(-0.707106781186547,0.707106781186548,0.));
#4721=DIRECTION('',(0.,0.,1.));
#4722=DIRECTION('center_axis',(-1.,0.,0.));
#4723=DIRECTION('ref_axis',(0.,-1.,0.));
#4724=DIRECTION('',(0.,0.,-1.));
#4725=DIRECTION('',(6.97157315306219E-17,-1.,0.));
#4726=DIRECTION('center_axis',(0.,0.,1.));
#4727=DIRECTION('ref_axis',(0.707106781186546,-0.707106781186549,0.));
#4728=DIRECTION('center_axis',(0.,0.,-1.));
#4729=DIRECTION('ref_axis',(0.707106781186546,-0.707106781186549,0.));
#4730=DIRECTION('',(0.,0.,-1.));
#4731=DIRECTION('',(0.,0.,1.));
#4732=DIRECTION('center_axis',(1.,0.,0.));
#4733=DIRECTION('ref_axis',(0.,1.,0.));
#4734=DIRECTION('',(0.,1.,0.));
#4735=DIRECTION('center_axis',(0.,0.,1.));
#4736=DIRECTION('ref_axis',(-0.707106781186548,-0.707106781186547,0.));
#4737=DIRECTION('center_axis',(0.,0.,-1.));
#4738=DIRECTION('ref_axis',(-0.707106781186548,-0.707106781186547,0.));
#4739=DIRECTION('',(0.,0.,1.));
#4740=DIRECTION('center_axis',(0.,0.,1.));
#4741=DIRECTION('ref_axis',(-1.,0.,0.));
#4742=DIRECTION('',(1.,0.,0.));
#4743=DIRECTION('',(0.,1.,0.));
#4744=DIRECTION('',(-1.,1.59255926028423E-16,0.));
#4745=DIRECTION('',(1.52433367225421E-16,1.,0.));
#4746=DIRECTION('',(-1.,0.,0.));
#4747=DIRECTION('',(0.,1.,0.));
#4748=DIRECTION('center_axis',(0.,0.,-1.));
#4749=DIRECTION('ref_axis',(-1.,0.,0.));
#4750=DIRECTION('',(-1.38777878078144E-16,1.,0.));
#4751=DIRECTION('center_axis',(0.,0.,-1.));
#4752=DIRECTION('ref_axis',(1.,0.,0.));
#4753=DIRECTION('',(0.,1.,0.));
#4754=DIRECTION('center_axis',(0.,0.,-1.));
#4755=DIRECTION('ref_axis',(-1.,0.,0.));
#4756=DIRECTION('',(0.,1.,0.));
#4757=DIRECTION('center_axis',(0.,0.,-1.));
#4758=DIRECTION('ref_axis',(1.,0.,0.));
#4759=DIRECTION('',(0.,1.,0.));
#4760=DIRECTION('center_axis',(0.,0.,-1.));
#4761=DIRECTION('ref_axis',(-1.,0.,0.));
#4762=DIRECTION('',(0.,1.,0.));
#4763=DIRECTION('',(1.,0.,0.));
#4764=DIRECTION('',(0.,-1.,0.));
#4765=DIRECTION('',(1.,0.,0.));
#4766=DIRECTION('',(0.,1.,0.));
#4767=DIRECTION('',(1.,0.,0.));
#4768=DIRECTION('',(0.,-1.,0.));
#4769=DIRECTION('',(1.,0.,0.));
#4770=DIRECTION('',(0.,1.,0.));
#4771=DIRECTION('',(1.,0.,0.));
#4772=DIRECTION('',(0.,-1.,0.));
#4773=DIRECTION('center_axis',(0.,0.,-1.));
#4774=DIRECTION('ref_axis',(-1.,0.,0.));
#4775=DIRECTION('center_axis',(0.,0.,-1.));
#4776=DIRECTION('ref_axis',(-1.,0.,0.));
#4777=DIRECTION('',(0.,-1.,0.));
#4778=DIRECTION('',(-1.,0.,0.));
#4779=DIRECTION('',(4.259848535732E-16,-1.,0.));
#4780=DIRECTION('',(-1.,-3.24999491195834E-16,0.));
#4781=DIRECTION('',(0.,-1.,0.));
#4782=DIRECTION('',(1.,1.0249329819725E-16,0.));
#4783=DIRECTION('center_axis',(0.,0.,-1.));
#4784=DIRECTION('ref_axis',(-1.,0.,0.));
#4785=DIRECTION('center_axis',(0.,0.,-1.));
#4786=DIRECTION('ref_axis',(-1.,0.,0.));
#4787=DIRECTION('center_axis',(0.,-1.,0.));
#4788=DIRECTION('ref_axis',(-1.,0.,0.));
#4789=DIRECTION('',(1.,0.,0.));
#4790=DIRECTION('',(0.,0.,-1.));
#4791=DIRECTION('',(-1.,0.,0.));
#4792=DIRECTION('',(0.,0.,-1.));
#4793=DIRECTION('center_axis',(0.,0.,1.));
#4794=DIRECTION('ref_axis',(-1.,0.,0.));
#4795=DIRECTION('',(0.,-1.,-5.21253213099978E-16));
#4796=DIRECTION('',(-0.866025403784439,0.5,0.));
#4797=DIRECTION('',(0.999999999999999,0.,4.37113987889396E-8));
#4798=DIRECTION('center_axis',(0.,1.,0.));
#4799=DIRECTION('ref_axis',(-1.,0.,0.));
#4800=DIRECTION('',(0.,0.,1.));
#4801=DIRECTION('',(-1.,0.,0.));
#4802=DIRECTION('',(0.,0.,1.));
#4803=DIRECTION('center_axis',(0.,1.,0.));
#4804=DIRECTION('ref_axis',(-1.,0.,0.));
#4805=DIRECTION('',(0.,0.,1.));
#4806=DIRECTION('',(0.,0.,1.));
#4807=DIRECTION('',(-1.,0.,0.));
#4808=DIRECTION('center_axis',(1.,0.,0.));
#4809=DIRECTION('ref_axis',(0.,-1.,0.));
#4810=DIRECTION('',(0.,0.,-1.));
#4811=DIRECTION('',(0.,1.,0.));
#4812=DIRECTION('',(0.,0.,-1.));
#4813=DIRECTION('center_axis',(0.,-1.,0.));
#4814=DIRECTION('ref_axis',(-1.,0.,0.));
#4815=DIRECTION('',(0.,0.,-1.));
#4816=DIRECTION('',(1.,0.,0.));
#4817=DIRECTION('center_axis',(-1.,0.,0.));
#4818=DIRECTION('ref_axis',(0.,1.,0.));
#4819=DIRECTION('',(0.,0.,-1.));
#4820=DIRECTION('',(0.,-1.,0.));
#4821=DIRECTION('center_axis',(0.,1.,0.));
#4822=DIRECTION('ref_axis',(1.,0.,0.));
#4823=DIRECTION('',(0.,0.,-1.));
#4824=DIRECTION('',(-1.,0.,0.));
#4825=DIRECTION('center_axis',(0.,1.,0.));
#4826=DIRECTION('ref_axis',(1.,0.,0.));
#4827=DIRECTION('',(-1.,0.,0.));
#4828=DIRECTION('',(0.,0.,-1.));
#4829=DIRECTION('center_axis',(-0.5,-0.866025403784439,0.));
#4830=DIRECTION('ref_axis',(-0.866025403784439,0.5,0.));
#4831=DIRECTION('',(0.866025403784439,-0.5,0.));
#4832=DIRECTION('',(0.,0.,-1.));
#4833=DIRECTION('',(-0.866025403784439,0.5,0.));
#4834=DIRECTION('',(0.,0.,-1.));
#4835=DIRECTION('center_axis',(0.5,0.866025403784439,0.));
#4836=DIRECTION('ref_axis',(0.866025403784439,-0.5,0.));
#4837=DIRECTION('',(-0.866025403784439,0.5,0.));
#4838=DIRECTION('',(0.,0.,-1.));
#4839=DIRECTION('',(0.866025403784439,-0.5,0.));
#4840=DIRECTION('',(0.,0.,-1.));
#4841=DIRECTION('center_axis',(-0.5,-0.866025403784439,0.));
#4842=DIRECTION('ref_axis',(-0.866025403784439,0.5,0.));
#4843=DIRECTION('',(0.866025403784439,-0.5,0.));
#4844=DIRECTION('',(0.,0.,-1.));
#4845=DIRECTION('',(-0.866025403784439,0.5,0.));
#4846=DIRECTION('',(0.,0.,-1.));
#4847=DIRECTION('center_axis',(0.5,0.866025403784439,0.));
#4848=DIRECTION('ref_axis',(0.866025403784439,-0.5,0.));
#4849=DIRECTION('',(-0.866025403784439,0.5,0.));
#4850=DIRECTION('',(0.,0.,-1.));
#4851=DIRECTION('',(0.866025403784439,-0.5,0.));
#4852=DIRECTION('',(0.,0.,-1.));
#4853=DIRECTION('center_axis',(-0.5,-0.866025403784439,0.));
#4854=DIRECTION('ref_axis',(-0.866025403784439,0.5,0.));
#4855=DIRECTION('',(0.866025403784439,-0.5,0.));
#4856=DIRECTION('',(0.,0.,-1.));
#4857=DIRECTION('',(-0.866025403784439,0.5,0.));
#4858=DIRECTION('',(0.,0.,-1.));
#4859=DIRECTION('center_axis',(0.5,0.866025403784439,0.));
#4860=DIRECTION('ref_axis',(0.866025403784439,-0.5,0.));
#4861=DIRECTION('',(0.,0.,-1.));
#4862=DIRECTION('',(0.866025403784439,-0.5,0.));
#4863=DIRECTION('',(0.,0.,-1.));
#4864=DIRECTION('center_axis',(-0.5,-0.866025403784439,0.));
#4865=DIRECTION('ref_axis',(-0.866025403784439,0.5,0.));
#4866=DIRECTION('',(0.866025403784439,-0.5,0.));
#4867=DIRECTION('',(0.,0.,-1.));
#4868=DIRECTION('',(-0.866025403784439,0.5,0.));
#4869=DIRECTION('',(0.,0.,-1.));
#4870=DIRECTION('center_axis',(0.5,0.866025403784439,0.));
#4871=DIRECTION('ref_axis',(0.866025403784439,-0.5,0.));
#4872=DIRECTION('',(0.,0.,-1.));
#4873=DIRECTION('',(-0.866025403784439,0.5,0.));
#4874=DIRECTION('',(0.,0.,-1.));
#4875=DIRECTION('',(0.866025403784439,-0.5,0.));
#4876=DIRECTION('center_axis',(-0.5,-0.866025403784439,0.));
#4877=DIRECTION('ref_axis',(-0.866025403784439,0.5,0.));
#4878=DIRECTION('',(0.866025403784439,-0.5,0.));
#4879=DIRECTION('',(0.,0.,-1.));
#4880=DIRECTION('',(-0.866025403784439,0.5,0.));
#4881=DIRECTION('',(0.,0.,-1.));
#4882=DIRECTION('center_axis',(0.5,0.866025403784439,0.));
#4883=DIRECTION('ref_axis',(0.866025403784439,-0.5,0.));
#4884=DIRECTION('',(-0.866025403784439,0.5,0.));
#4885=DIRECTION('',(0.,0.,-1.));
#4886=DIRECTION('',(0.866025403784439,-0.5,0.));
#4887=DIRECTION('',(0.,0.,-1.));
#4888=DIRECTION('center_axis',(-0.5,-0.866025403784439,0.));
#4889=DIRECTION('ref_axis',(-0.866025403784439,0.5,0.));
#4890=DIRECTION('',(0.866025403784439,-0.5,0.));
#4891=DIRECTION('',(0.,0.,-1.));
#4892=DIRECTION('',(-0.866025403784439,0.5,0.));
#4893=DIRECTION('',(0.,0.,-1.));
#4894=DIRECTION('center_axis',(0.5,0.866025403784439,0.));
#4895=DIRECTION('ref_axis',(0.866025403784439,-0.5,0.));
#4896=DIRECTION('',(-0.866025403784439,0.5,0.));
#4897=DIRECTION('',(0.,0.,-1.));
#4898=DIRECTION('',(0.866025403784439,-0.5,0.));
#4899=DIRECTION('',(0.,0.,-1.));
#4900=DIRECTION('center_axis',(-0.5,-0.866025403784439,0.));
#4901=DIRECTION('ref_axis',(-0.866025403784439,0.5,0.));
#4902=DIRECTION('',(0.866025403784439,-0.5,0.));
#4903=DIRECTION('',(0.,0.,-1.));
#4904=DIRECTION('',(-0.866025403784439,0.5,0.));
#4905=DIRECTION('',(0.,0.,-1.));
#4906=DIRECTION('center_axis',(0.5,0.866025403784439,0.));
#4907=DIRECTION('ref_axis',(0.866025403784439,-0.5,0.));
#4908=DIRECTION('',(-0.866025403784439,0.5,0.));
#4909=DIRECTION('',(0.,0.,-1.));
#4910=DIRECTION('',(0.866025403784439,-0.5,0.));
#4911=DIRECTION('',(0.,0.,-1.));
#4912=DIRECTION('center_axis',(-0.5,-0.866025403784439,0.));
#4913=DIRECTION('ref_axis',(-0.866025403784439,0.5,0.));
#4914=DIRECTION('',(0.866025403784439,-0.5,0.));
#4915=DIRECTION('',(0.,0.,-1.));
#4916=DIRECTION('',(-0.866025403784439,0.5,0.));
#4917=DIRECTION('',(0.,0.,-1.));
#4918=DIRECTION('center_axis',(0.5,0.866025403784439,0.));
#4919=DIRECTION('ref_axis',(0.866025403784439,-0.5,0.));
#4920=DIRECTION('',(-0.866025403784439,0.5,0.));
#4921=DIRECTION('',(0.,0.,-1.));
#4922=DIRECTION('',(0.866025403784439,-0.5,0.));
#4923=DIRECTION('',(0.,0.,-1.));
#4924=DIRECTION('center_axis',(-0.5,-0.866025403784439,0.));
#4925=DIRECTION('ref_axis',(-0.866025403784439,0.5,0.));
#4926=DIRECTION('',(0.866025403784439,-0.5,0.));
#4927=DIRECTION('',(0.,0.,-1.));
#4928=DIRECTION('',(-0.866025403784439,0.5,0.));
#4929=DIRECTION('',(0.,0.,-1.));
#4930=DIRECTION('center_axis',(0.5,0.866025403784439,0.));
#4931=DIRECTION('ref_axis',(0.866025403784439,-0.5,0.));
#4932=DIRECTION('',(-0.866025403784439,0.5,0.));
#4933=DIRECTION('',(0.,0.,-1.));
#4934=DIRECTION('',(0.866025403784439,-0.5,0.));
#4935=DIRECTION('',(0.,0.,-1.));
#4936=DIRECTION('center_axis',(-0.5,-0.866025403784439,0.));
#4937=DIRECTION('ref_axis',(-0.866025403784439,0.5,0.));
#4938=DIRECTION('',(0.866025403784439,-0.5,0.));
#4939=DIRECTION('',(0.,0.,-1.));
#4940=DIRECTION('',(-0.866025403784439,0.5,0.));
#4941=DIRECTION('',(0.,0.,-1.));
#4942=DIRECTION('center_axis',(0.5,0.866025403784439,0.));
#4943=DIRECTION('ref_axis',(0.866025403784439,-0.5,0.));
#4944=DIRECTION('',(-0.866025403784439,0.5,0.));
#4945=DIRECTION('',(0.,0.,-1.));
#4946=DIRECTION('',(0.866025403784439,-0.5,0.));
#4947=DIRECTION('',(0.,0.,-1.));
#4948=DIRECTION('center_axis',(-0.5,-0.866025403784439,0.));
#4949=DIRECTION('ref_axis',(-0.866025403784439,0.5,0.));
#4950=DIRECTION('',(0.866025403784439,-0.5,0.));
#4951=DIRECTION('',(0.,0.,-1.));
#4952=DIRECTION('',(-0.866025403784439,0.5,0.));
#4953=DIRECTION('',(0.,0.,-1.));
#4954=DIRECTION('center_axis',(0.5,0.866025403784439,0.));
#4955=DIRECTION('ref_axis',(0.866025403784439,-0.5,0.));
#4956=DIRECTION('',(-0.866025403784439,0.5,0.));
#4957=DIRECTION('',(0.,0.,-1.));
#4958=DIRECTION('',(0.866025403784439,-0.5,0.));
#4959=DIRECTION('',(0.,0.,-1.));
#4960=DIRECTION('center_axis',(0.,0.,1.));
#4961=DIRECTION('ref_axis',(-1.,0.,0.));
#4962=DIRECTION('',(-0.999999999999999,0.,-4.37113987889396E-8));
#4963=DIRECTION('',(0.,1.,5.21253213099978E-16));
#4964=DIRECTION('center_axis',(0.,0.,1.));
#4965=DIRECTION('ref_axis',(-1.,0.,0.));
#4966=DIRECTION('',(0.,1.,5.21253213099978E-16));
#4967=DIRECTION('',(0.,-1.,-5.21253213099978E-16));
#4968=DIRECTION('center_axis',(0.,0.,1.));
#4969=DIRECTION('ref_axis',(-1.,0.,0.));
#4970=DIRECTION('',(0.,-1.,-5.21253213099978E-16));
#4971=DIRECTION('',(0.999999999999999,0.,4.37113987889396E-8));
#4972=DIRECTION('center_axis',(0.,0.,1.));
#4973=DIRECTION('ref_axis',(-1.,0.,0.));
#4974=DIRECTION('',(0.,-1.,-5.21253213099978E-16));
#4975=DIRECTION('',(0.,1.,5.21253213099978E-16));
#4976=DIRECTION('center_axis',(0.,0.,1.));
#4977=DIRECTION('ref_axis',(-1.,0.,0.));
#4978=DIRECTION('',(-0.999999999999999,0.,-4.37113987889396E-8));
#4979=DIRECTION('',(0.,1.,5.21253213099978E-16));
#4980=DIRECTION('center_axis',(0.,0.,1.));
#4981=DIRECTION('ref_axis',(-1.,0.,0.));
#4982=DIRECTION('',(0.,1.,5.21253213099978E-16));
#4983=DIRECTION('',(-0.999999999999999,0.,-4.37113987889396E-8));
#4984=DIRECTION('center_axis',(0.,0.,1.));
#4985=DIRECTION('ref_axis',(-1.,0.,0.));
#4986=DIRECTION('',(0.,1.,5.21253213099978E-16));
#4987=DIRECTION('',(0.,-1.,-5.21253213099978E-16));
#4988=DIRECTION('center_axis',(0.,0.,1.));
#4989=DIRECTION('ref_axis',(-1.,0.,0.));
#4990=DIRECTION('',(6.86917606048159E-16,1.,0.));
#4991=DIRECTION('',(0.999999999999999,0.,4.37113987889396E-8));
#4992=DIRECTION('',(0.,-1.,-5.21253213099978E-16));
#4993=DIRECTION('center_axis',(0.,0.,1.));
#4994=DIRECTION('ref_axis',(-1.,0.,0.));
#4995=DIRECTION('',(0.,-1.,-5.21253213099978E-16));
#4996=DIRECTION('',(0.999999999999999,0.,4.37113987889396E-8));
#4997=DIRECTION('center_axis',(0.,0.,1.));
#4998=DIRECTION('ref_axis',(-1.,0.,0.));
#4999=DIRECTION('',(0.,-1.,-5.21253213099978E-16));
#5000=DIRECTION('',(0.,1.,5.21253213099978E-16));
#5001=DIRECTION('center_axis',(0.,0.,1.));
#5002=DIRECTION('ref_axis',(-1.,0.,0.));
#5003=DIRECTION('',(0.,1.,0.));
#5004=DIRECTION('',(-1.,0.,0.));
#5005=DIRECTION('',(-6.86917606048159E-16,-1.,0.));
#5006=DIRECTION('',(0.,-1.,0.));
#5007=DIRECTION('',(0.,1.,0.));
#5008=DIRECTION('',(0.,-1.,0.));
#5009=DIRECTION('center_axis',(0.,0.,-1.));
#5010=DIRECTION('ref_axis',(0.249992976999609,-0.96824764985559,0.));
#5011=DIRECTION('center_axis',(0.,0.,-1.));
#5012=DIRECTION('ref_axis',(0.249992976999609,-0.96824764985559,0.));
#5013=DIRECTION('',(0.,-1.,0.));
#5014=DIRECTION('center_axis',(0.,0.,-1.));
#5015=DIRECTION('ref_axis',(1.,0.,0.));
#5016=DIRECTION('',(0.,-1.,0.));
#5017=DIRECTION('center_axis',(0.,0.,-1.));
#5018=DIRECTION('ref_axis',(0.429994570124911,-0.902831473566963,0.));
#5019=DIRECTION('',(0.,-1.,0.));
#5020=DIRECTION('center_axis',(0.,0.,-1.));
#5021=DIRECTION('ref_axis',(1.,0.,0.));
#5022=DIRECTION('',(0.,-1.,0.));
#5023=DIRECTION('center_axis',(0.,0.,-1.));
#5024=DIRECTION('ref_axis',(0.429994570124911,-0.902831473566963,0.));
#5025=DIRECTION('',(0.,-1.,0.));
#5026=DIRECTION('',(1.,-1.10469952699021E-16,0.));
#5027=DIRECTION('',(0.,1.,0.));
#5028=DIRECTION('center_axis',(0.,0.,-1.));
#5029=DIRECTION('ref_axis',(-0.250007023000398,0.968244023193781,0.));
#5030=DIRECTION('',(0.,1.,0.));
#5031=DIRECTION('',(0.,-1.,0.));
#5032=DIRECTION('',(0.,1.,0.));
#5033=DIRECTION('',(-1.,0.,0.));
#5034=DIRECTION('',(0.,1.,0.));
#5035=DIRECTION('',(0.,-1.,0.));
#5036=DIRECTION('',(1.,0.,0.));
#5037=DIRECTION('',(0.,-1.,0.));
#5038=DIRECTION('',(0.,1.,0.));
#5039=DIRECTION('',(0.,-1.,0.));
#5040=DIRECTION('',(-1.,0.,0.));
#5041=DIRECTION('',(0.,1.,0.));
#5042=DIRECTION('',(-1.,0.,0.));
#5043=DIRECTION('',(0.,1.,0.));
#5044=DIRECTION('',(0.,-1.,0.));
#5045=DIRECTION('',(1.,0.,0.));
#5046=DIRECTION('',(0.,-1.,0.));
#5047=DIRECTION('',(1.,0.,0.));
#5048=DIRECTION('',(0.,-1.,0.));
#5049=DIRECTION('',(0.,1.,0.));
#5050=DIRECTION('',(0.,-1.,0.));
#5051=DIRECTION('',(0.,1.,0.));
#5052=DIRECTION('',(-1.,0.,0.));
#5053=DIRECTION('center_axis',(0.,0.,1.));
#5054=DIRECTION('ref_axis',(-1.,0.,0.));
#5055=DIRECTION('',(-0.999999999999999,0.,-4.37113987889396E-8));
#5056=DIRECTION('',(0.,1.,5.21253213099978E-16));
#5057=DIRECTION('center_axis',(-1.,0.,0.));
#5058=DIRECTION('ref_axis',(0.,-1.,0.));
#5059=DIRECTION('',(0.,0.,1.));
#5060=DIRECTION('',(0.,0.,1.));
#5061=DIRECTION('center_axis',(-1.,0.,0.));
#5062=DIRECTION('ref_axis',(0.,-1.,0.));
#5063=DIRECTION('',(0.,0.,1.));
#5064=DIRECTION('center_axis',(1.,0.,0.));
#5065=DIRECTION('ref_axis',(0.,1.,0.));
#5066=DIRECTION('',(0.,0.,1.));
#5067=DIRECTION('center_axis',(1.,0.,0.));
#5068=DIRECTION('ref_axis',(0.,1.,0.));
#5069=DIRECTION('',(0.,0.,1.));
#5070=DIRECTION('',(0.,0.,1.));
#5071=DIRECTION('center_axis',(-1.,0.,0.));
#5072=DIRECTION('ref_axis',(0.,-1.,0.));
#5073=DIRECTION('',(0.,0.,1.));
#5074=DIRECTION('',(0.,0.,1.));
#5075=DIRECTION('center_axis',(-1.,0.,0.));
#5076=DIRECTION('ref_axis',(0.,-1.,0.));
#5077=DIRECTION('',(0.,0.,1.));
#5078=DIRECTION('',(0.,0.,1.));
#5079=DIRECTION('center_axis',(1.,0.,0.));
#5080=DIRECTION('ref_axis',(0.,1.,0.));
#5081=DIRECTION('',(0.,0.,1.));
#5082=DIRECTION('',(0.,0.,1.));
#5083=DIRECTION('center_axis',(-1.,0.,0.));
#5084=DIRECTION('ref_axis',(0.,-1.,0.));
#5085=DIRECTION('',(0.,0.,1.));
#5086=DIRECTION('',(0.,0.,1.));
#5087=DIRECTION('center_axis',(0.,1.,0.));
#5088=DIRECTION('ref_axis',(-1.,0.,0.));
#5089=DIRECTION('center_axis',(0.,0.,1.));
#5090=DIRECTION('ref_axis',(-1.,0.,0.));
#5091=DIRECTION('',(0.,1.,0.));
#5092=DIRECTION('',(1.,0.,0.));
#5093=DIRECTION('',(0.,-1.,0.));
#5094=DIRECTION('',(-1.,0.,0.));
#5095=DIRECTION('center_axis',(1.,1.38777878078144E-16,0.));
#5096=DIRECTION('ref_axis',(-1.38777878078144E-16,1.,0.));
#5097=DIRECTION('',(-1.38777878078144E-16,1.,0.));
#5098=DIRECTION('',(0.,0.,1.));
#5099=DIRECTION('',(0.,0.,1.));
#5100=DIRECTION('center_axis',(0.,0.,1.));
#5101=DIRECTION('ref_axis',(-1.,0.,0.));
#5102=DIRECTION('center_axis',(0.,0.,-1.));
#5103=DIRECTION('ref_axis',(-1.,0.,0.));
#5104=DIRECTION('',(0.,0.,1.));
#5105=DIRECTION('center_axis',(-1.,0.,0.));
#5106=DIRECTION('ref_axis',(0.,-1.,0.));
#5107=DIRECTION('',(0.,-1.,0.));
#5108=DIRECTION('',(0.,0.,1.));
#5109=DIRECTION('center_axis',(0.,0.,1.));
#5110=DIRECTION('ref_axis',(1.,0.,0.));
#5111=DIRECTION('center_axis',(0.,0.,-1.));
#5112=DIRECTION('ref_axis',(1.,0.,0.));
#5113=DIRECTION('center_axis',(-4.29368020573265E-16,1.,0.));
#5114=DIRECTION('ref_axis',(-1.,-4.29368020573265E-16,0.));
#5115=DIRECTION('',(-1.,-4.29368020573265E-16,0.));
#5116=DIRECTION('',(0.,0.,1.));
#5117=DIRECTION('',(0.,0.,1.));
#5118=DIRECTION('center_axis',(0.,-1.,0.));
#5119=DIRECTION('ref_axis',(1.,0.,0.));
#5120=DIRECTION('',(0.,0.,1.));
#5121=DIRECTION('',(0.,0.,1.));
#5122=DIRECTION('center_axis',(1.,0.,0.));
#5123=DIRECTION('ref_axis',(0.,1.,0.));
#5124=DIRECTION('',(0.,1.,0.));
#5125=DIRECTION('',(0.,0.,1.));
#5126=DIRECTION('',(0.,0.,1.));
#5127=DIRECTION('center_axis',(0.,0.,1.));
#5128=DIRECTION('ref_axis',(-1.,0.,0.));
#5129=DIRECTION('center_axis',(0.,0.,-1.));
#5130=DIRECTION('ref_axis',(-1.,0.,0.));
#5131=DIRECTION('',(0.,0.,1.));
#5132=DIRECTION('center_axis',(-1.,0.,0.));
#5133=DIRECTION('ref_axis',(0.,-1.,0.));
#5134=DIRECTION('',(0.,-1.,0.));
#5135=DIRECTION('',(0.,0.,1.));
#5136=DIRECTION('center_axis',(0.,0.,1.));
#5137=DIRECTION('ref_axis',(1.,0.,0.));
#5138=DIRECTION('center_axis',(0.,0.,-1.));
#5139=DIRECTION('ref_axis',(1.,0.,0.));
#5140=DIRECTION('center_axis',(1.,-1.52433367225421E-16,0.));
#5141=DIRECTION('ref_axis',(1.52433367225421E-16,1.,0.));
#5142=DIRECTION('',(-1.52433367225421E-16,-1.,0.));
#5143=DIRECTION('',(0.,0.,1.));
#5144=DIRECTION('',(0.,0.,1.));
#5145=DIRECTION('center_axis',(-1.,-4.259848535732E-16,0.));
#5146=DIRECTION('ref_axis',(4.259848535732E-16,-1.,0.));
#5147=DIRECTION('',(4.259848535732E-16,-1.,0.));
#5148=DIRECTION('',(0.,0.,1.));
#5149=DIRECTION('',(0.,0.,1.));
#5150=DIRECTION('center_axis',(4.29368020573265E-16,-1.,0.));
#5151=DIRECTION('ref_axis',(1.,4.29368020573265E-16,0.));
#5152=DIRECTION('',(1.,4.29368020573265E-16,0.));
#5153=DIRECTION('center_axis',(0.,0.,1.));
#5154=DIRECTION('ref_axis',(-1.,0.,0.));
#5155=DIRECTION('',(1.,0.,0.));
#5156=DIRECTION('',(1.,0.,0.));
#5157=DIRECTION('',(0.,-1.,0.));
#5158=DIRECTION('',(-1.,0.,0.));
#5159=DIRECTION('',(1.52433367225421E-16,1.,0.));
#5160=DIRECTION('',(4.259848535732E-16,-1.,0.));
#5161=DIRECTION('',(-1.,1.54465510261211E-15,0.));
#5162=DIRECTION('',(0.,1.,0.));
#5163=DIRECTION('center_axis',(-1.54465510261211E-15,-1.,0.));
#5164=DIRECTION('ref_axis',(1.,-1.54465510261211E-15,0.));
#5165=DIRECTION('',(0.,0.,1.));
#5166=DIRECTION('',(1.,-1.54465510261211E-15,0.));
#5167=DIRECTION('',(0.,0.,1.));
#5168=DIRECTION('center_axis',(-1.,0.,0.));
#5169=DIRECTION('ref_axis',(0.,-1.,0.));
#5170=DIRECTION('',(0.,0.,1.));
#5171=DIRECTION('',(0.,-1.,0.));
#5172=DIRECTION('center_axis',(0.,-1.,0.));
#5173=DIRECTION('ref_axis',(1.,0.,0.));
#5174=DIRECTION('',(0.,0.,1.));
#5175=DIRECTION('',(1.,0.,0.));
#5176=DIRECTION('center_axis',(1.,0.,0.));
#5177=DIRECTION('ref_axis',(0.,1.,0.));
#5178=DIRECTION('',(0.,0.,1.));
#5179=DIRECTION('',(0.,-1.,0.));
#5180=DIRECTION('center_axis',(0.,-1.,0.));
#5181=DIRECTION('ref_axis',(1.,0.,0.));
#5182=DIRECTION('',(0.,0.,1.));
#5183=DIRECTION('',(-1.,0.,0.));
#5184=DIRECTION('center_axis',(1.,0.,0.));
#5185=DIRECTION('ref_axis',(0.,1.,0.));
#5186=DIRECTION('',(0.,0.,1.));
#5187=DIRECTION('',(0.,1.,0.));
#5188=DIRECTION('center_axis',(0.,1.,0.));
#5189=DIRECTION('ref_axis',(-1.,0.,0.));
#5190=DIRECTION('',(0.,0.,1.));
#5191=DIRECTION('',(-1.,0.,0.));
#5192=DIRECTION('center_axis',(1.,0.,0.));
#5193=DIRECTION('ref_axis',(0.,1.,0.));
#5194=DIRECTION('',(0.,0.,1.));
#5195=DIRECTION('',(0.,1.,0.));
#5196=DIRECTION('center_axis',(0.,0.,1.));
#5197=DIRECTION('ref_axis',(-1.,0.,0.));
#5198=DIRECTION('',(0.,0.,-1.));
#5199=DIRECTION('center_axis',(0.,0.,-1.));
#5200=DIRECTION('ref_axis',(-1.,0.,0.));
#5201=DIRECTION('center_axis',(0.,0.,1.));
#5202=DIRECTION('ref_axis',(-1.,0.,0.));
#5203=DIRECTION('',(0.,0.,-1.));
#5204=DIRECTION('center_axis',(0.,0.,-1.));
#5205=DIRECTION('ref_axis',(-1.,0.,0.));
#5206=DIRECTION('center_axis',(0.,0.,1.));
#5207=DIRECTION('ref_axis',(-1.,0.,0.));
#5208=DIRECTION('',(0.,0.,-1.));
#5209=DIRECTION('center_axis',(0.,0.,-1.));
#5210=DIRECTION('ref_axis',(-1.,0.,0.));
#5211=DIRECTION('center_axis',(0.,0.,1.));
#5212=DIRECTION('ref_axis',(-1.,0.,0.));
#5213=DIRECTION('',(0.,0.,-1.));
#5214=DIRECTION('center_axis',(0.,0.,-1.));
#5215=DIRECTION('ref_axis',(-1.,0.,0.));
#5216=DIRECTION('center_axis',(0.,-1.,0.));
#5217=DIRECTION('ref_axis',(1.,0.,0.));
#5218=DIRECTION('center_axis',(0.,-1.,0.));
#5219=DIRECTION('ref_axis',(1.,0.,0.));
#5220=DIRECTION('',(0.,0.,1.));
#5221=DIRECTION('center_axis',(-1.,0.,0.));
#5222=DIRECTION('ref_axis',(0.,-1.,0.));
#5223=DIRECTION('',(0.,0.,1.));
#5224=DIRECTION('',(0.,1.,0.));
#5225=DIRECTION('center_axis',(0.,1.,0.));
#5226=DIRECTION('ref_axis',(-1.,0.,0.));
#5227=DIRECTION('',(0.,0.,1.));
#5228=DIRECTION('',(1.,0.,0.));
#5229=DIRECTION('center_axis',(-1.,0.,0.));
#5230=DIRECTION('ref_axis',(0.,-1.,0.));
#5231=DIRECTION('',(0.,-1.,0.));
#5232=DIRECTION('center_axis',(0.,0.,1.));
#5233=DIRECTION('ref_axis',(-1.,0.,0.));
#5234=CARTESIAN_POINT('',(0.,0.,0.));
#5235=CARTESIAN_POINT('Origin',(48.3500000000001,56.3500000000001,-1.51384));
#5236=CARTESIAN_POINT('',(51.3500000000001,56.3500000000001,-7.87654092512044));
#5237=CARTESIAN_POINT('',(48.3500000000001,59.3500000305981,-7.87654092512044));
#5238=CARTESIAN_POINT('Origin',(48.3500000000001,56.3500000000001,-7.87654092512044));
#5239=CARTESIAN_POINT('',(48.3500000000001,59.3500000000001,-1.51384));
#5240=CARTESIAN_POINT('',(48.3500000000001,59.3500000000001,-1.51384));
#5241=CARTESIAN_POINT('',(51.3500000000001,56.3500000000001,-1.51384));
#5242=CARTESIAN_POINT('Origin',(48.3500000000001,56.3500000000001,-1.51384));
#5243=CARTESIAN_POINT('',(51.3500000000001,56.3500000000001,-1.51384));
#5244=CARTESIAN_POINT('Origin',(51.3500000000001,59.3500000000001,-1.51384));
#5245=CARTESIAN_POINT('',(51.3500000000001,-1.3500000000001,-1.51384));
#5246=CARTESIAN_POINT('',(51.3500000000001,-4.35000000000009,-1.51384));
#5247=CARTESIAN_POINT('',(51.3500000000001,-1.3500000000001,-7.87654092512044));
#5248=CARTESIAN_POINT('',(51.3500000000001,-1.3500000000001,-1.51384));
#5249=CARTESIAN_POINT('',(51.3500000000001,59.3500000305981,-7.87654092512044));
#5250=CARTESIAN_POINT('Origin',(23.5,27.5,-1.51384));
#5251=CARTESIAN_POINT('',(-1.35,59.3500000000001,-1.51384));
#5252=CARTESIAN_POINT('',(51.3500000000001,59.3500000000001,-1.51384));
#5253=CARTESIAN_POINT('',(-4.35,56.3500000000001,-1.51384));
#5254=CARTESIAN_POINT('Origin',(-1.35,56.3500000000001,-1.51384));
#5255=CARTESIAN_POINT('',(-4.35,-1.3500000000001,-1.51384));
#5256=CARTESIAN_POINT('',(-4.35,59.3500000000001,-1.51384));
#5257=CARTESIAN_POINT('',(-1.35,-4.35000000000009,-1.51384));
#5258=CARTESIAN_POINT('Origin',(-1.35,-1.35000000000009,-1.51384));
#5259=CARTESIAN_POINT('',(17.5714755763269,-4.35000000000009,-1.51384));
#5260=CARTESIAN_POINT('',(-4.35,-4.35000000000009,-1.51384));
#5261=CARTESIAN_POINT('',(17.5714755763269,-0.350000000000094,-1.51384));
#5262=CARTESIAN_POINT('',(17.5714755763269,-0.350000000000094,-1.51384));
#5263=CARTESIAN_POINT('',(6.65,-0.350000000000094,-1.51384));
#5264=CARTESIAN_POINT('',(15.1097903374217,-0.350000000000094,-1.51384));
#5265=CARTESIAN_POINT('',(6.65,5.64999999999991,-1.51384));
#5266=CARTESIAN_POINT('',(6.65,-0.350000000000094,-1.51384));
#5267=CARTESIAN_POINT('',(-0.35,5.64999999999991,-1.51384));
#5268=CARTESIAN_POINT('',(6.65,5.64999999999991,-1.51384));
#5269=CARTESIAN_POINT('',(-0.35,-0.350000000000094,-1.51384));
#5270=CARTESIAN_POINT('',(-0.350000000000001,13.575,-1.51384));
#5271=CARTESIAN_POINT('',(6.62131373577274,-0.350000000000094,-1.51384));
#5272=CARTESIAN_POINT('',(20.5357377881635,-0.350000000000095,-1.51384));
#5273=CARTESIAN_POINT('',(6.62131373577274,-2.35000000000009,-1.51384));
#5274=CARTESIAN_POINT('',(6.62131373577274,-1.85000000000009,-1.51384));
#5275=CARTESIAN_POINT('',(-2.35,-2.35000000000009,-1.51384));
#5276=CARTESIAN_POINT('',(10.575,-2.35000000000009,-1.51384));
#5277=CARTESIAN_POINT('',(-2.35,57.3500000000001,-1.51384));
#5278=CARTESIAN_POINT('',(-2.34999999999999,42.4250000000001,-1.51384));
#5279=CARTESIAN_POINT('',(49.3500000000001,57.3500000000001,-1.51384));
#5280=CARTESIAN_POINT('',(36.4250000000001,57.3500000000001,-1.51384));
#5281=CARTESIAN_POINT('',(49.3500000000001,-2.35000000000009,-1.51384));
#5282=CARTESIAN_POINT('',(49.3500000000001,12.575,-1.51384));
#5283=CARTESIAN_POINT('',(40.5178476139142,-2.35000000000009,-1.51384));
#5284=CARTESIAN_POINT('',(31.0491807813275,-2.35000000000009,-1.51384));
#5285=CARTESIAN_POINT('',(40.5178476139142,-0.350000000000094,-1.51384));
#5286=CARTESIAN_POINT('',(40.5178476139142,-0.850000000000094,-1.51384));
#5287=CARTESIAN_POINT('',(47.3500000000001,-0.35000000000009,-1.51384));
#5288=CARTESIAN_POINT('',(35.4250000000001,-0.350000000000095,-1.51384));
#5289=CARTESIAN_POINT('',(47.3500000000001,8.64999999999991,-1.51384));
#5290=CARTESIAN_POINT('',(47.3500000000001,41.425,-1.51384));
#5291=CARTESIAN_POINT('',(38.5983615626549,8.64999999999991,-1.51384));
#5292=CARTESIAN_POINT('',(38.5983615626549,8.64999999999991,-1.51384));
#5293=CARTESIAN_POINT('',(38.5983615626549,-4.35000000000009,-1.51384));
#5294=CARTESIAN_POINT('',(38.5983615626549,-0.350000000000094,-1.51384));
#5295=CARTESIAN_POINT('',(48.3500000000001,-4.35000000000009,-1.51384));
#5296=CARTESIAN_POINT('',(-4.35,-4.35000000000009,-1.51384));
#5297=CARTESIAN_POINT('Origin',(48.3500000000001,-1.3500000000001,-1.51384));
#5298=CARTESIAN_POINT('',(42.4,3.,-1.51384));
#5299=CARTESIAN_POINT('Origin',(44.,3.,-1.51384));
#5300=CARTESIAN_POINT('',(1.4,3.,-1.51384));
#5301=CARTESIAN_POINT('Origin',(3.,3.,-1.51384));
#5302=CARTESIAN_POINT('Origin',(-1.35,56.3500000000001,-1.51384));
#5303=CARTESIAN_POINT('',(-1.35,59.3500000305981,-7.87654092512044));
#5304=CARTESIAN_POINT('',(-4.35,56.3500000000001,-7.87654092512044));
#5305=CARTESIAN_POINT('Origin',(-1.35,56.3500000000001,-7.87654092512044));
#5306=CARTESIAN_POINT('',(-4.35,56.3500000000001,-1.51384));
#5307=CARTESIAN_POINT('',(-1.35,59.3500000000001,-1.51384));
#5308=CARTESIAN_POINT('Origin',(-4.35,-4.35000000000009,-1.51384));
#5309=CARTESIAN_POINT('',(-4.35,-1.35000000000009,-7.87654092512044));
#5310=CARTESIAN_POINT('',(-4.35,-4.34999996940212,-7.87654092512044));
#5311=CARTESIAN_POINT('',(-4.35,-1.35000000000009,-1.51384));
#5312=CARTESIAN_POINT('Origin',(23.5,27.500000030598,-7.87654092512044));
#5313=CARTESIAN_POINT('',(48.3500000000001,-4.34999996940212,-7.87654092512044));
#5314=CARTESIAN_POINT('Origin',(48.3500000000001,-1.3500000000001,-7.87654092512044));
#5315=CARTESIAN_POINT('',(38.5983615626549,-4.34999996940213,-7.87654092512044));
#5316=CARTESIAN_POINT('',(51.3500000000001,-4.34999996940212,-7.87654092512044));
#5317=CARTESIAN_POINT('',(38.5983615626549,5.46674878073035,-7.87654092512044));
#5318=CARTESIAN_POINT('',(38.5983615626549,-4.34999996940212,-7.87654092512044));
#5319=CARTESIAN_POINT('',(17.5714755763269,5.46674878073035,-7.87654092512044));
#5320=CARTESIAN_POINT('',(38.5983615626549,5.46674878073035,-7.87654092512044));
#5321=CARTESIAN_POINT('',(17.5714755763269,-4.34999996940213,-7.87654092512044));
#5322=CARTESIAN_POINT('',(17.5714755763269,5.46674878073035,-7.87654092512044));
#5323=CARTESIAN_POINT('',(-1.35,-4.34999996940212,-7.87654092512044));
#5324=CARTESIAN_POINT('',(17.5714755763269,-4.34999996940212,-7.87654092512044));
#5325=CARTESIAN_POINT('Origin',(-1.35,-1.35000000000009,-7.87654092512044));
#5326=CARTESIAN_POINT('',(-4.35,59.3500000305981,-7.87654092512044));
#5327=CARTESIAN_POINT('',(33.8029946162075,55.3500000305981,-7.87654092512044));
#5328=CARTESIAN_POINT('',(-0.349999999999993,35.6317593952988,-7.87654092512044));
#5329=CARTESIAN_POINT('',(23.9096697612806,49.6380862624256,-7.87654092512044));
#5330=CARTESIAN_POINT('',(-0.349999999999993,33.3223583185403,-7.87654092512044));
#5331=CARTESIAN_POINT('',(-0.349999999999997,31.5658797129484,-7.87654092512044));
#5332=CARTESIAN_POINT('',(37.3500000000001,55.0884634669892,-7.87654092512044));
#5333=CARTESIAN_POINT('',(7.33317245317679,37.7582400026122,-7.87654092512044));
#5334=CARTESIAN_POINT('',(37.3500000000001,55.3500000000001,-7.87654092512044));
#5335=CARTESIAN_POINT('',(37.3500000000001,41.2942317487936,-7.87654092512044));
#5336=CARTESIAN_POINT('',(30.4250000000001,55.3500000305981,-7.87654092512044));
#5337=CARTESIAN_POINT('',(47.3500000000001,34.1952994922188,-7.87654092512044));
#5338=CARTESIAN_POINT('',(47.3500000000001,36.5047005689773,-7.87654092512044));
#5339=CARTESIAN_POINT('',(47.3500000000001,30.8476497614084,-7.87654092512044));
#5340=CARTESIAN_POINT('',(-0.349999999999993,8.96509272863214,-7.87654092512044));
#5341=CARTESIAN_POINT('',(36.4566751450731,30.2154365316152,-7.87654092512044));
#5342=CARTESIAN_POINT('',(-0.349999999999993,6.65569165187362,-7.87654092512044));
#5343=CARTESIAN_POINT('',(-0.349999999999997,18.2325463796151,-7.87654092512044));
#5344=CARTESIAN_POINT('',(13.106675145073,14.4249066692789,-7.87654092512044));
#5345=CARTESIAN_POINT('',(47.3500000000001,14.1952994922188,-7.87654092512044));
#5346=CARTESIAN_POINT('',(47.3500000000001,16.5047005689773,-7.87654092512044));
#5347=CARTESIAN_POINT('',(47.3500000000001,20.8476497614084,-7.87654092512044));
#5348=CARTESIAN_POINT('',(31.6958083063983,7.46674878073035,-7.87654092512044));
#5349=CARTESIAN_POINT('',(40.7868021639953,12.7154365316152,-7.87654092512044));
#5350=CARTESIAN_POINT('',(35.6958083063984,7.46674878073035,-7.87654092512044));
#5351=CARTESIAN_POINT('',(27.5979041531992,7.46674878073035,-7.87654092512044));
#5352=CARTESIAN_POINT('',(35.4597063171944,7.33043523370724,-7.87654092512044));
#5353=CARTESIAN_POINT('',(47.3500000000001,29.8380339023107,-7.87654092512044));
#5354=CARTESIAN_POINT('',(6.,5.96460027131959,-7.87654092512044));
#5355=CARTESIAN_POINT('',(37.9000508180472,24.3821031982819,-7.87654092512044));
#5356=CARTESIAN_POINT('',(6.,5.64999999999991,-7.87654092512044));
#5357=CARTESIAN_POINT('',(6.,16.7323001509588,-7.87654092512044));
#5358=CARTESIAN_POINT('',(6.65,5.64999999999991,-7.87654092512044));
#5359=CARTESIAN_POINT('',(14.75,5.6499999999999,-7.87654092512044));
#5360=CARTESIAN_POINT('',(6.65,4.03047686953433,-7.87654092512044));
#5361=CARTESIAN_POINT('',(6.65,16.5750000152989,-7.87654092512044));
#5362=CARTESIAN_POINT('',(47.3500000000001,27.5286328255521,-7.87654092512044));
#5363=CARTESIAN_POINT('',(18.0500508180471,10.6122992781092,-7.87654092512044));
#5364=CARTESIAN_POINT('',(47.3500000000001,27.5143164280751,-7.87654092512044));
#5365=CARTESIAN_POINT('',(37.3500000000001,48.4217968003226,-7.87654092512044));
#5366=CARTESIAN_POINT('',(37.3500000000001,50.7311978770811,-7.87654092512044));
#5367=CARTESIAN_POINT('',(37.3500000000001,37.9608984154603,-7.87654092512044));
#5368=CARTESIAN_POINT('',(-0.349999999999993,28.9650927286321,-7.87654092512044));
#5369=CARTESIAN_POINT('',(27.1265481261509,44.8286851856671,-7.87654092512044));
#5370=CARTESIAN_POINT('',(-0.349999999999993,26.6556916518736,-7.87654092512044));
#5371=CARTESIAN_POINT('',(-0.349999999999997,28.2325463796151,-7.87654092512044));
#5372=CARTESIAN_POINT('',(8.77654812615086,31.9249066692789,-7.87654092512044));
#5373=CARTESIAN_POINT('',(26.2559892324151,55.3500000305981,-7.87654092512044));
#5374=CARTESIAN_POINT('',(22.255989232415,55.3500000305981,-7.87654092512044));
#5375=CARTESIAN_POINT('',(24.8779946162076,55.3500000305981,-7.87654092512044));
#5376=CARTESIAN_POINT('',(9.65,48.0719287538617,-7.87654092512044));
#5377=CARTESIAN_POINT('',(16.6927913964102,52.1380862624256,-7.87654092512044));
#5378=CARTESIAN_POINT('',(9.65,45.7625276771032,-7.87654092512044));
#5379=CARTESIAN_POINT('',(9.65,37.7859643922298,-7.87654092512044));
#5380=CARTESIAN_POINT('',(10.8897967802027,46.4783246818937,-7.87654092512044));
#5381=CARTESIAN_POINT('',(47.3500000000001,40.8619661588855,-7.87654092512044));
#5382=CARTESIAN_POINT('',(47.3500000000001,43.171367235644,-7.87654092512044));
#5383=CARTESIAN_POINT('',(47.3500000000001,34.1809830947417,-7.87654092512044));
#5384=CARTESIAN_POINT('',(-0.349999999999993,15.6317593952988,-7.87654092512044));
#5385=CARTESIAN_POINT('',(35.013299472099,36.0487698649485,-7.87654092512044));
#5386=CARTESIAN_POINT('',(-0.349999999999993,13.3223583185403,-7.87654092512044));
#5387=CARTESIAN_POINT('',(-0.349999999999997,21.5658797129484,-7.87654092512044));
#5388=CARTESIAN_POINT('',(11.663299472099,20.2582400026122,-7.87654092512044));
#5389=CARTESIAN_POINT('',(47.3500000000001,20.8619661588855,-7.87654092512044));
#5390=CARTESIAN_POINT('',(47.3500000000001,23.171367235644,-7.87654092512044));
#5391=CARTESIAN_POINT('',(47.3500000000001,24.1809830947417,-7.87654092512044));
#5392=CARTESIAN_POINT('',(20.1488029226058,7.46674878073035,-7.87654092512044));
#5393=CARTESIAN_POINT('',(39.3434264910212,18.5487698649485,-7.87654092512044));
#5394=CARTESIAN_POINT('',(24.1488029226058,7.46674878073035,-7.87654092512044));
#5395=CARTESIAN_POINT('',(21.8244014613029,7.46674878073035,-7.87654092512044));
#5396=CARTESIAN_POINT('',(28.2428279523241,9.83043523370725,-7.87654092512044));
#5397=CARTESIAN_POINT('',(15.5714755763269,2.51462652842866,-7.87654092512044));
#5398=CARTESIAN_POINT('',(15.5714755763269,4.82402760518718,-7.87654092512044));
#5399=CARTESIAN_POINT('',(15.5714755763269,15.0073132795133,-7.87654092512044));
#5400=CARTESIAN_POINT('',(6.65,-0.326788720373816,-7.87654092512044));
#5401=CARTESIAN_POINT('',(23.4541642791846,9.37510004972011,-7.87654092512044));
#5402=CARTESIAN_POINT('',(6.65,-0.350000000000094,-7.87654092512044));
#5403=CARTESIAN_POINT('',(6.65,13.5866056551121,-7.87654092512044));
#5404=CARTESIAN_POINT('',(10.6097969373759,-0.349999969402131,-7.87654092512044));
#5405=CARTESIAN_POINT('',(15.075,-0.349999969402126,-7.87654092512044));
#5406=CARTESIAN_POINT('',(21.4733249597091,5.92206085864101,-7.87654092512044));
#5407=CARTESIAN_POINT('',(41.8444464475377,44.3500000000001,-7.87654092512044));
#5408=CARTESIAN_POINT('',(37.8444464475377,44.3500000000001,-7.87654092512044));
#5409=CARTESIAN_POINT('',(32.6722232237689,44.3500000000001,-7.87654092512044));
#5410=CARTESIAN_POINT('',(-0.349999999999993,22.2984260619655,-7.87654092512044));
#5411=CARTESIAN_POINT('',(28.8171470228938,39.1380862471266,-7.87654092512044));
#5412=CARTESIAN_POINT('',(-0.349999999999993,19.989024985207,-7.87654092512044));
#5413=CARTESIAN_POINT('',(-0.349999999999997,24.8992130462817,-7.87654092512044));
#5414=CARTESIAN_POINT('',(10.2199237991249,26.0915733359456,-7.87654092512044));
#5415=CARTESIAN_POINT('',(14.7089838486225,55.3500000305981,-7.87654092512044));
#5416=CARTESIAN_POINT('',(10.7089838486225,55.3500000305981,-7.87654092512044));
#5417=CARTESIAN_POINT('',(19.1044919243113,55.3500000305981,-7.87654092512044));
#5418=CARTESIAN_POINT('',(9.65,54.7385954205284,-7.87654092512044));
#5419=CARTESIAN_POINT('',(9.47591303153991,54.6380862624256,-7.87654092512044));
#5420=CARTESIAN_POINT('',(9.65,52.4291943437699,-7.87654092512044));
#5421=CARTESIAN_POINT('',(9.65,41.1192977255632,-7.87654092512044));
#5422=CARTESIAN_POINT('',(9.44642110722866,52.311658015227,-7.87654092512044));
#5423=CARTESIAN_POINT('',(42.4,52.,-7.87654092512044));
#5424=CARTESIAN_POINT('Origin',(44.,52.,-7.87654092512044));
#5425=CARTESIAN_POINT('',(42.4,3.,-7.87654092512044));
#5426=CARTESIAN_POINT('Origin',(44.,3.,-7.87654092512044));
#5427=CARTESIAN_POINT('',(1.4,52.,-7.87654092512044));
#5428=CARTESIAN_POINT('Origin',(3.,52.,-7.87654092512044));
#5429=CARTESIAN_POINT('',(1.4,3.,-7.87654092512044));
#5430=CARTESIAN_POINT('Origin',(3.,3.,-7.87654092512044));
#5431=CARTESIAN_POINT('Origin',(48.3500000000001,-1.3500000000001,-1.51384));
#5432=CARTESIAN_POINT('',(48.3500000000001,-4.35000000000009,-1.51384));
#5433=CARTESIAN_POINT('Origin',(51.3500000000001,-4.35000000000009,-1.51384));
#5434=CARTESIAN_POINT('',(38.5983615626549,-4.35000000000009,-1.51384));
#5435=CARTESIAN_POINT('Origin',(-1.35,-1.35000000000009,-1.51384));
#5436=CARTESIAN_POINT('',(-1.35,-4.35000000000009,-1.51384));
#5437=CARTESIAN_POINT('Origin',(17.5714755763269,-4.35000000000009,-1.51384));
#5438=CARTESIAN_POINT('',(17.5714755763269,-4.35000000000009,-1.51384));
#5439=CARTESIAN_POINT('Origin',(33.8029946162075,55.3500000305981,-7.87654092512044));
#5440=CARTESIAN_POINT('',(-0.349999999999993,35.6317593952988,-5.87654092512044));
#5441=CARTESIAN_POINT('',(33.8029946162075,55.3500000305981,-5.87654092512044));
#5442=CARTESIAN_POINT('',(23.9096697612806,49.6380862624256,-5.87654092512044));
#5443=CARTESIAN_POINT('',(-0.349999999999993,35.6317593952988,-7.87654092512044));
#5444=CARTESIAN_POINT('',(33.8029946162075,55.3500000305981,-7.87654092512044));
#5445=CARTESIAN_POINT('Origin',(-0.349999999999993,33.3223583185403,-7.87654092512044));
#5446=CARTESIAN_POINT('',(37.3500000000001,55.0884634669892,-5.87654092512044));
#5447=CARTESIAN_POINT('',(-0.349999999999993,33.3223583185403,-5.87654092512044));
#5448=CARTESIAN_POINT('',(7.33317245317679,37.7582400026122,-5.87654092512044));
#5449=CARTESIAN_POINT('',(37.3500000000001,55.0884634669892,-7.87654092512044));
#5450=CARTESIAN_POINT('',(-0.349999999999993,33.3223583185403,-7.87654092512044));
#5451=CARTESIAN_POINT('Origin',(-0.349999999999993,6.65569165187362,-7.87654092512044));
#5452=CARTESIAN_POINT('',(47.3500000000001,34.1952994922188,-5.87654092512044));
#5453=CARTESIAN_POINT('',(-0.349999999999993,6.65569165187362,-5.87654092512044));
#5454=CARTESIAN_POINT('',(13.106675145073,14.4249066692789,-5.87654092512044));
#5455=CARTESIAN_POINT('',(47.3500000000001,34.1952994922188,-7.87654092512044));
#5456=CARTESIAN_POINT('',(-0.349999999999993,6.65569165187362,-7.87654092512044));
#5457=CARTESIAN_POINT('Origin',(47.3500000000001,36.5047005689773,-7.87654092512044));
#5458=CARTESIAN_POINT('',(-0.349999999999993,8.96509272863214,-5.87654092512044));
#5459=CARTESIAN_POINT('',(47.3500000000001,36.5047005689773,-5.87654092512044));
#5460=CARTESIAN_POINT('',(36.4566751450731,30.2154365316152,-5.87654092512044));
#5461=CARTESIAN_POINT('',(-0.349999999999993,8.96509272863214,-7.87654092512044));
#5462=CARTESIAN_POINT('',(47.3500000000001,36.5047005689773,-7.87654092512044));
#5463=CARTESIAN_POINT('Origin',(35.6958083063984,7.46674878073035,-7.87654092512044));
#5464=CARTESIAN_POINT('',(47.3500000000001,14.1952994922188,-5.87654092512044));
#5465=CARTESIAN_POINT('',(35.6958083063984,7.46674878073035,-5.87654092512044));
#5466=CARTESIAN_POINT('',(35.4597063171944,7.33043523370724,-5.87654092512044));
#5467=CARTESIAN_POINT('',(47.3500000000001,14.1952994922188,-7.87654092512044));
#5468=CARTESIAN_POINT('',(35.6958083063984,7.46674878073035,-7.87654092512044));
#5469=CARTESIAN_POINT('Origin',(31.6958083063983,7.46674878073035,-7.87654092512044));
#5470=CARTESIAN_POINT('',(31.6958083063983,7.46674878073035,-5.87654092512044));
#5471=CARTESIAN_POINT('',(27.5979041531992,7.46674878073035,-5.87654092512044));
#5472=CARTESIAN_POINT('',(31.6958083063983,7.46674878073035,-7.87654092512044));
#5473=CARTESIAN_POINT('Origin',(47.3500000000001,16.5047005689773,-7.87654092512044));
#5474=CARTESIAN_POINT('',(47.3500000000001,16.5047005689773,-5.87654092512044));
#5475=CARTESIAN_POINT('',(40.7868021639953,12.7154365316152,-5.87654092512044));
#5476=CARTESIAN_POINT('',(47.3500000000001,16.5047005689773,-7.87654092512044));
#5477=CARTESIAN_POINT('Origin',(47.3500000000001,29.8380339023107,-7.87654092512044));
#5478=CARTESIAN_POINT('',(6.,5.96460027131959,-5.87654092512044));
#5479=CARTESIAN_POINT('',(47.3500000000001,29.8380339023107,-5.87654092512044));
#5480=CARTESIAN_POINT('',(37.9000508180472,24.3821031982819,-5.87654092512044));
#5481=CARTESIAN_POINT('',(6.,5.96460027131959,-7.87654092512044));
#5482=CARTESIAN_POINT('',(47.3500000000001,29.8380339023107,-7.87654092512044));
#5483=CARTESIAN_POINT('Origin',(6.65,4.03047686953434,-7.87654092512044));
#5484=CARTESIAN_POINT('',(47.3500000000001,27.5286328255521,-5.87654092512044));
#5485=CARTESIAN_POINT('',(6.65,4.03047686953433,-5.87654092512044));
#5486=CARTESIAN_POINT('',(18.0500508180471,10.6122992781092,-5.87654092512044));
#5487=CARTESIAN_POINT('',(47.3500000000001,27.5286328255521,-7.87654092512044));
#5488=CARTESIAN_POINT('',(6.65,4.03047686953433,-7.87654092512044));
#5489=CARTESIAN_POINT('Origin',(6.,5.96460027131959,-7.87654092512044));
#5490=CARTESIAN_POINT('',(6.,5.64999999999991,-5.87654092512044));
#5491=CARTESIAN_POINT('',(6.,16.7323001509588,-5.87654092512044));
#5492=CARTESIAN_POINT('',(6.,5.64999999999991,-7.87654092512044));
#5493=CARTESIAN_POINT('Origin',(-0.349999999999993,26.6556916518736,-7.87654092512044));
#5494=CARTESIAN_POINT('',(37.3500000000001,48.4217968003226,-5.87654092512044));
#5495=CARTESIAN_POINT('',(-0.349999999999993,26.6556916518736,-5.87654092512044));
#5496=CARTESIAN_POINT('',(8.77654812615086,31.9249066692789,-5.87654092512044));
#5497=CARTESIAN_POINT('',(37.3500000000001,48.4217968003226,-7.87654092512044));
#5498=CARTESIAN_POINT('',(-0.349999999999993,26.6556916518736,-7.87654092512044));
#5499=CARTESIAN_POINT('Origin',(37.3500000000001,50.7311978770811,-7.87654092512044));
#5500=CARTESIAN_POINT('',(-0.349999999999993,28.9650927286321,-5.87654092512044));
#5501=CARTESIAN_POINT('',(37.3500000000001,50.7311978770811,-5.87654092512044));
#5502=CARTESIAN_POINT('',(27.1265481261509,44.8286851856671,-5.87654092512044));
#5503=CARTESIAN_POINT('',(-0.349999999999993,28.9650927286321,-7.87654092512044));
#5504=CARTESIAN_POINT('',(37.3500000000001,50.7311978770811,-7.87654092512044));
#5505=CARTESIAN_POINT('Origin',(9.65,45.7625276771032,-7.87654092512044));
#5506=CARTESIAN_POINT('',(26.2559892324151,55.3500000305981,-5.87654092512044));
#5507=CARTESIAN_POINT('',(9.65,45.7625276771032,-5.87654092512044));
#5508=CARTESIAN_POINT('',(10.8897967802027,46.4783246818937,-5.87654092512044));
#5509=CARTESIAN_POINT('',(26.2559892324151,55.3500000305981,-7.87654092512044));
#5510=CARTESIAN_POINT('',(9.65,45.7625276771032,-7.87654092512044));
#5511=CARTESIAN_POINT('Origin',(22.255989232415,55.3500000305981,-7.87654092512044));
#5512=CARTESIAN_POINT('',(9.65,48.0719287538617,-5.87654092512044));
#5513=CARTESIAN_POINT('',(22.255989232415,55.3500000305981,-5.87654092512044));
#5514=CARTESIAN_POINT('',(16.6927913964102,52.1380862624256,-5.87654092512044));
#5515=CARTESIAN_POINT('',(9.65,48.0719287538617,-7.87654092512044));
#5516=CARTESIAN_POINT('',(22.255989232415,55.3500000305981,-7.87654092512044));
#5517=CARTESIAN_POINT('Origin',(-0.349999999999993,13.3223583185403,-7.87654092512044));
#5518=CARTESIAN_POINT('',(47.3500000000001,40.8619661588855,-5.87654092512044));
#5519=CARTESIAN_POINT('',(-0.349999999999993,13.3223583185403,-5.87654092512044));
#5520=CARTESIAN_POINT('',(11.663299472099,20.2582400026122,-5.87654092512044));
#5521=CARTESIAN_POINT('',(47.3500000000001,40.8619661588855,-7.87654092512044));
#5522=CARTESIAN_POINT('',(-0.349999999999993,13.3223583185403,-7.87654092512044));
#5523=CARTESIAN_POINT('Origin',(47.3500000000001,43.171367235644,-7.87654092512044));
#5524=CARTESIAN_POINT('',(-0.349999999999993,15.6317593952988,-5.87654092512044));
#5525=CARTESIAN_POINT('',(47.3500000000001,43.171367235644,-5.87654092512044));
#5526=CARTESIAN_POINT('',(35.013299472099,36.0487698649485,-5.87654092512044));
#5527=CARTESIAN_POINT('',(-0.349999999999993,15.6317593952988,-7.87654092512044));
#5528=CARTESIAN_POINT('',(47.3500000000001,43.171367235644,-7.87654092512044));
#5529=CARTESIAN_POINT('Origin',(24.1488029226058,7.46674878073035,-7.87654092512044));
#5530=CARTESIAN_POINT('',(47.3500000000001,20.8619661588855,-5.87654092512044));
#5531=CARTESIAN_POINT('',(24.1488029226058,7.46674878073035,-5.87654092512044));
#5532=CARTESIAN_POINT('',(28.2428279523241,9.83043523370725,-5.87654092512044));
#5533=CARTESIAN_POINT('',(47.3500000000001,20.8619661588855,-7.87654092512044));
#5534=CARTESIAN_POINT('',(24.1488029226058,7.46674878073035,-7.87654092512044));
#5535=CARTESIAN_POINT('Origin',(20.1488029226058,7.46674878073035,-7.87654092512044));
#5536=CARTESIAN_POINT('',(20.1488029226058,7.46674878073035,-5.87654092512044));
#5537=CARTESIAN_POINT('',(21.8244014613029,7.46674878073035,-5.87654092512044));
#5538=CARTESIAN_POINT('',(20.1488029226058,7.46674878073035,-7.87654092512044));
#5539=CARTESIAN_POINT('Origin',(47.3500000000001,23.171367235644,-7.87654092512044));
#5540=CARTESIAN_POINT('',(47.3500000000001,23.171367235644,-5.87654092512044));
#5541=CARTESIAN_POINT('',(39.3434264910212,18.5487698649485,-5.87654092512044));
#5542=CARTESIAN_POINT('',(47.3500000000001,23.171367235644,-7.87654092512044));
#5543=CARTESIAN_POINT('Origin',(15.5714755763269,2.51462652842866,-7.87654092512044));
#5544=CARTESIAN_POINT('',(15.5714755763269,4.82402760518718,-5.87654092512044));
#5545=CARTESIAN_POINT('',(15.5714755763269,2.51462652842866,-5.87654092512044));
#5546=CARTESIAN_POINT('',(15.5714755763269,15.0073132795133,-5.87654092512044));
#5547=CARTESIAN_POINT('',(15.5714755763269,4.82402760518718,-7.87654092512044));
#5548=CARTESIAN_POINT('',(15.5714755763269,2.51462652842866,-7.87654092512044));
#5549=CARTESIAN_POINT('Origin',(10.6097969373759,-0.349999969402126,-7.87654092512044));
#5550=CARTESIAN_POINT('',(10.6097969373759,-0.349999969402131,-5.87654092512044));
#5551=CARTESIAN_POINT('',(21.4733249597091,5.92206085864101,-5.87654092512044));
#5552=CARTESIAN_POINT('',(10.6097969373759,-0.349999969402131,-7.87654092512044));
#5553=CARTESIAN_POINT('Origin',(15.5714755763269,4.82402760518718,-7.87654092512044));
#5554=CARTESIAN_POINT('',(6.65,-0.326788720373816,-5.87654092512044));
#5555=CARTESIAN_POINT('',(23.4541642791846,9.37510004972011,-5.87654092512044));
#5556=CARTESIAN_POINT('',(6.65,-0.326788720373816,-7.87654092512044));
#5557=CARTESIAN_POINT('Origin',(-0.349999999999993,19.989024985207,-7.87654092512044));
#5558=CARTESIAN_POINT('',(41.8444464475377,44.3500000000001,-5.87654092512044));
#5559=CARTESIAN_POINT('',(-0.349999999999993,19.989024985207,-5.87654092512044));
#5560=CARTESIAN_POINT('',(10.2199237991249,26.0915733359456,-5.87654092512044));
#5561=CARTESIAN_POINT('',(41.8444464475377,44.3500000000001,-7.87654092512044));
#5562=CARTESIAN_POINT('',(-0.349999999999993,19.989024985207,-7.87654092512044));
#5563=CARTESIAN_POINT('Origin',(37.8444464475377,44.3500000000001,-7.87654092512044));
#5564=CARTESIAN_POINT('',(-0.349999999999993,22.2984260619655,-5.87654092512044));
#5565=CARTESIAN_POINT('',(37.8444464475377,44.3500000000001,-5.87654092512044));
#5566=CARTESIAN_POINT('',(28.8171470228938,39.1380862471266,-5.87654092512044));
#5567=CARTESIAN_POINT('',(-0.349999999999993,22.2984260619655,-7.87654092512044));
#5568=CARTESIAN_POINT('',(37.8444464475377,44.3500000000001,-7.87654092512044));
#5569=CARTESIAN_POINT('Origin',(9.65,52.4291943437699,-7.87654092512044));
#5570=CARTESIAN_POINT('',(14.7089838486225,55.3500000305981,-5.87654092512044));
#5571=CARTESIAN_POINT('',(9.65,52.4291943437699,-5.87654092512044));
#5572=CARTESIAN_POINT('',(9.44642110722866,52.311658015227,-5.87654092512044));
#5573=CARTESIAN_POINT('',(14.7089838486225,55.3500000305981,-7.87654092512044));
#5574=CARTESIAN_POINT('',(9.65,52.4291943437699,-7.87654092512044));
#5575=CARTESIAN_POINT('Origin',(10.7089838486225,55.3500000305981,-7.87654092512044));
#5576=CARTESIAN_POINT('',(9.65,54.7385954205284,-5.87654092512044));
#5577=CARTESIAN_POINT('',(10.7089838486225,55.3500000305981,-5.87654092512044));
#5578=CARTESIAN_POINT('',(9.47591303153991,54.6380862624256,-5.87654092512044));
#5579=CARTESIAN_POINT('',(9.65,54.7385954205284,-7.87654092512044));
#5580=CARTESIAN_POINT('',(10.7089838486225,55.3500000305981,-7.87654092512044));
#5581=CARTESIAN_POINT('Origin',(23.5,27.500000030598,-5.87654092512044));
#5582=CARTESIAN_POINT('',(9.65,55.3500000000001,-5.87653608626976));
#5583=CARTESIAN_POINT('',(30.4250000000001,55.3500000000001,-5.87653608626976));
#5584=CARTESIAN_POINT('',(9.65,41.4250002059985,-5.8765373036319));
#5585=CARTESIAN_POINT('Origin',(23.5,27.500000030598,-5.87654092512044));
#5586=CARTESIAN_POINT('',(47.3500000000001,44.3500000000001,-5.8765370479203));
#5587=CARTESIAN_POINT('',(47.3500000000001,18.0750002059986,-5.87653934495374));
#5588=CARTESIAN_POINT('',(35.4250000000001,44.3500000000001,-5.8765370479203));
#5589=CARTESIAN_POINT('',(-0.350000000000001,35.9250002059986,-5.87653778445718));
#5590=CARTESIAN_POINT('Origin',(23.5,27.500000030598,-5.87654092512044));
#5591=CARTESIAN_POINT('',(47.3500000000001,18.0750002059986,-5.87653934495374));
#5592=CARTESIAN_POINT('',(-0.350000000000001,35.9250002059986,-5.87653778445718));
#5593=CARTESIAN_POINT('Origin',(23.5,27.500000030598,-5.87654092512044));
#5594=CARTESIAN_POINT('',(30.4250000000001,55.3500000000001,-5.87653608626976));
#5595=CARTESIAN_POINT('',(9.65,41.4250002059985,-5.8765373036319));
#5596=CARTESIAN_POINT('Origin',(23.5,27.500000030598,-5.87654092512044));
#5597=CARTESIAN_POINT('',(-0.350000000000001,35.9250002059986,-5.87653778445718));
#5598=CARTESIAN_POINT('',(37.3500000000001,44.3500000000001,-5.8765370479203));
#5599=CARTESIAN_POINT('',(35.4250000000001,44.3500000000001,-5.8765370479203));
#5600=CARTESIAN_POINT('',(37.3500000000001,35.9250002059986,-5.87653778445718));
#5601=CARTESIAN_POINT('Origin',(23.5,27.500000030598,-5.87654092512044));
#5602=CARTESIAN_POINT('',(47.3500000000001,18.0750002059986,-5.87653934495374));
#5603=CARTESIAN_POINT('',(47.3500000000001,18.0750002059986,-5.87653934495374));
#5604=CARTESIAN_POINT('',(6.65,16.5750002059986,-5.8765394760879));
#5605=CARTESIAN_POINT('',(17.5714755763269,-0.350000000000094,-5.87654095571841));
#5606=CARTESIAN_POINT('',(15.075,-0.350000000000095,-5.87654095571841));
#5607=CARTESIAN_POINT('',(17.5714755763269,5.46674878073035,-5.87654092512044));
#5608=CARTESIAN_POINT('',(17.5714755763269,5.46674878073035,-5.87654092512044));
#5609=CARTESIAN_POINT('',(38.5983615626549,5.46674878073035,-5.87654092512044));
#5610=CARTESIAN_POINT('',(38.5983615626549,5.46674878073035,-5.87654092512044));
#5611=CARTESIAN_POINT('',(38.5983615626549,8.64999999999991,-5.87654016891342));
#5612=CARTESIAN_POINT('',(38.5983615626549,11.5750002059987,-5.87653991320179));
#5613=CARTESIAN_POINT('',(47.3500000000001,8.64999999999991,-5.87654016891342));
#5614=CARTESIAN_POINT('',(31.0491807813275,8.64999999999991,-5.87654016891342));
#5615=CARTESIAN_POINT('',(47.3500000000001,18.0750002059986,-5.87653934495374));
#5616=CARTESIAN_POINT('Origin',(23.5,27.500000030598,-5.87654092512044));
#5617=CARTESIAN_POINT('',(-0.350000000000001,5.64999999999991,-5.87654043118175));
#5618=CARTESIAN_POINT('',(-0.350000000000001,35.9250002059986,-5.87653778445718));
#5619=CARTESIAN_POINT('',(11.575,5.64999999999991,-5.87654043118175));
#5620=CARTESIAN_POINT('',(47.3500000000001,18.0750002059986,-5.87653934495374));
#5621=CARTESIAN_POINT('Origin',(23.5,27.500000030598,-5.87654092512044));
#5622=CARTESIAN_POINT('',(30.4250000000001,55.3500000000001,-5.87653608626976));
#5623=CARTESIAN_POINT('',(9.65,44.3500000000001,-5.8765370479203));
#5624=CARTESIAN_POINT('',(9.65,41.4250002059985,-5.8765373036319));
#5625=CARTESIAN_POINT('',(-0.350000000000001,44.3500000000001,-5.8765370479203));
#5626=CARTESIAN_POINT('',(16.575,44.3500000000001,-5.8765370479203));
#5627=CARTESIAN_POINT('',(-0.350000000000001,35.9250002059986,-5.87653778445718));
#5628=CARTESIAN_POINT('Origin',(23.5,27.500000030598,-5.87654092512044));
#5629=CARTESIAN_POINT('',(-0.350000000000001,35.9250002059986,-5.87653778445718));
#5630=CARTESIAN_POINT('',(37.3500000000001,35.9250002059986,-5.87653778445718));
#5631=CARTESIAN_POINT('Origin',(6.62131373577274,-2.35000000000009,0.));
#5632=CARTESIAN_POINT('',(6.62131373577274,-0.350000000000094,0.));
#5633=CARTESIAN_POINT('',(6.62131373577274,-0.350000000000094,-0.75692));
#5634=CARTESIAN_POINT('',(6.62131373577274,-2.35000000000009,0.));
#5635=CARTESIAN_POINT('',(6.62131373577274,12.575,0.));
#5636=CARTESIAN_POINT('',(6.62131373577274,-2.35000000000009,-0.75692));
#5637=CARTESIAN_POINT('Origin',(40.5178476139142,-0.350000000000094,0.));
#5638=CARTESIAN_POINT('',(40.5178476139142,-2.35000000000009,0.));
#5639=CARTESIAN_POINT('',(40.5178476139142,-2.35000000000009,-0.75692));
#5640=CARTESIAN_POINT('',(40.5178476139142,-0.350000000000094,0.));
#5641=CARTESIAN_POINT('',(40.5178476139142,13.575,0.));
#5642=CARTESIAN_POINT('',(40.5178476139142,-0.350000000000094,-0.75692));
#5643=CARTESIAN_POINT('Origin',(6.65,-0.350000000000094,-1.51384));
#5644=CARTESIAN_POINT('',(-0.35,-0.350000000000094,0.));
#5645=CARTESIAN_POINT('',(-0.35,-0.350000000000094,-1.51384));
#5646=CARTESIAN_POINT('',(20.5357377881635,-0.350000000000095,0.));
#5647=CARTESIAN_POINT('Origin',(6.65,-0.350000000000094,-1.51384));
#5648=CARTESIAN_POINT('',(17.5714755763269,-0.350000000000094,-1.51384));
#5649=CARTESIAN_POINT('',(6.65,-0.350000000000094,-7.87654092512044));
#5650=CARTESIAN_POINT('Origin',(17.5714755763269,-0.350000000000094,-1.51384));
#5651=CARTESIAN_POINT('',(17.5714755763269,5.46674878073035,-5.87654092512044));
#5652=CARTESIAN_POINT('Origin',(47.3500000000001,-0.350000000000094,-1.51384));
#5653=CARTESIAN_POINT('',(47.3500000000001,-0.35000000000009,0.));
#5654=CARTESIAN_POINT('',(35.4250000000001,-0.350000000000095,0.));
#5655=CARTESIAN_POINT('',(47.3500000000001,-0.35000000000009,-1.51384));
#5656=CARTESIAN_POINT('Origin',(38.5983615626549,-2.35000000000009,-1.51384));
#5657=CARTESIAN_POINT('',(49.3500000000001,-2.35000000000009,0.));
#5658=CARTESIAN_POINT('',(49.3500000000001,-2.35000000000009,-1.51384));
#5659=CARTESIAN_POINT('',(31.0491807813275,-2.35000000000009,0.));
#5660=CARTESIAN_POINT('Origin',(-2.34999999999999,-2.35000000000009,-1.51384));
#5661=CARTESIAN_POINT('',(-2.35,-2.35000000000009,0.));
#5662=CARTESIAN_POINT('',(10.575,-2.35000000000009,0.));
#5663=CARTESIAN_POINT('',(-2.35,-2.35000000000009,-1.51384));
#5664=CARTESIAN_POINT('Origin',(-2.35,57.3500000000001,-1.51384));
#5665=CARTESIAN_POINT('',(-2.35,57.3500000000001,0.));
#5666=CARTESIAN_POINT('',(-2.34999999999999,42.4250000000001,0.));
#5667=CARTESIAN_POINT('',(-2.35,57.3500000000001,-1.51384));
#5668=CARTESIAN_POINT('Origin',(49.3500000000001,57.3500000000001,-1.51384));
#5669=CARTESIAN_POINT('',(49.3500000000001,57.3500000000001,0.));
#5670=CARTESIAN_POINT('',(36.4250000000001,57.3500000000001,0.));
#5671=CARTESIAN_POINT('',(49.3500000000001,57.3500000000001,-1.51384));
#5672=CARTESIAN_POINT('Origin',(49.3500000000001,-2.35000000000009,-1.51384));
#5673=CARTESIAN_POINT('',(49.3500000000001,12.575,0.));
#5674=CARTESIAN_POINT('Origin',(23.5,27.5,0.));
#5675=CARTESIAN_POINT('',(-0.35,55.3500000000001,0.));
#5676=CARTESIAN_POINT('',(-0.350000000000001,13.575,0.));
#5677=CARTESIAN_POINT('',(47.3500000000001,55.3500000000001,0.));
#5678=CARTESIAN_POINT('',(11.575,55.3500000000001,0.));
#5679=CARTESIAN_POINT('',(47.3500000000001,41.425,0.));
#5680=CARTESIAN_POINT('Origin',(23.5,27.5,-1.51384));
#5681=CARTESIAN_POINT('',(47.3500000000001,55.3500000000001,-1.51384));
#5682=CARTESIAN_POINT('',(37.3500000000001,55.3500000000001,-1.51384));
#5683=CARTESIAN_POINT('',(11.575,55.3500000000001,-1.51384));
#5684=CARTESIAN_POINT('',(37.3500000000001,44.3500000000001,-1.51384));
#5685=CARTESIAN_POINT('',(37.3500000000001,55.3500000000001,-1.51384));
#5686=CARTESIAN_POINT('',(47.3500000000001,44.3500000000001,-1.51384));
#5687=CARTESIAN_POINT('',(37.3500000000001,44.3500000000001,-1.51384));
#5688=CARTESIAN_POINT('',(47.3500000000001,41.425,-1.51384));
#5689=CARTESIAN_POINT('',(42.4,52.,-1.51384));
#5690=CARTESIAN_POINT('Origin',(44.,52.,-1.51384));
#5691=CARTESIAN_POINT('Origin',(23.5,27.5,-1.51384));
#5692=CARTESIAN_POINT('',(-0.35,55.3500000000001,-1.51384));
#5693=CARTESIAN_POINT('',(-0.35,44.3500000000001,-1.51384));
#5694=CARTESIAN_POINT('',(-0.350000000000001,13.575,-1.51384));
#5695=CARTESIAN_POINT('',(9.65,44.3500000000001,-1.51384));
#5696=CARTESIAN_POINT('',(9.65,44.3500000000001,-1.51384));
#5697=CARTESIAN_POINT('',(9.65,55.3500000000001,-1.51384));
#5698=CARTESIAN_POINT('',(9.65,55.3500000000001,-1.51384));
#5699=CARTESIAN_POINT('',(11.575,55.3500000000001,-1.51384));
#5700=CARTESIAN_POINT('',(1.4,52.,-1.51384));
#5701=CARTESIAN_POINT('Origin',(3.,52.,-1.51384));
#5702=CARTESIAN_POINT('Origin',(38.5983615626549,5.46674878073035,-5.87654092512044));
#5703=CARTESIAN_POINT('',(38.5983615626549,5.46674878073035,-5.87654092512044));
#5704=CARTESIAN_POINT('Origin',(38.5983615626549,8.64999999999991,-1.51384));
#5705=CARTESIAN_POINT('',(38.5983615626549,8.64999999999991,-1.51384));
#5706=CARTESIAN_POINT('',(47.3500000000001,8.64999999999991,-1.51384));
#5707=CARTESIAN_POINT('Origin',(38.5983615626549,-4.35000000000009,-1.51384));
#5708=CARTESIAN_POINT('Origin',(-4.35,59.3500000000001,-1.51384));
#5709=CARTESIAN_POINT('Origin',(44.,52.,-1.51384));
#5710=CARTESIAN_POINT('',(42.4,52.,-1.51384));
#5711=CARTESIAN_POINT('Origin',(3.,3.,-1.51384));
#5712=CARTESIAN_POINT('',(1.4,3.,-1.51384));
#5713=CARTESIAN_POINT('Origin',(3.,52.,-1.51384));
#5714=CARTESIAN_POINT('',(1.4,52.,-1.51384));
#5715=CARTESIAN_POINT('Origin',(44.,3.,-1.51384));
#5716=CARTESIAN_POINT('',(42.4,3.,-1.51384));
#5717=CARTESIAN_POINT('Origin',(6.65,5.64999999999991,-1.51384));
#5718=CARTESIAN_POINT('',(6.65,5.64999999999991,-1.51384));
#5719=CARTESIAN_POINT('Origin',(-0.35,5.64999999999991,-1.51384));
#5720=CARTESIAN_POINT('',(-0.35,5.64999999999991,-1.51384));
#5721=CARTESIAN_POINT('Origin',(-0.35,44.3500000000001,-1.51384));
#5722=CARTESIAN_POINT('',(-0.35,44.3500000000001,-1.51384));
#5723=CARTESIAN_POINT('',(-0.35,55.3500000000001,-1.51384));
#5724=CARTESIAN_POINT('Origin',(9.65,44.3500000000001,-1.51384));
#5725=CARTESIAN_POINT('',(9.65,44.3500000000001,-1.51384));
#5726=CARTESIAN_POINT('Origin',(9.65,55.3500000000001,-1.51384));
#5727=CARTESIAN_POINT('',(9.65,55.3500000000001,-1.51384));
#5728=CARTESIAN_POINT('Origin',(37.3500000000001,55.3500000000001,-1.51384));
#5729=CARTESIAN_POINT('',(37.3500000000001,55.3500000000001,-5.87653608626976));
#5730=CARTESIAN_POINT('',(37.3500000000001,55.3500000000001,-7.87654092512044));
#5731=CARTESIAN_POINT('',(37.3500000000001,55.3500000000001,-1.51384));
#5732=CARTESIAN_POINT('',(47.3500000000001,55.3500000000001,-1.51384));
#5733=CARTESIAN_POINT('Origin',(37.3500000000001,44.3500000000001,-1.51384));
#5734=CARTESIAN_POINT('',(37.3500000000001,44.3500000000001,-1.51384));
#5735=CARTESIAN_POINT('Origin',(47.3500000000001,44.3500000000001,-1.51384));
#5736=CARTESIAN_POINT('',(47.3500000000001,44.3500000000001,-1.51384));
#5737=CARTESIAN_POINT('Origin',(47.3500000000001,8.64999999999991,-1.51384));
#5738=CARTESIAN_POINT('Origin',(48.3500000000001,56.3500000000001,0.));
#5739=CARTESIAN_POINT('',(48.3500000000001,59.3500000000001,3.54999944));
#5740=CARTESIAN_POINT('',(51.3500000000001,56.3500000000001,3.54999944));
#5741=CARTESIAN_POINT('Origin',(48.3500000000001,56.3500000000001,3.54999944));
#5742=CARTESIAN_POINT('',(51.3500000000001,56.3500000000001,-1.51384));
#5743=CARTESIAN_POINT('',(51.3500000000001,56.3500000000001,0.));
#5744=CARTESIAN_POINT('',(48.3500000000001,59.3500000000001,-1.51384));
#5745=CARTESIAN_POINT('Origin',(48.3500000000001,56.3500000000001,-1.51384));
#5746=CARTESIAN_POINT('',(48.3500000000001,59.3500000000001,0.));
#5747=CARTESIAN_POINT('Origin',(51.3500000000001,59.3500000000001,0.));
#5748=CARTESIAN_POINT('',(-1.35,59.3500000000001,-1.51384));
#5749=CARTESIAN_POINT('',(9.57500000000002,59.3500000000001,-1.51384));
#5750=CARTESIAN_POINT('',(-1.35,59.3500000000001,3.54999944));
#5751=CARTESIAN_POINT('',(-1.35,59.3500000000001,0.));
#5752=CARTESIAN_POINT('',(51.3500000000001,59.3500000000001,3.54999944));
#5753=CARTESIAN_POINT('Origin',(23.5,27.5,-1.51384));
#5754=CARTESIAN_POINT('',(51.3500000000001,-1.3500000000001,-1.51384));
#5755=CARTESIAN_POINT('',(51.3500000000001,43.4250000000001,-1.51384));
#5756=CARTESIAN_POINT('',(48.3500000000001,-4.35000000000009,-1.51384));
#5757=CARTESIAN_POINT('Origin',(48.3500000000001,-1.35000000000009,-1.51384));
#5758=CARTESIAN_POINT('',(40.5178476139142,-4.35000000000009,-1.51384));
#5759=CARTESIAN_POINT('',(37.4250000000001,-4.35000000000009,-1.51384));
#5760=CARTESIAN_POINT('',(40.5178476139142,-2.35000000000009,-1.51384));
#5761=CARTESIAN_POINT('',(40.5178476139142,11.575,-1.51384));
#5762=CARTESIAN_POINT('',(49.3500000000001,-2.35000000000009,-1.51384));
#5763=CARTESIAN_POINT('',(32.0089238069571,-2.3500000000001,-1.51384));
#5764=CARTESIAN_POINT('',(49.3500000000001,57.3500000000001,-1.51384));
#5765=CARTESIAN_POINT('',(49.3500000000001,12.575,-1.51384));
#5766=CARTESIAN_POINT('',(-2.35,57.3500000000001,-1.51384));
#5767=CARTESIAN_POINT('',(36.4250000000001,57.3500000000001,-1.51384));
#5768=CARTESIAN_POINT('',(-2.35,-2.35000000000009,-1.51384));
#5769=CARTESIAN_POINT('',(-2.35,42.4250000000001,-1.51384));
#5770=CARTESIAN_POINT('',(6.62131373577274,-2.35000000000009,-1.51384));
#5771=CARTESIAN_POINT('',(10.575,-2.3500000000001,-1.51384));
#5772=CARTESIAN_POINT('',(6.62131373577274,-4.35000000000009,-1.51384));
#5773=CARTESIAN_POINT('',(6.62131373577274,12.575,-1.51384));
#5774=CARTESIAN_POINT('',(-1.35,-4.35000000000009,-1.51384));
#5775=CARTESIAN_POINT('',(15.0606568678864,-4.35000000000009,-1.51384));
#5776=CARTESIAN_POINT('',(-4.35,-1.3500000000001,-1.51384));
#5777=CARTESIAN_POINT('Origin',(-1.35,-1.3500000000001,-1.51384));
#5778=CARTESIAN_POINT('',(-4.35,56.3500000000001,-1.51384));
#5779=CARTESIAN_POINT('',(-4.35,11.575,-1.51384));
#5780=CARTESIAN_POINT('Origin',(-1.35,56.3500000000001,-1.51384));
#5781=CARTESIAN_POINT('Origin',(-1.35,56.3500000000001,0.));
#5782=CARTESIAN_POINT('',(-4.35,56.3500000000001,3.54999944));
#5783=CARTESIAN_POINT('Origin',(-1.35,56.3500000000001,3.54999944));
#5784=CARTESIAN_POINT('',(-4.35,56.3500000000001,0.));
#5785=CARTESIAN_POINT('Origin',(-4.35,59.3500000000001,0.));
#5786=CARTESIAN_POINT('',(-4.35,-1.3500000000001,3.54999944));
#5787=CARTESIAN_POINT('',(-4.35,-1.3500000000001,0.));
#5788=CARTESIAN_POINT('',(-4.35,59.3500000000001,3.54999944));
#5789=CARTESIAN_POINT('Origin',(48.3500000000001,-1.35000000000009,0.));
#5790=CARTESIAN_POINT('',(51.3500000000001,-1.35000000000009,3.54999944));
#5791=CARTESIAN_POINT('',(48.3500000000001,-4.3500000000001,3.54999944));
#5792=CARTESIAN_POINT('Origin',(48.3500000000001,-1.35000000000009,3.54999944));
#5793=CARTESIAN_POINT('',(48.3500000000001,-4.35000000000009,0.));
#5794=CARTESIAN_POINT('',(51.3500000000001,-1.35000000000009,0.));
#5795=CARTESIAN_POINT('Origin',(51.3500000000001,-4.35000000000009,0.));
#5796=CARTESIAN_POINT('',(51.3500000000001,-4.35000000000009,3.54999944));
#5797=CARTESIAN_POINT('Origin',(-1.35,-1.3500000000001,0.));
#5798=CARTESIAN_POINT('',(-1.35,-4.35000000000009,3.54999944));
#5799=CARTESIAN_POINT('Origin',(-1.35,-1.3500000000001,3.54999944));
#5800=CARTESIAN_POINT('',(-1.35,-4.35000000000009,0.));
#5801=CARTESIAN_POINT('Origin',(23.5,27.5,3.54999944));
#5802=CARTESIAN_POINT('',(6.62131373577274,-4.35000000000009,3.54999944));
#5803=CARTESIAN_POINT('',(-4.35,-4.35000000000009,3.54999944));
#5804=CARTESIAN_POINT('',(6.62131373577274,5.64999999999991,3.54999944));
#5805=CARTESIAN_POINT('',(6.62131373577274,-4.35000000000009,3.54999944));
#5806=CARTESIAN_POINT('',(5.39998876319937,5.64999999999991,3.54999944));
#5807=CARTESIAN_POINT('',(6.62131373577274,5.64999999999991,3.54999944));
#5808=CARTESIAN_POINT('',(5.39998876319937,10.149997442695,3.54999944));
#5809=CARTESIAN_POINT('',(5.39998876319938,49.3500000000001,3.54999944));
#5810=CARTESIAN_POINT('',(3.39998876319938,10.149997442695,3.54999944));
#5811=CARTESIAN_POINT('',(13.4499943815997,10.149997442695,3.54999944));
#5812=CARTESIAN_POINT('',(3.39998876319938,23.348333631845,3.54999944));
#5813=CARTESIAN_POINT('',(3.39998876319938,25.4241668159225,3.54999944));
#5814=CARTESIAN_POINT('',(0.539999622949555,25.1539965789789,3.54999944));
#5815=CARTESIAN_POINT('Origin',(2.53999962294955,25.1539965789789,3.54999944));
#5816=CARTESIAN_POINT('',(0.539999622949555,26.1539965789789,3.54999944));
#5817=CARTESIAN_POINT('',(0.539999622949554,26.1539965789789,3.54999944));
#5818=CARTESIAN_POINT('',(3.39998876319938,27.9596595261128,3.54999944));
#5819=CARTESIAN_POINT('Origin',(2.53999962294955,26.1539965789789,3.54999944));
#5820=CARTESIAN_POINT('',(3.39998876319938,29.1903366316311,3.54999944));
#5821=CARTESIAN_POINT('',(3.39998876319938,28.3451683158155,3.54999944));
#5822=CARTESIAN_POINT('',(0.539999622949555,30.995999578765,3.54999944));
#5823=CARTESIAN_POINT('Origin',(2.53999962294955,30.995999578765,3.54999944));
#5824=CARTESIAN_POINT('',(0.539999622949555,31.995999578765,3.54999944));
#5825=CARTESIAN_POINT('',(0.539999622949555,31.995999578765,3.54999944));
#5826=CARTESIAN_POINT('',(3.39998876319938,33.8016625258989,3.54999944));
#5827=CARTESIAN_POINT('Origin',(2.53999962294955,31.995999578765,3.54999944));
#5828=CARTESIAN_POINT('',(3.39998876319938,50.4508037602311,3.54999944));
#5829=CARTESIAN_POINT('',(3.39998876319938,38.9754018801155,3.54999944));
#5830=CARTESIAN_POINT('',(3.39998876319937,53.5491962397689,3.54999944));
#5831=CARTESIAN_POINT('Origin',(3.,52.,3.54999944));
#5832=CARTESIAN_POINT('',(3.39998876319938,55.849997442695,3.54999944));
#5833=CARTESIAN_POINT('',(3.39998876319938,41.6749987213475,3.54999944));
#5834=CARTESIAN_POINT('',(5.39998876319938,55.849997442695,3.54999944));
#5835=CARTESIAN_POINT('',(14.4499943815997,55.849997442695,3.54999944));
#5836=CARTESIAN_POINT('',(5.39998876319938,53.849997442695,3.54999944));
#5837=CARTESIAN_POINT('',(5.39998876319938,19.8249987213475,3.54999944));
#5838=CARTESIAN_POINT('',(9.39998876319938,53.849997442695,3.54999944));
#5839=CARTESIAN_POINT('',(5.39998876319938,53.849997442695,3.54999944));
#5840=CARTESIAN_POINT('',(9.39998876319938,55.849997442695,3.54999944));
#5841=CARTESIAN_POINT('',(9.39998876319938,41.6749987213475,3.54999944));
#5842=CARTESIAN_POINT('',(37.5999887631994,55.849997442695,3.54999944));
#5843=CARTESIAN_POINT('',(30.5499943815997,55.849997442695,3.54999944));
#5844=CARTESIAN_POINT('',(37.5999887631994,53.849997442695,3.54999944));
#5845=CARTESIAN_POINT('',(37.5999887631994,40.6749987213475,3.54999944));
#5846=CARTESIAN_POINT('',(41.5999887631994,53.849997442695,3.54999944));
#5847=CARTESIAN_POINT('',(5.39998876319938,53.849997442695,3.54999944));
#5848=CARTESIAN_POINT('',(41.5999887631994,55.849997442695,3.54999944));
#5849=CARTESIAN_POINT('',(41.5999887631994,41.6749987213475,3.54999944));
#5850=CARTESIAN_POINT('',(43.5999887631994,55.849997442695,3.54999944));
#5851=CARTESIAN_POINT('',(33.5499943815997,55.849997442695,3.54999944));
#5852=CARTESIAN_POINT('',(43.5999887631994,53.5491904371101,3.54999944));
#5853=CARTESIAN_POINT('',(43.5999887631994,40.524595218555,3.54999944));
#5854=CARTESIAN_POINT('',(45.6,52.,3.54999944));
#5855=CARTESIAN_POINT('Origin',(44.,52.,3.54999944));
#5856=CARTESIAN_POINT('',(43.5999887631994,50.45080956289,3.54999944));
#5857=CARTESIAN_POINT('Origin',(44.,52.,3.54999944));
#5858=CARTESIAN_POINT('',(43.5999887631994,10.149997442695,3.54999944));
#5859=CARTESIAN_POINT('',(43.5999887631994,18.8249987213475,3.54999944));
#5860=CARTESIAN_POINT('',(41.5999887631994,10.149997442695,3.54999944));
#5861=CARTESIAN_POINT('',(13.4499943815997,10.149997442695,3.54999944));
#5862=CARTESIAN_POINT('',(41.5999887631994,7.64999999999991,3.54999944));
#5863=CARTESIAN_POINT('',(41.5999887631994,49.3500000000001,3.54999944));
#5864=CARTESIAN_POINT('',(40.5178476139142,7.64999999999991,3.54999944));
#5865=CARTESIAN_POINT('',(47.3500000000001,7.64999999999991,3.54999944));
#5866=CARTESIAN_POINT('',(40.5178476139142,-4.35000000000009,3.54999944));
#5867=CARTESIAN_POINT('',(40.5178476139142,7.64999999999991,3.54999944));
#5868=CARTESIAN_POINT('',(40.5178476139142,-4.3500000000001,3.54999944));
#5869=CARTESIAN_POINT('',(45.6,3.,3.54999944));
#5870=CARTESIAN_POINT('Origin',(44.,3.,3.54999944));
#5871=CARTESIAN_POINT('',(4.6,3.,3.54999944));
#5872=CARTESIAN_POINT('Origin',(3.,3.,3.54999944));
#5873=CARTESIAN_POINT('Origin',(41.5999887631994,53.849997442695,8.29168131149761));
#5874=CARTESIAN_POINT('',(37.5999887631994,53.849997442695,6.29168295504574));
#5875=CARTESIAN_POINT('',(41.5999887631994,53.849997442695,6.2916813114976));
#5876=CARTESIAN_POINT('',(32.5499887631994,53.849997442695,6.2916813114976));
#5877=CARTESIAN_POINT('',(37.5999887631993,53.849997442695,8.29168131149761));
#5878=CARTESIAN_POINT('',(37.5999887631993,53.849997442695,8.29168131149761));
#5879=CARTESIAN_POINT('',(41.5999887631994,53.849997442695,8.29168131149761));
#5880=CARTESIAN_POINT('',(32.5499887631994,53.849997442695,8.29168131149761));
#5881=CARTESIAN_POINT('',(41.5999887631994,53.849997442695,8.29168131149761));
#5882=CARTESIAN_POINT('Origin',(23.4999887631994,32.999997442695,6.2916813114976));
#5883=CARTESIAN_POINT('',(41.5999887631994,49.4883792364921,6.2916813114976));
#5884=CARTESIAN_POINT('',(41.5999887631994,44.424997442695,6.29168312989133));
#5885=CARTESIAN_POINT('',(34.0454444268385,53.849997442695,6.2916813114976));
#5886=CARTESIAN_POINT('',(34.6050559702002,53.5269055674935,6.2916813114976));
#5887=CARTESIAN_POINT('',(16.4499886956285,53.849997442695,6.29168203054965));
#5888=CARTESIAN_POINT('Origin',(37.5999887631994,55.849997442695,3.54999944));
#5889=CARTESIAN_POINT('',(41.5999887631994,55.849997442695,8.29168131149761));
#5890=CARTESIAN_POINT('',(41.5999887631994,55.849997442695,3.54999944));
#5891=CARTESIAN_POINT('',(43.5999887631994,55.849997442695,8.29168131149761));
#5892=CARTESIAN_POINT('',(3.39998876319938,55.849997442695,8.29168131149761));
#5893=CARTESIAN_POINT('',(43.5999887631994,55.849997442695,6.2916813114976));
#5894=CARTESIAN_POINT('Origin',(37.5999887631994,55.849997442695,3.54999944));
#5895=CARTESIAN_POINT('',(5.39998876319938,55.849997442695,8.29168131149761));
#5896=CARTESIAN_POINT('',(5.39998876319938,55.849997442695,3.54999944));
#5897=CARTESIAN_POINT('',(3.39998876319938,55.849997442695,8.29168131149761));
#5898=CARTESIAN_POINT('',(3.39998876319938,55.849997442695,3.54999944));
#5899=CARTESIAN_POINT('',(3.39998876319938,55.849997442695,8.29168131149761));
#5900=CARTESIAN_POINT('Origin',(-2.35,57.3500000000001,0.));
#5901=CARTESIAN_POINT('',(-2.35,57.3500000000001,0.));
#5902=CARTESIAN_POINT('',(-2.35,57.3500000000001,0.));
#5903=CARTESIAN_POINT('',(-2.35,-2.35000000000009,0.));
#5904=CARTESIAN_POINT('',(-2.35,42.4250000000001,0.));
#5905=CARTESIAN_POINT('',(-2.35,-2.35000000000009,0.));
#5906=CARTESIAN_POINT('Origin',(49.3500000000001,57.3500000000001,0.));
#5907=CARTESIAN_POINT('',(49.3500000000001,57.3500000000001,0.));
#5908=CARTESIAN_POINT('',(49.3500000000001,57.3500000000001,0.));
#5909=CARTESIAN_POINT('',(36.4250000000001,57.3500000000001,0.));
#5910=CARTESIAN_POINT('Origin',(49.3500000000001,-2.35000000000009,0.));
#5911=CARTESIAN_POINT('',(49.3500000000001,-2.35000000000009,0.));
#5912=CARTESIAN_POINT('',(49.3500000000001,-2.35000000000009,0.));
#5913=CARTESIAN_POINT('',(49.3500000000001,12.575,0.));
#5914=CARTESIAN_POINT('Origin',(40.5178476139142,-2.35000000000009,0.));
#5915=CARTESIAN_POINT('',(40.5178476139142,-2.35000000000009,0.));
#5916=CARTESIAN_POINT('',(40.5178476139142,-2.35000000000009,0.));
#5917=CARTESIAN_POINT('',(32.0089238069571,-2.3500000000001,0.));
#5918=CARTESIAN_POINT('Origin',(-2.35,-2.35000000000009,0.));
#5919=CARTESIAN_POINT('',(6.62131373577274,-2.35000000000009,0.));
#5920=CARTESIAN_POINT('',(10.575,-2.3500000000001,0.));
#5921=CARTESIAN_POINT('',(6.62131373577274,-2.35000000000009,0.));
#5922=CARTESIAN_POINT('Origin',(30.8581759596208,12.149997442695,8.29168131149761));
#5923=CARTESIAN_POINT('',(5.39998876319938,26.8482886736288,6.2916813114976));
#5924=CARTESIAN_POINT('',(30.8581759596208,12.149997442695,6.2916813114976));
#5925=CARTESIAN_POINT('',(23.5846983437364,16.3493417021706,6.2916813114976));
#5926=CARTESIAN_POINT('',(5.39998876319938,26.8482886736288,8.29168131149761));
#5927=CARTESIAN_POINT('',(5.39998876319938,26.8482886736288,8.29168131149761));
#5928=CARTESIAN_POINT('',(30.8581759596208,12.149997442695,8.29168131149761));
#5929=CARTESIAN_POINT('',(23.5846983437364,16.3493417021706,8.29168131149761));
#5930=CARTESIAN_POINT('',(30.8581759596208,12.149997442695,8.29168131149761));
#5931=CARTESIAN_POINT('Origin',(5.39998876319935,29.1576897503873,8.29168131149761));
#5932=CARTESIAN_POINT('',(34.8581759596208,12.149997442695,6.2916813114976));
#5933=CARTESIAN_POINT('',(5.39998876319935,29.1576897503873,6.2916813114976));
#5934=CARTESIAN_POINT('',(11.3556047455256,25.7192132598012,6.2916813114976));
#5935=CARTESIAN_POINT('',(34.8581759596208,12.149997442695,8.29168131149761));
#5936=CARTESIAN_POINT('',(34.8581759596208,12.149997442695,8.29168131149761));
#5937=CARTESIAN_POINT('',(5.39998876319935,29.1576897503873,8.29168131149761));
#5938=CARTESIAN_POINT('',(11.3556047455256,25.7192132598012,8.29168131149761));
#5939=CARTESIAN_POINT('',(5.39998876319935,29.1576897503873,8.29168131149761));
#5940=CARTESIAN_POINT('Origin',(41.5999887631994,26.563593544349,8.29168131149761));
#5941=CARTESIAN_POINT('',(5.39998876319938,47.4636732890134,6.2916813114976));
#5942=CARTESIAN_POINT('',(41.5999887631994,26.563593544349,6.2916813114976));
#5943=CARTESIAN_POINT('',(33.4189664419532,31.2869089837668,6.2916813114976));
#5944=CARTESIAN_POINT('',(5.39998876319938,47.4636732890134,8.29168131149761));
#5945=CARTESIAN_POINT('',(5.39998876319938,47.4636732890134,8.29168131149761));
#5946=CARTESIAN_POINT('',(41.5999887631994,26.563593544349,8.29168131149761));
#5947=CARTESIAN_POINT('',(33.4189664419532,31.2869089837668,8.29168131149761));
#5948=CARTESIAN_POINT('',(41.5999887631994,26.563593544349,8.29168131149761));
#5949=CARTESIAN_POINT('Origin',(5.39998876319935,49.7730743657719,8.29168131149761));
#5950=CARTESIAN_POINT('',(41.5999887631994,28.8729946211075,6.2916813114976));
#5951=CARTESIAN_POINT('',(5.39998876319935,49.7730743657719,6.2916813114976));
#5952=CARTESIAN_POINT('',(15.8189664419531,43.7576747982627,6.2916813114976));
#5953=CARTESIAN_POINT('',(41.5999887631994,28.8729946211075,8.29168131149761));
#5954=CARTESIAN_POINT('',(41.5999887631994,28.8729946211075,8.29168131149761));
#5955=CARTESIAN_POINT('',(5.39998876319935,49.7730743657719,8.29168131149761));
#5956=CARTESIAN_POINT('',(15.8189664419531,43.7576747982627,8.29168131149761));
#5957=CARTESIAN_POINT('',(5.39998876319935,49.7730743657719,8.29168131149761));
#5958=CARTESIAN_POINT('Origin',(41.5999887631994,47.1789781597336,8.29168131149761));
#5959=CARTESIAN_POINT('',(30.0454444268385,53.849997442695,6.2916813114976));
#5960=CARTESIAN_POINT('',(41.5999887631994,47.1789781597336,6.2916813114976));
#5961=CARTESIAN_POINT('',(37.8823281383806,49.3253705222283,6.2916813114976));
#5962=CARTESIAN_POINT('',(30.0454444268385,53.849997442695,8.29168131149761));
#5963=CARTESIAN_POINT('',(30.0454444268385,53.849997442695,8.29168131149761));
#5964=CARTESIAN_POINT('',(41.5999887631994,47.1789781597336,8.29168131149761));
#5965=CARTESIAN_POINT('',(37.8823281383806,49.3253705222283,8.29168131149761));
#5966=CARTESIAN_POINT('',(41.5999887631994,47.1789781597336,8.29168131149761));
#5967=CARTESIAN_POINT('Origin',(34.0454444268385,53.849997442695,8.29168131149761));
#5968=CARTESIAN_POINT('',(41.5999887631994,49.4883792364921,8.29168131149761));
#5969=CARTESIAN_POINT('',(41.5999887631994,49.4883792364921,8.29168131149761));
#5970=CARTESIAN_POINT('',(34.0454444268385,53.849997442695,8.29168131149761));
#5971=CARTESIAN_POINT('',(34.6050559702002,53.5269055674935,8.29168131149761));
#5972=CARTESIAN_POINT('',(34.0454444268385,53.849997442695,8.29168131149761));
#5973=CARTESIAN_POINT('Origin',(41.5999887631994,31.7174396981951,8.29168131149761));
#5974=CARTESIAN_POINT('',(5.39998876319938,52.6175194428596,6.2916813114976));
#5975=CARTESIAN_POINT('',(41.5999887631994,31.7174396981951,6.2916813114976));
#5976=CARTESIAN_POINT('',(34.53480686606,35.7965243683822,6.2916813114976));
#5977=CARTESIAN_POINT('',(5.39998876319938,52.6175194428596,8.29168131149761));
#5978=CARTESIAN_POINT('',(5.39998876319938,52.6175194428596,8.29168131149761));
#5979=CARTESIAN_POINT('',(41.5999887631994,31.7174396981951,8.29168131149761));
#5980=CARTESIAN_POINT('',(34.53480686606,35.7965243683822,8.29168131149761));
#5981=CARTESIAN_POINT('',(41.5999887631994,31.7174396981951,8.29168131149761));
#5982=CARTESIAN_POINT('Origin',(7.26527424827352,53.849997442695,8.29168131149761));
#5983=CARTESIAN_POINT('',(9.39998876319938,52.6175194428596,8.29168131149761));
#5984=CARTESIAN_POINT('',(9.39998876319938,52.6175194428596,6.2916813114976));
#5985=CARTESIAN_POINT('',(9.39998876319939,52.6175194428596,8.29168131149761));
#5986=CARTESIAN_POINT('',(41.5999887631994,34.0268407749536,6.2916813114976));
#5987=CARTESIAN_POINT('',(17.8674496085971,47.7288286444166,6.2916813114976));
#5988=CARTESIAN_POINT('',(41.5999887631994,34.0268407749536,8.29168131149761));
#5989=CARTESIAN_POINT('',(41.5999887631994,34.0268407749536,8.29168131149761));
#5990=CARTESIAN_POINT('',(17.8674496085971,47.7288286444166,8.29168131149761));
#5991=CARTESIAN_POINT('Origin',(39.7848993524758,12.149997442695,8.29168131149761));
#5992=CARTESIAN_POINT('',(5.39998876319938,32.0021348274749,6.2916813114976));
#5993=CARTESIAN_POINT('',(39.7848993524758,12.149997442695,6.2916813114976));
#5994=CARTESIAN_POINT('',(29.1639004642707,18.2820340098629,6.2916813114976));
#5995=CARTESIAN_POINT('',(5.39998876319938,32.0021348274749,8.29168131149761));
#5996=CARTESIAN_POINT('',(5.39998876319938,32.0021348274749,8.29168131149761));
#5997=CARTESIAN_POINT('',(39.7848993524758,12.149997442695,8.29168131149761));
#5998=CARTESIAN_POINT('',(29.1639004642707,18.2820340098629,8.29168131149761));
#5999=CARTESIAN_POINT('',(39.7848993524758,12.149997442695,8.29168131149761));
#6000=CARTESIAN_POINT('Origin',(5.39998876319935,34.3115359042335,8.29168131149761));
#6001=CARTESIAN_POINT('',(41.5999887631994,13.411456159569,6.2916813114976));
#6002=CARTESIAN_POINT('',(5.39998876319935,34.3115359042335,6.2916813114976));
#6003=CARTESIAN_POINT('',(12.4714451696325,30.2288286444166,6.2916813114976));
#6004=CARTESIAN_POINT('',(41.5999887631994,13.411456159569,8.29168131149761));
#6005=CARTESIAN_POINT('',(41.5999887631994,13.411456159569,8.29168131149761));
#6006=CARTESIAN_POINT('',(5.39998876319935,34.3115359042335,8.29168131149761));
#6007=CARTESIAN_POINT('',(12.4714451696325,30.2288286444166,8.29168131149761));
#6008=CARTESIAN_POINT('',(5.39998876319935,34.3115359042335,8.29168131149761));
#6009=CARTESIAN_POINT('Origin',(21.9314525667658,12.149997442695,8.29168131149761));
#6010=CARTESIAN_POINT('',(5.39998876319938,21.6944425197826,6.2916813114976));
#6011=CARTESIAN_POINT('',(21.9314525667658,12.149997442695,6.2916813114976));
#6012=CARTESIAN_POINT('',(18.005496223202,14.4166493944783,6.2916813114976));
#6013=CARTESIAN_POINT('',(5.39998876319938,21.6944425197826,8.29168131149761));
#6014=CARTESIAN_POINT('',(5.39998876319938,21.6944425197826,8.29168131149761));
#6015=CARTESIAN_POINT('',(21.9314525667658,12.149997442695,8.29168131149761));
#6016=CARTESIAN_POINT('',(18.005496223202,14.4166493944783,8.29168131149761));
#6017=CARTESIAN_POINT('',(21.9314525667658,12.149997442695,8.29168131149761));
#6018=CARTESIAN_POINT('Origin',(5.39998876319935,24.0038435965412,8.29168131149761));
#6019=CARTESIAN_POINT('',(25.9314525667658,12.149997442695,6.2916813114976));
#6020=CARTESIAN_POINT('',(5.39998876319935,24.0038435965412,6.2916813114976));
#6021=CARTESIAN_POINT('',(10.2397643214188,21.2095978751858,6.2916813114976));
#6022=CARTESIAN_POINT('',(25.9314525667658,12.149997442695,8.29168131149761));
#6023=CARTESIAN_POINT('',(25.9314525667658,12.149997442695,8.29168131149761));
#6024=CARTESIAN_POINT('',(5.39998876319935,24.0038435965412,8.29168131149761));
#6025=CARTESIAN_POINT('',(10.2397643214188,21.2095978751858,8.29168131149761));
#6026=CARTESIAN_POINT('',(5.39998876319935,24.0038435965412,8.29168131149761));
#6027=CARTESIAN_POINT('Origin',(41.5999887631994,21.4097473905028,8.29168131149761));
#6028=CARTESIAN_POINT('',(5.39998876319938,42.3098271351673,6.2916813114976));
#6029=CARTESIAN_POINT('',(41.5999887631994,21.4097473905028,6.2916813114976));
#6030=CARTESIAN_POINT('',(32.3031260178463,26.7772935991514,6.2916813114976));
#6031=CARTESIAN_POINT('',(5.39998876319938,42.3098271351673,8.29168131149761));
#6032=CARTESIAN_POINT('',(5.39998876319938,42.3098271351673,8.29168131149761));
#6033=CARTESIAN_POINT('',(41.5999887631994,21.4097473905028,8.29168131149761));
#6034=CARTESIAN_POINT('',(32.3031260178463,26.7772935991514,8.29168131149761));
#6035=CARTESIAN_POINT('',(41.5999887631994,21.4097473905028,8.29168131149761));
#6036=CARTESIAN_POINT('Origin',(5.39998876319935,44.6192282119258,8.29168131149761));
#6037=CARTESIAN_POINT('',(41.5999887631994,23.7191484672613,6.2916813114976));
#6038=CARTESIAN_POINT('',(5.39998876319935,44.6192282119258,6.2916813114976));
#6039=CARTESIAN_POINT('',(14.7031260178463,39.2480594136473,6.2916813114976));
#6040=CARTESIAN_POINT('',(41.5999887631994,23.7191484672613,8.29168131149761));
#6041=CARTESIAN_POINT('',(41.5999887631994,23.7191484672613,8.29168131149761));
#6042=CARTESIAN_POINT('',(5.39998876319935,44.6192282119258,8.29168131149761));
#6043=CARTESIAN_POINT('',(14.7031260178463,39.2480594136473,8.29168131149761));
#6044=CARTESIAN_POINT('',(5.39998876319935,44.6192282119258,8.29168131149761));
#6045=CARTESIAN_POINT('Origin',(41.5999887631994,42.0251320058874,8.29168131149761));
#6046=CARTESIAN_POINT('',(21.1187210339835,53.849997442695,6.2916813114976));
#6047=CARTESIAN_POINT('',(41.5999887631994,42.0251320058874,6.2916813114976));
#6048=CARTESIAN_POINT('',(36.7664877142738,44.815755137613,6.2916813114976));
#6049=CARTESIAN_POINT('',(21.1187210339835,53.849997442695,8.29168131149761));
#6050=CARTESIAN_POINT('',(21.1187210339835,53.849997442695,8.29168131149761));
#6051=CARTESIAN_POINT('',(41.5999887631994,42.0251320058874,8.29168131149761));
#6052=CARTESIAN_POINT('',(36.7664877142738,44.815755137613,8.29168131149761));
#6053=CARTESIAN_POINT('',(41.5999887631994,42.0251320058874,8.29168131149761));
#6054=CARTESIAN_POINT('Origin',(25.1187210339835,53.849997442695,8.29168131149761));
#6055=CARTESIAN_POINT('',(41.5999887631994,44.3345330826459,6.2916813114976));
#6056=CARTESIAN_POINT('',(25.1187210339835,53.849997442695,6.2916813114976));
#6057=CARTESIAN_POINT('',(29.0258538496658,51.5942132598012,6.2916813114976));
#6058=CARTESIAN_POINT('',(41.5999887631994,44.3345330826459,8.29168131149761));
#6059=CARTESIAN_POINT('',(41.5999887631994,44.3345330826459,8.29168131149761));
#6060=CARTESIAN_POINT('',(25.1187210339835,53.849997442695,8.29168131149761));
#6061=CARTESIAN_POINT('',(29.0258538496658,51.5942132598012,8.29168131149761));
#6062=CARTESIAN_POINT('',(25.1187210339835,53.849997442695,8.29168131149761));
#6063=CARTESIAN_POINT('Origin',(41.5999887631994,36.8712858520413,8.29168131149761));
#6064=CARTESIAN_POINT('',(12.1919976411285,53.849997442695,6.2916813114976));
#6065=CARTESIAN_POINT('',(41.5999887631994,36.8712858520413,6.2916813114976));
#6066=CARTESIAN_POINT('',(35.6506472901669,40.3061397529976,6.2916813114976));
#6067=CARTESIAN_POINT('',(12.1919976411285,53.849997442695,8.29168131149761));
#6068=CARTESIAN_POINT('',(12.1919976411285,53.849997442695,8.29168131149761));
#6069=CARTESIAN_POINT('',(41.5999887631994,36.8712858520413,8.29168131149761));
#6070=CARTESIAN_POINT('',(35.6506472901669,40.3061397529976,8.29168131149761));
#6071=CARTESIAN_POINT('',(41.5999887631994,36.8712858520413,8.29168131149761));
#6072=CARTESIAN_POINT('Origin',(16.1919976411285,53.849997442695,8.29168131149761));
#6073=CARTESIAN_POINT('',(41.5999887631994,39.1806869287998,6.2916813114976));
#6074=CARTESIAN_POINT('',(16.1919976411285,53.849997442695,6.2916813114976));
#6075=CARTESIAN_POINT('',(23.4466517291315,49.6615209521089,6.2916813114976));
#6076=CARTESIAN_POINT('',(41.5999887631994,39.1806869287998,8.29168131149761));
#6077=CARTESIAN_POINT('',(41.5999887631994,39.1806869287998,8.29168131149761));
#6078=CARTESIAN_POINT('',(16.1919976411285,53.849997442695,8.29168131149761));
#6079=CARTESIAN_POINT('',(23.4466517291315,49.6615209521089,8.29168131149761));
#6080=CARTESIAN_POINT('',(16.1919976411285,53.849997442695,8.29168131149761));
#6081=CARTESIAN_POINT('Origin',(41.5999887631994,16.2559012366567,8.29168131149761));
#6082=CARTESIAN_POINT('',(5.39998876319938,37.1559809813211,6.2916813114976));
#6083=CARTESIAN_POINT('',(41.5999887631994,16.2559012366567,6.2916813114976));
#6084=CARTESIAN_POINT('',(31.1872855937394,22.267678214536,6.2916813114976));
#6085=CARTESIAN_POINT('',(5.39998876319938,37.1559809813211,8.29168131149761));
#6086=CARTESIAN_POINT('',(5.39998876319938,37.1559809813211,8.29168131149761));
#6087=CARTESIAN_POINT('',(41.5999887631994,16.2559012366567,8.29168131149761));
#6088=CARTESIAN_POINT('',(31.1872855937394,22.267678214536,8.29168131149761));
#6089=CARTESIAN_POINT('',(41.5999887631994,16.2559012366567,8.29168131149761));
#6090=CARTESIAN_POINT('Origin',(5.39998876319935,39.4653820580796,8.29168131149761));
#6091=CARTESIAN_POINT('',(41.5999887631994,18.5653023134152,6.2916813114976));
#6092=CARTESIAN_POINT('',(5.39998876319935,39.4653820580796,6.2916813114976));
#6093=CARTESIAN_POINT('',(13.5872855937394,34.738444029032,6.2916813114976));
#6094=CARTESIAN_POINT('',(41.5999887631994,18.5653023134152,8.29168131149761));
#6095=CARTESIAN_POINT('',(41.5999887631994,18.5653023134152,8.29168131149761));
#6096=CARTESIAN_POINT('',(5.39998876319935,39.4653820580796,8.29168131149761));
#6097=CARTESIAN_POINT('',(13.5872855937394,34.738444029032,8.29168131149761));
#6098=CARTESIAN_POINT('',(5.39998876319935,39.4653820580796,8.29168131149761));
#6099=CARTESIAN_POINT('Origin',(13.0047291739108,12.149997442695,8.29168131149761));
#6100=CARTESIAN_POINT('',(5.39998876319938,16.5405963659365,6.2916813114976));
#6101=CARTESIAN_POINT('',(13.0047291739108,12.149997442695,6.2916813114976));
#6102=CARTESIAN_POINT('',(12.4262941026676,12.483957086786,6.2916813114976));
#6103=CARTESIAN_POINT('',(5.39998876319938,16.5405963659365,8.29168131149761));
#6104=CARTESIAN_POINT('',(5.39998876319938,16.5405963659365,8.29168131149761));
#6105=CARTESIAN_POINT('',(13.0047291739108,12.149997442695,8.29168131149761));
#6106=CARTESIAN_POINT('',(12.4262941026676,12.483957086786,8.29168131149761));
#6107=CARTESIAN_POINT('',(13.0047291739108,12.149997442695,8.29168131149761));
#6108=CARTESIAN_POINT('Origin',(5.39998876319935,18.849997442695,8.29168131149761));
#6109=CARTESIAN_POINT('',(17.0047291739108,12.149997442695,6.2916813114976));
#6110=CARTESIAN_POINT('',(5.39998876319935,18.849997442695,6.2916813114976));
#6111=CARTESIAN_POINT('',(9.1239238973119,16.6999824905704,6.2916813114976));
#6112=CARTESIAN_POINT('',(17.0047291739108,12.149997442695,8.29168131149761));
#6113=CARTESIAN_POINT('',(17.0047291739108,12.149997442695,8.29168131149761));
#6114=CARTESIAN_POINT('',(5.39998876319935,18.849997442695,8.29168131149761));
#6115=CARTESIAN_POINT('',(9.1239238973119,16.6999824905704,8.29168131149761));
#6116=CARTESIAN_POINT('',(5.39998876319935,18.849997442695,8.29168131149761));
#6117=CARTESIAN_POINT('Origin',(23.4999887631994,32.999997442695,6.2916813114976));
#6118=CARTESIAN_POINT('',(5.39998876319938,12.149997442695,6.29168154753867));
#6119=CARTESIAN_POINT('',(32.5499886956285,12.149997442695,6.29168273430315));
#6120=CARTESIAN_POINT('',(5.39998876319938,22.574997442695,6.29168154753868));
#6121=CARTESIAN_POINT('Origin',(23.4999887631994,32.999997442695,6.2916813114976));
#6122=CARTESIAN_POINT('',(5.39998876319938,22.574997442695,6.29168154753868));
#6123=CARTESIAN_POINT('',(41.5999887631994,44.424997442695,6.29168312989133));
#6124=CARTESIAN_POINT('Origin',(23.4999887631994,32.999997442695,6.2916813114976));
#6125=CARTESIAN_POINT('',(41.5999887631994,44.424997442695,6.29168312989133));
#6126=CARTESIAN_POINT('',(16.4499886956285,53.849997442695,6.29168203054965));
#6127=CARTESIAN_POINT('Origin',(23.4999887631994,32.999997442695,6.2916813114976));
#6128=CARTESIAN_POINT('',(41.5999887631994,44.424997442695,6.29168312989133));
#6129=CARTESIAN_POINT('',(5.39998876319938,22.574997442695,6.29168154753868));
#6130=CARTESIAN_POINT('Origin',(23.4999887631994,32.999997442695,6.2916813114976));
#6131=CARTESIAN_POINT('',(32.5499886956285,12.149997442695,6.29168273430315));
#6132=CARTESIAN_POINT('',(5.39998876319938,22.574997442695,6.29168154753868));
#6133=CARTESIAN_POINT('Origin',(23.4999887631994,32.999997442695,6.2916813114976));
#6134=CARTESIAN_POINT('',(5.39998876319938,22.574997442695,6.29168154753868));
#6135=CARTESIAN_POINT('',(32.5499886956285,12.149997442695,6.29168273430315));
#6136=CARTESIAN_POINT('Origin',(23.4999887631994,32.999997442695,6.2916813114976));
#6137=CARTESIAN_POINT('',(5.39998876319938,22.574997442695,6.29168154753868));
#6138=CARTESIAN_POINT('',(41.5999887631994,44.424997442695,6.29168312989133));
#6139=CARTESIAN_POINT('Origin',(23.4999887631994,32.999997442695,6.2916813114976));
#6140=CARTESIAN_POINT('',(9.39998876319938,53.849997442695,6.29168172238429));
#6141=CARTESIAN_POINT('',(9.39998876319937,44.424997442695,6.2916813114976));
#6142=CARTESIAN_POINT('',(16.4499886956285,53.849997442695,6.29168203054965));
#6143=CARTESIAN_POINT('',(41.5999887631994,44.424997442695,6.29168312989133));
#6144=CARTESIAN_POINT('Origin',(23.4999887631994,32.999997442695,6.2916813114976));
#6145=CARTESIAN_POINT('',(41.5999887631994,44.424997442695,6.29168312989133));
#6146=CARTESIAN_POINT('',(16.4499886956285,53.849997442695,6.29168203054965));
#6147=CARTESIAN_POINT('Origin',(23.4999887631994,32.999997442695,6.2916813114976));
#6148=CARTESIAN_POINT('',(41.5999887631994,44.424997442695,6.29168312989133));
#6149=CARTESIAN_POINT('',(5.39998876319938,22.574997442695,6.29168154753868));
#6150=CARTESIAN_POINT('Origin',(23.4999887631994,32.999997442695,8.29168131149761));
#6151=CARTESIAN_POINT('',(37.5999887631993,55.849997442695,8.29168131149761));
#6152=CARTESIAN_POINT('',(37.5999887631993,43.424997442695,8.29168131149761));
#6153=CARTESIAN_POINT('',(9.39998876319938,55.849997442695,8.29168131149761));
#6154=CARTESIAN_POINT('',(3.39998876319938,55.849997442695,8.29168131149761));
#6155=CARTESIAN_POINT('',(9.39998876319937,44.424997442695,8.29168131149761));
#6156=CARTESIAN_POINT('',(41.5999887631994,33.5134191088243,8.29168131149761));
#6157=CARTESIAN_POINT('',(5.39998876319938,42.8087584427773,8.29168131149761));
#6158=CARTESIAN_POINT('',(3.39998876319938,53.5491962397689,8.29168131149761));
#6159=CARTESIAN_POINT('',(3.39998876319938,10.149997442695,8.29168131149761));
#6160=CARTESIAN_POINT('',(4.6,52.,8.2916814601159));
#6161=CARTESIAN_POINT('Origin',(3.,52.,8.29168131149761));
#6162=CARTESIAN_POINT('',(3.39998876319938,50.4508037602311,8.29168131149761));
#6163=CARTESIAN_POINT('Origin',(3.,52.,8.29168131149761));
#6164=CARTESIAN_POINT('',(3.39998876319938,33.8016625258989,8.29168131149761));
#6165=CARTESIAN_POINT('',(3.39998876319938,10.149997442695,8.29168131149761));
#6166=CARTESIAN_POINT('',(4.53999962294955,31.995999578765,8.29168131149761));
#6167=CARTESIAN_POINT('Origin',(2.53999962294955,31.995999578765,8.29168131149761));
#6168=CARTESIAN_POINT('',(4.53999962294955,30.995999578765,8.29168131149761));
#6169=CARTESIAN_POINT('',(4.53999962294955,31.995999578765,8.29168131149761));
#6170=CARTESIAN_POINT('',(3.39998876319938,29.1903366316311,8.29168131149761));
#6171=CARTESIAN_POINT('Origin',(2.53999962294955,30.995999578765,8.29168131149761));
#6172=CARTESIAN_POINT('',(3.39998876319938,27.9596595261128,8.29168131149761));
#6173=CARTESIAN_POINT('',(3.39998876319938,10.149997442695,8.29168131149761));
#6174=CARTESIAN_POINT('',(4.53999962294955,26.1539965789789,8.29168131149761));
#6175=CARTESIAN_POINT('Origin',(2.53999962294955,26.1539965789789,8.29168131149761));
#6176=CARTESIAN_POINT('',(4.53999962294955,25.1539965789789,8.29168131149761));
#6177=CARTESIAN_POINT('',(4.53999962294955,26.1539965789789,8.29168131149761));
#6178=CARTESIAN_POINT('',(3.39998876319938,23.348333631845,8.29168131149761));
#6179=CARTESIAN_POINT('Origin',(2.53999962294955,25.1539965789789,8.29168131149761));
#6180=CARTESIAN_POINT('',(3.39998876319938,10.149997442695,8.29168131149761));
#6181=CARTESIAN_POINT('',(3.39998876319938,10.149997442695,8.29168131149761));
#6182=CARTESIAN_POINT('',(43.5999887631994,10.149997442695,8.29168131149761));
#6183=CARTESIAN_POINT('',(43.5999887631994,10.149997442695,8.29168131149761));
#6184=CARTESIAN_POINT('',(43.5999887631994,50.45080956289,8.29168131149761));
#6185=CARTESIAN_POINT('',(43.5999887631994,55.849997442695,8.29168131149761));
#6186=CARTESIAN_POINT('',(43.5999887631994,53.5491904371101,8.29168131149761));
#6187=CARTESIAN_POINT('Origin',(44.,52.,8.29168131149761));
#6188=CARTESIAN_POINT('',(43.5999887631994,55.849997442695,8.29168131149761));
#6189=CARTESIAN_POINT('',(41.5999887631994,44.424997442695,8.29168131149761));
#6190=CARTESIAN_POINT('',(5.39998876319938,29.9241430581619,8.29168131149761));
#6191=CARTESIAN_POINT('',(29.1790823614101,12.149997442695,8.29168131149761));
#6192=CARTESIAN_POINT('',(5.39998876319938,40.2318353658542,8.29168131149761));
#6193=CARTESIAN_POINT('',(41.5999887631994,30.9364960319012,8.29168131149761));
#6194=CARTESIAN_POINT('',(26.7727165950189,53.849997442695,8.29168131149761));
#6195=CARTESIAN_POINT('',(41.5999887631994,41.2441883395935,8.29168131149761));
#6196=CARTESIAN_POINT('',(5.39998876319938,32.501066135085,8.29168131149761));
#6197=CARTESIAN_POINT('',(41.5999887631994,12.149997442695,8.29168131149761));
#6198=CARTESIAN_POINT('',(41.5999887631994,23.205726801132,8.29168131149761));
#6199=CARTESIAN_POINT('',(32.5499887631994,12.149997442695,8.29168131149761));
#6200=CARTESIAN_POINT('',(5.39998876319938,27.3472199812388,8.29168131149761));
#6201=CARTESIAN_POINT('',(24.7157206649826,12.149997442695,8.29168131149761));
#6202=CARTESIAN_POINT('',(5.39998876319938,37.6549122889311,8.29168131149761));
#6203=CARTESIAN_POINT('',(41.5999887631994,28.3595729549782,8.29168131149761));
#6204=CARTESIAN_POINT('',(22.3093548985914,53.849997442695,8.29168131149761));
#6205=CARTESIAN_POINT('',(41.5999887631994,38.6672652626705,8.29168131149761));
#6206=CARTESIAN_POINT('',(17.8459932021639,53.849997442695,8.29168131149761));
#6207=CARTESIAN_POINT('',(41.5999887631994,36.0903421857474,8.29168131149761));
#6208=CARTESIAN_POINT('',(5.39998876319938,35.0779892120081,8.29168131149761));
#6209=CARTESIAN_POINT('',(41.5999887631994,25.7826498780551,8.29168131149761));
#6210=CARTESIAN_POINT('',(5.39998876319938,24.7702969043157,8.29168131149761));
#6211=CARTESIAN_POINT('',(20.2523589685551,12.149997442695,8.29168131149761));
#6212=CARTESIAN_POINT('Origin',(23.4999887631994,32.999997442695,6.2916813114976));
#6213=CARTESIAN_POINT('',(32.5499886956285,12.149997442695,6.29168273430315));
#6214=CARTESIAN_POINT('',(5.39998876319938,22.574997442695,6.29168154753868));
#6215=CARTESIAN_POINT('Origin',(3.39998876319938,50.4508037602311,3.54999944));
#6216=CARTESIAN_POINT('',(3.39998876319938,50.4508037602311,3.54999944));
#6217=CARTESIAN_POINT('',(3.39998876319938,33.8016625258989,3.54999944));
#6218=CARTESIAN_POINT('Origin',(3.39998876319938,55.849997442695,3.54999944));
#6219=CARTESIAN_POINT('',(3.39998876319937,53.5491962397689,3.54999944));
#6220=CARTESIAN_POINT('Origin',(43.5999887631994,53.5491904371101,3.54999944));
#6221=CARTESIAN_POINT('',(43.5999887631994,53.5491904371101,3.54999944));
#6222=CARTESIAN_POINT('Origin',(43.5999887631994,10.149997442695,3.54999944));
#6223=CARTESIAN_POINT('',(43.5999887631994,10.149997442695,3.54999944));
#6224=CARTESIAN_POINT('',(43.5999887631994,50.45080956289,3.54999944));
#6225=CARTESIAN_POINT('Origin',(3.39998876319938,23.348333631845,3.54999944));
#6226=CARTESIAN_POINT('',(3.39998876319938,23.348333631845,3.54999944));
#6227=CARTESIAN_POINT('',(3.39998876319938,10.149997442695,3.54999944));
#6228=CARTESIAN_POINT('Origin',(3.39998876319938,29.1903366316311,3.54999944));
#6229=CARTESIAN_POINT('',(3.39998876319938,29.1903366316311,3.54999944));
#6230=CARTESIAN_POINT('',(3.39998876319938,27.9596595261128,3.54999944));
#6231=CARTESIAN_POINT('Origin',(37.5999887631994,53.849997442695,3.54999944));
#6232=CARTESIAN_POINT('',(37.5999887631994,53.849997442695,3.54999944));
#6233=CARTESIAN_POINT('',(37.5999887631994,55.849997442695,3.54999944));
#6234=CARTESIAN_POINT('Origin',(9.39998876319938,55.849997442695,3.54999944));
#6235=CARTESIAN_POINT('',(9.39998876319938,55.849997442695,3.54999944));
#6236=CARTESIAN_POINT('',(9.39998876319938,53.849997442695,3.54999944));
#6237=CARTESIAN_POINT('Origin',(37.5999887631994,55.849997442695,3.54999944));
#6238=CARTESIAN_POINT('Origin',(23.5,27.5,1.54999944));
#6239=CARTESIAN_POINT('',(41.5999887631994,53.849997442695,1.54999944));
#6240=CARTESIAN_POINT('',(41.5999887631994,55.3500000000001,1.54999944));
#6241=CARTESIAN_POINT('',(41.5999887631994,41.4250000000001,1.54999944));
#6242=CARTESIAN_POINT('',(5.39998876319938,53.849997442695,1.54999944));
#6243=CARTESIAN_POINT('',(5.39998876319938,53.849997442695,1.54999944));
#6244=CARTESIAN_POINT('',(5.39998876319938,55.3500000000001,1.54999944));
#6245=CARTESIAN_POINT('',(5.39998876319938,38.425,1.54999944));
#6246=CARTESIAN_POINT('',(14.4499943815997,55.3500000000001,1.54999944));
#6247=CARTESIAN_POINT('Origin',(0.539999622949555,25.1539965789789,1.54999944));
#6248=CARTESIAN_POINT('',(0.539999622949555,25.1539965789789,1.54999944));
#6249=CARTESIAN_POINT('',(0.539999622949555,26.1539965789789,1.54999944));
#6250=CARTESIAN_POINT('',(0.539999622949554,26.1539965789789,1.54999944));
#6251=CARTESIAN_POINT('',(0.539999622949555,26.1539965789789,1.54999944));
#6252=CARTESIAN_POINT('',(0.539999622949555,25.1539965789789,1.54999944));
#6253=CARTESIAN_POINT('Origin',(2.53999962294955,25.1539965789789,1.54999944));
#6254=CARTESIAN_POINT('',(4.53999962294955,25.1539965789789,1.54999944));
#6255=CARTESIAN_POINT('Origin',(2.53999962294955,25.1539965789789,1.54999944));
#6256=CARTESIAN_POINT('',(4.53999962294955,25.1539965789789,1.54999944));
#6257=CARTESIAN_POINT('Origin',(4.53999962294955,26.1539965789789,1.54999944));
#6258=CARTESIAN_POINT('',(4.53999962294955,26.1539965789789,1.54999944));
#6259=CARTESIAN_POINT('',(4.53999962294955,25.1539965789789,1.54999944));
#6260=CARTESIAN_POINT('',(4.53999962294955,26.1539965789789,1.54999944));
#6261=CARTESIAN_POINT('Origin',(2.53999962294955,26.1539965789789,1.54999944));
#6262=CARTESIAN_POINT('Origin',(2.53999962294955,26.1539965789789,1.54999944));
#6263=CARTESIAN_POINT('Origin',(41.5999887631994,12.149997442695,1.54999944));
#6264=CARTESIAN_POINT('',(41.5999887631994,12.149997442695,1.54999944));
#6265=CARTESIAN_POINT('',(5.39998876319937,12.149997442695,1.54999944));
#6266=CARTESIAN_POINT('',(5.39998876319937,12.149997442695,1.54999944));
#6267=CARTESIAN_POINT('',(5.39998876319937,12.149997442695,1.54999944));
#6268=CARTESIAN_POINT('',(41.5999887631994,12.149997442695,1.54999944));
#6269=CARTESIAN_POINT('Origin',(5.39998876319938,53.849997442695,1.54999944));
#6270=CARTESIAN_POINT('',(41.5999887631994,53.849997442695,1.54999944));
#6271=CARTESIAN_POINT('',(5.39998876319938,53.849997442695,1.54999944));
#6272=CARTESIAN_POINT('Origin',(0.539999622949555,30.995999578765,1.54999944));
#6273=CARTESIAN_POINT('',(0.539999622949555,30.995999578765,1.54999944));
#6274=CARTESIAN_POINT('',(0.539999622949555,31.995999578765,1.54999944));
#6275=CARTESIAN_POINT('',(0.539999622949555,31.995999578765,1.54999944));
#6276=CARTESIAN_POINT('',(0.539999622949555,31.995999578765,1.54999944));
#6277=CARTESIAN_POINT('',(0.539999622949555,30.995999578765,1.54999944));
#6278=CARTESIAN_POINT('Origin',(2.53999962294955,30.995999578765,1.54999944));
#6279=CARTESIAN_POINT('',(4.53999962294955,30.995999578765,1.54999944));
#6280=CARTESIAN_POINT('Origin',(2.53999962294955,30.995999578765,1.54999944));
#6281=CARTESIAN_POINT('',(4.53999962294955,30.995999578765,1.54999944));
#6282=CARTESIAN_POINT('Origin',(4.53999962294955,31.995999578765,1.54999944));
#6283=CARTESIAN_POINT('',(4.53999962294955,31.995999578765,1.54999944));
#6284=CARTESIAN_POINT('',(4.53999962294955,30.995999578765,1.54999944));
#6285=CARTESIAN_POINT('',(4.53999962294955,31.995999578765,1.54999944));
#6286=CARTESIAN_POINT('Origin',(2.53999962294955,31.995999578765,1.54999944));
#6287=CARTESIAN_POINT('Origin',(2.53999962294955,31.995999578765,1.54999944));
#6288=CARTESIAN_POINT('Origin',(5.39998876319937,5.64999999999991,1.54999944));
#6289=CARTESIAN_POINT('',(5.39998876319937,10.149997442695,1.54999944));
#6290=CARTESIAN_POINT('',(5.39998876319937,5.64999999999991,1.54999944));
#6291=CARTESIAN_POINT('',(5.39998876319938,49.3500000000001,1.54999944));
#6292=CARTESIAN_POINT('',(5.39998876319937,10.149997442695,1.54999944));
#6293=CARTESIAN_POINT('',(5.39998876319937,5.64999999999991,1.54999944));
#6294=CARTESIAN_POINT('Origin',(41.5999887631994,10.149997442695,1.54999944));
#6295=CARTESIAN_POINT('',(41.5999887631994,10.149997442695,1.54999944));
#6296=CARTESIAN_POINT('',(41.5999887631994,7.64999999999991,1.54999944));
#6297=CARTESIAN_POINT('',(41.5999887631994,49.3500000000001,1.54999944));
#6298=CARTESIAN_POINT('',(41.5999887631994,7.64999999999991,1.54999944));
#6299=CARTESIAN_POINT('',(41.5999887631994,10.149997442695,1.54999944));
#6300=CARTESIAN_POINT('Origin',(5.39998876319937,10.149997442695,1.54999944));
#6301=CARTESIAN_POINT('',(5.39998876319937,10.149997442695,1.54999944));
#6302=CARTESIAN_POINT('Origin',(23.5,27.5,1.54999944));
#6303=CARTESIAN_POINT('',(47.3500000000001,7.64999999999991,1.54999944));
#6304=CARTESIAN_POINT('',(35.4250000000001,7.6499999999999,1.54999944));
#6305=CARTESIAN_POINT('',(-0.35,5.64999999999991,1.54999944));
#6306=CARTESIAN_POINT('',(15.0606568678864,5.64999999999991,1.54999944));
#6307=CARTESIAN_POINT('',(-0.35,49.3500000000001,1.54999944));
#6308=CARTESIAN_POINT('',(-0.350000000000001,16.575,1.54999944));
#6309=CARTESIAN_POINT('',(5.39998876319938,49.3500000000001,1.54999944));
#6310=CARTESIAN_POINT('',(11.575,49.3500000000001,1.54999944));
#6311=CARTESIAN_POINT('',(5.39998876319938,49.3500000000001,1.54999944));
#6312=CARTESIAN_POINT('',(41.5999887631994,49.3500000000001,1.54999944));
#6313=CARTESIAN_POINT('',(41.5999887631994,49.3500000000001,1.54999944));
#6314=CARTESIAN_POINT('',(47.3500000000001,49.3500000000001,1.54999944));
#6315=CARTESIAN_POINT('',(32.5499943815997,49.3500000000001,1.54999944));
#6316=CARTESIAN_POINT('',(47.3500000000001,38.425,1.54999944));
#6317=CARTESIAN_POINT('Origin',(41.5999887631994,49.3500000000001,0.));
#6318=CARTESIAN_POINT('',(41.5999887631994,49.3500000000001,0.));
#6319=CARTESIAN_POINT('',(41.5999887631994,49.3500000000001,0.));
#6320=CARTESIAN_POINT('',(47.3500000000001,49.3500000000001,0.));
#6321=CARTESIAN_POINT('',(41.5999887631994,49.3500000000001,0.));
#6322=CARTESIAN_POINT('',(47.3500000000001,49.3500000000001,0.));
#6323=CARTESIAN_POINT('Origin',(41.5999887631994,55.3500000000001,0.));
#6324=CARTESIAN_POINT('',(41.5999887631994,55.3500000000001,0.));
#6325=CARTESIAN_POINT('',(41.5999887631994,55.3500000000001,0.));
#6326=CARTESIAN_POINT('',(41.5999887631994,55.3500000000001,0.));
#6327=CARTESIAN_POINT('Origin',(5.39998876319938,55.3500000000001,0.));
#6328=CARTESIAN_POINT('',(5.39998876319938,55.3500000000001,0.));
#6329=CARTESIAN_POINT('',(5.39998876319938,55.3500000000001,0.));
#6330=CARTESIAN_POINT('',(-0.35,55.3500000000001,0.));
#6331=CARTESIAN_POINT('Origin',(5.39998876319938,49.3500000000001,0.));
#6332=CARTESIAN_POINT('',(5.39998876319938,49.3500000000001,0.));
#6333=CARTESIAN_POINT('',(5.39998876319938,49.3500000000001,0.));
#6334=CARTESIAN_POINT('',(5.39998876319938,55.3500000000001,0.));
#6335=CARTESIAN_POINT('Origin',(-0.35,49.3500000000001,0.));
#6336=CARTESIAN_POINT('',(-0.35,49.3500000000001,0.));
#6337=CARTESIAN_POINT('',(-0.35,49.3500000000001,0.));
#6338=CARTESIAN_POINT('',(5.39998876319938,49.3500000000001,0.));
#6339=CARTESIAN_POINT('Origin',(-0.35,5.64999999999991,0.));
#6340=CARTESIAN_POINT('',(-0.35,5.64999999999991,0.));
#6341=CARTESIAN_POINT('',(-0.35,5.64999999999991,0.));
#6342=CARTESIAN_POINT('',(-0.35,-0.350000000000094,0.));
#6343=CARTESIAN_POINT('Origin',(6.62131373577274,5.64999999999991,0.));
#6344=CARTESIAN_POINT('',(6.62131373577274,5.64999999999991,0.));
#6345=CARTESIAN_POINT('',(6.62131373577274,5.64999999999991,0.));
#6346=CARTESIAN_POINT('',(6.62131373577274,5.64999999999991,0.));
#6347=CARTESIAN_POINT('Origin',(6.62131373577274,-4.35000000000009,0.));
#6348=CARTESIAN_POINT('',(6.62131373577274,-4.35000000000009,1.54999944));
#6349=CARTESIAN_POINT('',(6.62131373577274,-0.350000000000094,0.));
#6350=CARTESIAN_POINT('Origin',(3.,3.,0.));
#6351=CARTESIAN_POINT('',(4.6,3.,0.));
#6352=CARTESIAN_POINT('',(4.6,3.,0.));
#6353=CARTESIAN_POINT('Origin',(3.,3.,0.));
#6354=CARTESIAN_POINT('Origin',(44.,52.,0.));
#6355=CARTESIAN_POINT('',(45.6,52.,0.));
#6356=CARTESIAN_POINT('',(45.6,52.,0.));
#6357=CARTESIAN_POINT('Origin',(44.,52.,0.));
#6358=CARTESIAN_POINT('Origin',(44.,3.,0.));
#6359=CARTESIAN_POINT('',(45.6,3.,0.));
#6360=CARTESIAN_POINT('',(45.6,3.,0.));
#6361=CARTESIAN_POINT('Origin',(44.,3.,0.));
#6362=CARTESIAN_POINT('Origin',(3.,52.,0.));
#6363=CARTESIAN_POINT('',(4.6,52.,0.));
#6364=CARTESIAN_POINT('',(4.6,52.,0.));
#6365=CARTESIAN_POINT('Origin',(3.,52.,0.));
#6366=CARTESIAN_POINT('Origin',(-4.35,-4.35000000000009,0.));
#6367=CARTESIAN_POINT('Origin',(40.5178476139142,-4.35000000000009,0.));
#6368=CARTESIAN_POINT('',(40.5178476139142,-4.35000000000009,0.));
#6369=CARTESIAN_POINT('Origin',(40.5178476139142,7.64999999999991,0.));
#6370=CARTESIAN_POINT('',(40.5178476139142,7.64999999999991,0.));
#6371=CARTESIAN_POINT('',(40.5178476139142,7.64999999999991,0.));
#6372=CARTESIAN_POINT('',(40.5178476139142,-0.350000000000094,0.));
#6373=CARTESIAN_POINT('Origin',(47.3500000000001,7.64999999999991,0.));
#6374=CARTESIAN_POINT('',(47.3500000000001,7.64999999999991,0.));
#6375=CARTESIAN_POINT('',(47.3500000000001,7.64999999999991,0.));
#6376=CARTESIAN_POINT('',(40.5178476139142,7.64999999999991,0.));
#6377=CARTESIAN_POINT('Origin',(47.3500000000001,49.3500000000001,0.));
#6378=CARTESIAN_POINT('',(47.3500000000001,55.3500000000001,0.));
#6379=CARTESIAN_POINT('Origin',(23.5,27.5,0.));
#6380=UNCERTAINTY_MEASURE_WITH_UNIT(LENGTH_MEASURE(0.01),#6384,
'DISTANCE_ACCURACY_VALUE',
'Maximum model space distance between geometric entities at asserted c
onnectivities');
#6381=UNCERTAINTY_MEASURE_WITH_UNIT(LENGTH_MEASURE(0.01),#6384,
'DISTANCE_ACCURACY_VALUE',
'Maximum model space distance between geometric entities at asserted c
onnectivities');
#6382=(
GEOMETRIC_REPRESENTATION_CONTEXT(3)
GLOBAL_UNCERTAINTY_ASSIGNED_CONTEXT((#6380))
GLOBAL_UNIT_ASSIGNED_CONTEXT((#6384,#6385,#6386))
REPRESENTATION_CONTEXT('','3D')
);
#6383=(
GEOMETRIC_REPRESENTATION_CONTEXT(3)
GLOBAL_UNCERTAINTY_ASSIGNED_CONTEXT((#6381))
GLOBAL_UNIT_ASSIGNED_CONTEXT((#6384,#6385,#6386))
REPRESENTATION_CONTEXT('','3D')
);
#6384=(
LENGTH_UNIT()
NAMED_UNIT(*)
SI_UNIT(.MILLI.,.METRE.)
);
#6385=(
NAMED_UNIT(*)
PLANE_ANGLE_UNIT()
SI_UNIT($,.RADIAN.)
);
#6386=(
NAMED_UNIT(*)
SI_UNIT($,.STERADIAN.)
SOLID_ANGLE_UNIT()
);
#6387=SHAPE_DEFINITION_REPRESENTATION(#6388,#6389);
#6388=PRODUCT_DEFINITION_SHAPE('',$,#6391);
#6389=SHAPE_REPRESENTATION('',(#4040),#6382);
#6390=PRODUCT_DEFINITION_CONTEXT('part definition',#6395,'design');
#6391=PRODUCT_DEFINITION('case','case v5',#6392,#6390);
#6392=PRODUCT_DEFINITION_FORMATION('',$,#6397);
#6393=PRODUCT_RELATED_PRODUCT_CATEGORY('case v5','case v5',(#6397));
#6394=APPLICATION_PROTOCOL_DEFINITION('international standard',
'automotive_design',2009,#6395);
#6395=APPLICATION_CONTEXT(
'Core Data for Automotive Mechanical Design Process');
#6396=PRODUCT_CONTEXT('part definition',#6395,'mechanical');
#6397=PRODUCT('case','case v5',$,(#6396));
#6398=PRESENTATION_STYLE_ASSIGNMENT((#6399));
#6399=SURFACE_STYLE_USAGE(.BOTH.,#6400);
#6400=SURFACE_SIDE_STYLE('',(#6401));
#6401=SURFACE_STYLE_FILL_AREA(#6402);
#6402=FILL_AREA_STYLE('Steel - Satin',(#6403));
#6403=FILL_AREA_STYLE_COLOUR('Steel - Satin',#6404);
#6404=COLOUR_RGB('Steel - Satin',0.627450980392157,0.627450980392157,0.627450980392157);
ENDSEC;
END-ISO-10303-21;
